      ES32F0100/0101/0131 

            32  MCU
           ES32F0100
           ES32F0101
           ES32F0131

      

 
 
 


            2024-5-16

V1.6                                            1/578
©                      http://www.essemi.com
              ES32F0100/0101/0131 

            

1   ................................................................................................................... 28

1. 1  ............................................................................................. 28

2   ................................................................................................................... 29

2. 1  .......................................................................................................................... 29

2. 2  ................................................................................................................... 29

2. 3 ............................................................................................................ 30

   2. 3. 1 ARM 32  Cortex-M0  ....................................................................... 31

   2. 3. 2   .................................................................................. 32

   2. 3. 3   .................................................................................................... 32

   2. 3. 4   .................................................................................................... 33

   2. 3. 5   .................................................................................................... 33

   2. 3. 6   .................................................................................. 33

   2. 3. 7   ........................................................................................................ 34

   2. 3. 8   .................................................................................................... 36

   2. 3. 9   .................................................................................................... 37

3  ............................................................................................................ 38

3. 1  .......................................................................................................................... 38

3. 2 ARM Cortex-M0  ........................................................................................ 38

   3. 2. 1 ARM Cortex-M0  ........................................................................................ 38

   3. 2. 2  ............................................................................................................ 38

   3. 2. 3  .......................................................................................... 38

   3. 2. 4   .................................................................................................... 38

3. 3 ................................................................................................. 39

   3. 3. 1  ................................................................................................. 39

   3. 3. 2   ............................................................................................. 39

3. 4 ................................................................................................. 41

   3. 4. 1  .......................................................................................... 41

   3. 4. 2   .................................................................................................... 41

3. 5 ................................................................................................. 42

   3. 5. 1   ...................................................................................... 42

3. 6 ............................................................................................................ 44

   3. 6. 1 DMA  ............................................................................................... 44

   3. 6. 2  ............................................................................... 46

   3. 6. 2. 1 .................................................................... 46

   3. 6. 2. 2  ................................................. 46

   3. 6. 3  ............................................................................... 46

   3. 6. 3. 1 .................................................................... 46

   3. 6. 3. 2  ................................................. 46

   3. 6. 4   ............................................................................................. 46

   3. 6. 4. 1 HOSC  ................................................................... 46

   3. 6. 4. 2 HRC ...................................................................... 47

   3. 6. 4. 3 LRC  ...................................................................... 47

V1.6                                   2/578
©             http://www.essemi.com
             ES32F0100/0101/0131 

3. 7 ............................................................................................................ 47

   3. 7. 1    IO ............................................................................. 47

   3. 7. 1. 1 ............................................................................... 47

3. 8  ............................................................................................................... 48

   3. 8. 1   ................................................................................................. 48

   3. 8. 1. 1  ........................................................................... 48

   3. 8. 1. 2 ............................................................................... 48

   3. 8. 1. 3  ............................................................ 48

   3. 8. 2   .......................................................................................... 48

   3. 8. 2. 1  ........................................................................... 48

   3. 8. 2. 2 ............................................................................... 48

   3. 8. 2. 3  ............................................................ 48

3. 9  ................................................................................................................... 49

   3. 9. 1. 1 I2C  ................................................................................... 49

   3. 9. 1. 2 I2C ................................................................. 49

   3. 9. 2   SPI......................................................................... 49

   3. 9. 2. 1 SPI.............................................................. 49

   3. 9. 2. 2 SPI............................................ 49

   3. 9. 3   USART............................................................... 50

   3. 9. 3. 1 USART ............................................ 50

   3. 9. 3. 2 USART .......................... 50

3. 10  ................................................................................................................... 51

   3. 10. 1  ADC ............................................................................................ 51

   3. 10. 1. 1 ADC ..................................................................................... 51

   3. 10. 1. 2 ADC  ............................................................................. 51

   3. 10. 1. 3 ADC .......................................................................... 52

   3. 10. 1. 4 ADC  ........................................................................................ 52

   3. 10. 1. 5 ADC  ...................................................................... 52

   3. 10. 2  ACMP  ......................................................................................... 52

   3. 10. 2. 1 ACMP .................................................................................. 52

   3. 10. 2. 2 ACMP  .......................................................................... 52

   3. 10. 2. 3 ACMP ....................................................................... 52

   3. 10. 2. 4 ACMP  ..................................................................................... 52

   3. 10. 2. 5 ACMP  ................................................................... 53

4   .................................................................................................... 54

4. 1  .......................................................................................................................... 54

4. 2  ................................................................................................................... 55

   4. 2. 1 S0Cortex-M0 .................................................................................. 55

   4. 2. 2 S1DMA  .................................................................................................. 55

   4. 2. 3    .................................................................................................... 55

   4. 2. 4 AHB/APB ............................................................................................... 55

4. 3  .................................................................................................... 55

   4. 3. 1   .......................................................................................... 55

   4. 3. 2 FLASH  ........................................................................................... 56

V1.6                                  3/578
©            http://www.essemi.com
            ES32F0100/0101/0131 

   4. 3. 3 SRAM ............................................................................................. 56

   4. 3. 4   ............................................................................................. 56

4. 4  ................................................................................................................... 56

5  MSC......................................................................................... 57

5. 1  .......................................................................................................................... 57

5. 2  .......................................................................................................................... 57

5. 3  ................................................................................................................... 57

5. 4  ................................................................................................................... 58

   5. 4. 1 Flash  ......................................................................................................... 58

   5. 4. 1. 1 IAP  KEY .............................................................................. 58

   5. 4. 1. 2 Flash  ................................................................................... 58

   5. 4. 1. 3 Flash  ............................................................................ 58

   5. 4. 1. 4  Flash  ...................................................................................... 58

   5. 4. 1. 5 Flash ................................................................................ 59

   5. 4. 2 Flash ........................................................................................... 59

   5. 4. 3 Flash  ............................................................................ 59

   5. 4. 4 Flash ...................................................................................................... 60

   5. 4. 5 Flash ...................................................................................................... 60

   5. 4. 6 Flash  FIFO......................................................................................... 61

   5. 4. 7 IAP ................................................................................... 61

   5. 4. 7. 1 CODE  .......................................................................... 61

   5. 4. 7. 2 CODE ....................................................................... 61

   5. 4. 7. 3 CODE  .............................................................................. 61

   5. 4. 7. 4 DATA ............................................................................ 61

   5. 4. 7. 5 DATA  ........................................................................ 62

   5. 4. 7. 6 DATA  ............................................................................... 62

5. 5  ........................................................................................................ 63

   5. 5. 1  ................................................................................................. 63

   5. 5. 2  ................................................................................................. 64

   5. 5. 2. 1 FLASH MSC_FLASHKEY.......................... 64

   5. 5. 2. 2 FLASH MSC_FLASHADDR....................... 65

   5. 5. 2. 3 FLASH  FIFO MSC_FLASHFIFO ............................. 65

   5. 5. 2. 4 FLASH MSC_FLASHDR ................................... 66

   5. 5. 2. 5 FLASH MSC_FLASHCMD ....................................... 66

   5. 5. 2. 6 FLASH MSC_FLASHCR .......................................... 67

   5. 5. 2. 7 FLASH MSC_FLASHSR........................................... 68

   5. 5. 2. 8 MSC_MEMWAIT ............................. 69

   5. 5. 2. 9 FLASH MSC_FLASHADDINV ............ 70

6  SYSCFG.................................................................................. 71

6. 1  .......................................................................................................................... 71

6. 2  .......................................................................................................................... 71

6. 3  ................................................................................................................... 71

   6. 3. 1   ...................................................................................... 71

   6. 3. 2   ............................................................................................. 71

V1.6                                 4/578
©           http://www.essemi.com
            ES32F0100/0101/0131 

6. 4  ........................................................................................................ 72

   6. 4. 1  ................................................................................................. 72

   6. 4. 2  ................................................................................................. 73

   6. 4. 2. 1 SYSCFG_PROT ............................................ 73

   6. 4. 2. 2 SYSCFG_MEMRMP .................................. 73

   6. 4. 2. 3 SYSCFG_VTOR......................................... 74

   6. 4. 2. 4 TIM SYSCFG_TBKCFG ................................ 74

7  PMU.............................................................................. 75

7. 1  .......................................................................................................................... 75

7. 2  .......................................................................................................................... 75

7. 3  ................................................................................................................... 76

7. 4  ................................................................................................................... 77

   7. 4. 1   .................................................................................................... 77

   7. 4. 1. 1  ...................................................................................... 77

   7. 4. 1. 2 ......................................................... 77

   7. 4. 2   .................................................................................................... 77

   7. 4. 2. 1 POR .............................................................................. 77

   7. 4. 2. 2 BOR .............................................................................. 77

   7. 4. 2. 3 LVD ........................................................................... 78

   7. 4. 3  ................................................................................................. 79

   7. 4. 3. 1  .................................................................................. 79

   7. 4. 3. 2  ...................................................................................... 80

   7. 4. 3. 3  ...................................................................................... 80

   7. 4. 3. 4 RUN ............................................................................................ 80

   7. 4. 3. 5 SLEEP ........................................................................................ 80

   7. 4. 3. 6 STOP .......................................................................................... 80

   7. 4. 3. 7 .................................................................... 80

7. 5  ........................................................................................................ 82

   7. 5. 1  ................................................................................................. 82

   7. 5. 2  ................................................................................................. 83

   7. 5. 2. 1 PMU PMU_CR.......................................................... 83

   7. 5. 2. 2 PMU PMU_SR .......................................................... 84

   7. 5. 2. 3 LVD PMU_LVDCR .................................................... 84

   7. 5. 2. 4 PMU_TWUR...................................................... 85

8  RMU ................................................................................................... 86

8. 1  .......................................................................................................................... 86

8. 2  .......................................................................................................................... 86

8. 3  ................................................................................................................... 86

8. 4  ................................................................................................................... 87

   8. 4. 1   .................................................................................................... 87

   8. 4. 2   .................................................................................................... 87

   8. 4. 3   .................................................................................................... 87

   8. 4. 4   .................................................................................................... 88

   8. 4. 5  ................................................................................................. 88

V1.6                                 5/578
©           http://www.essemi.com
            ES32F0100/0101/0131 

   8. 4. 6 LOCKUP  ................................................................................................... 88

   8. 4. 7   .................................................................................. 88

   8. 4. 8   .................................................................................................... 88

   8. 4. 8. 1 CHIPRST ...................................................................... 88

   8. 4. 8. 2 CPU CPURST...................................................................... 88

   8. 4. 8. 3 SYSRSTREQ ........................................................ 88

   8. 4. 8. 4  ...................................................................................... 88

8. 5  ........................................................................................................ 89

   8. 5. 1  ................................................................................................. 89

   8. 5. 2  ................................................................................................. 90

   8. 5. 2. 1 RMU RMU_CR ......................................................... 90

   8. 5. 2. 2 RMU RMU_RSTSR ........................................... 90

   8. 5. 2. 3 RMU RMU_CRSTSR..................................... 92

   8. 5. 2. 4 AHB1 RMU_AHB1RSTR................................... 93

   8. 5. 2. 5 AHB2 RMU_AHB2RSTR................................... 93

   8. 5. 2. 6 APB RMU_APBRSTR ....................................... 94

9  CMU ................................................................................................... 96

9. 1  .......................................................................................................................... 96

9. 2  .......................................................................................................................... 96

9. 3  ................................................................................................................... 97

9. 4  ................................................................................................................... 98

   9. 4. 1  HOSC ................................................................ 98

   9. 4. 2   RC HRC ............................................................ 98

   9. 4. 3   RC LRC............................................................. 99

   9. 4. 4   ............................................................................................. 99

   9. 4. 5   ............................................................................................. 99

9. 5  ...................................................................................................... 100

   9. 5. 1   ............................................................................................... 100

   9. 5. 2   ............................................................................................... 101

   9. 5. 2. 1 CMU CMU_CSR.............................................. 101

   9. 5. 2. 2 CMU CMU_CFGR .................................................. 102

   9. 5. 2. 3 CMU CMU_CLKENR....................................... 103

   9. 5. 2. 4 CMU CMU_CLKSR ......................................... 104

   9. 5. 2. 5 HOSC CMU_HOSCCFG ........................................ 104

   9. 5. 2. 6 HOSC CMU_HOSMCR............................ 105

   9. 5. 2. 7 CMU CMU_CLKOCR............................... 106

   9. 5. 2. 8 BUZZ CMU_BUZZCR............................................. 107

   9. 5. 2. 9 AHB CMU_AHBENR................................ 108

   9. 5. 2. 10 APB CMU_APBENR ................................ 108

   9. 5. 2. 11 CMU_LPENR ......................... 110

 10  DMA DMA............................................................................................ 111

10. 1  .........................................................................................................................111

10. 2  .........................................................................................................................111

10. 3  ................................................................................................................. 112

V1.6                                 6/578
©           http://www.essemi.com
              ES32F0100/0101/0131 

10. 4  ................................................................................................................. 113

10. 4. 1   ........................................................................................... 113

10. 4. 2  DMA ................................................................................................. 113

10. 4. 2. 1 DMA ...................................................................................... 113

10. 4. 2. 2 ............................................................................................... 114

10. 4. 2. 3 DMA  .................................................................................. 116

10. 4. 2. 4  ........................................................................................... 126

10. 4. 3   .................................................................................... 126

10. 4. 3. 1  ................................................................................ 127

10. 4. 3. 2 .............................................................................127

10. 4. 3. 3  .................................................................................... 127

10. 4. 3. 4  ........................................................................................... 131

10. 5  ...................................................................................................... 133

10. 5. 1  ........................................................................................ 133

10. 5. 2   ............................................................................................... 134

10. 5. 3   ............................................................................................... 135

10. 5. 3. 1 DMA DMA_STATUS ............................................... 135

10. 5. 3. 2 DMA DMA_CFG ..................................................... 136

10. 5. 3. 3 DMA_CTRLBASE ......................... 137

10. 5. 3. 4 DMA_ALTCTRLBASE............ 138

10. 5. 3. 5 DMA_CHWAITSTATUS .................... 138

10. 5. 3. 6 DMA_CHSWREQ .................................... 139

10. 5. 3. 7 DMA_CHUSEBURSTSET ................ 140

10. 5. 3. 8 DMA_CHUSEBURSTCLR................ 141

10. 5. 3. 9 DMA_CHREQMASKSET.................. 141

10. 5. 3. 10  DMA_CHREQMASKCLR .......... 142

10. 5. 3. 11  DMA_CHENSET............................... 143

10. 5. 3. 12  DMA_CHENCLR............................... 144

10. 5. 3. 13  -DMA_CHPRIALTSET ............... 145

10. 5. 3. 14  -DMA_CHPRIALTCLR............... 146

10. 5. 3. 15  DMA_CHPRSET ........................... 147

10. 5. 3. 16  DMA_CHPRCLR ........................... 148

10. 5. 3. 17  DMA_ERRCLR ................................. 149

10. 5. 3. 18  DMA DMA_IFLAG .................................... 150

10. 5. 3. 19  DMA DMA_ICFR............................... 151

10. 5. 3. 20  DMA DMA_IER ................................. 152

10. 5. 3. 21  DMA  0 DMA_CH0_SELCON ........... 153

10. 5. 3. 22  DMA  1 DMA_CH1_SELCON ........... 155

10. 5. 3. 23  DMA  2 DMA_CH2_SELCON ........... 157

10. 5. 3. 24  DMA  3 DMA_CH3_SELCON ........... 159

 11  PIS....................................................................................................161

11. 1  ........................................................................................................................ 161

11. 2  ........................................................................................................................ 161

11. 3  ................................................................................................................. 161

V1.6                                   7/578
©             http://www.essemi.com
          ES32F0100/0101/0131 

11. 4  ................................................................................................................. 162

11. 4. 1   ............................................................................................... 162

11. 4. 2   ............................................................................................... 162

11. 4. 3  PIS ............................................................................................164

11. 4. 4  USART  .....................................................................................165

11. 5  ...................................................................................................... 166

11. 5. 1   ............................................................................................... 166

11. 5. 2   ............................................................................................... 167

11. 5. 2. 1 PIS  0 PIS_CH0_CON ..................................... 167

11. 5. 2. 2 PIS  1 PIS_CH1_CON ..................................... 169

11. 5. 2. 3 PIS  2 PIS_CH2_CON ..................................... 171

11. 5. 2. 4 PIS  3 PIS_CH3_CON ..................................... 173

11. 5. 2. 5 PIS  4 PIS_CH4_CON ..................................... 175

11. 5. 2. 6 PIS  5 PIS_CH5_CON ..................................... 177

11. 5. 2. 7 PIS PIS_CH_OER............................. 179

11. 5. 2. 8 PIS  0PIS_TAR_CON0 ......................... 179

11. 5. 2. 9 PIS  1PIS_TAR_CON1 ......................... 181

11. 5. 2. 10 USART0 USART0_TXMCR ..................... 181

 12  IWDT.............................................................................................183

12. 1  ........................................................................................................................ 183

12. 2  ........................................................................................................................ 183

12. 3  ................................................................................................................. 183

12. 3. 1   ............................................................................................... 184

12. 3. 2   ............................................................................................... 184

12. 3. 3   .................................................................................................. 185

12. 3. 4  ........................................................................................ 185

12. 4  ...................................................................................................... 186

12. 4. 1   ............................................................................................... 186

12. 4. 2   ............................................................................................... 187

12. 4. 2. 1 IWDT IWDT_LOAD .................................. 187

12. 4. 2. 2 IWDT IWDT_VALUE ................................ 187

12. 4. 2. 3 IWDT IWDT_CON................................................... 187

12. 4. 2. 4 IWDT IWDT_INTCLR ............................... 188

12. 4. 2. 5 IWDT IWDT_RIS ............................................. 189

12. 4. 2. 6 IWDT IWDT_LOCK................................................. 189

 13  WWDT ..........................................................................................190

13. 1  ........................................................................................................................ 190

13. 2  ........................................................................................................................ 190

13. 3  ................................................................................................................. 190

13. 3. 1   ............................................................................................... 190

13. 3. 2   .................................................................................................. 192

13. 3. 3  ........................................................................................ 192

13. 4  ...................................................................................................... 193

13. 4. 1   ............................................................................................... 193

V1.6                               8/578
©         http://www.essemi.com
              ES32F0100/0101/0131 

13. 4. 2   ............................................................................................... 194

13. 4. 2. 1 WWDT WWDT_LOAD ............................. 194

13. 4. 2. 2 WWDT WWDT_VALUE............................ 194

13. 4. 2. 3 WWDT WWDT_CON.............................................. 194

13. 4. 2. 4 WWDT WWDT_INTCLR .......................... 195

13. 4. 2. 5 WWDT WWDT_RIS ........................................ 196

13. 4. 2. 6 WWDT WWDT_LOCK............................................ 196

 14   IO GPIO ................................................................................197

14. 1  ........................................................................................................................ 197

14. 2  ........................................................................................................................ 197

14. 3  ................................................................................................................. 198

14. 4  ................................................................................................................. 198

14. 4. 1  ........................................................................................ 198

14. 4. 2  ........................................................................................ 199

14. 4. 3   ........................................................................................... 199

14. 4. 4   GPIO ........................................................................................200

14. 4. 5  ........................................................................................ 200

14. 4. 6   .................................................................................... 201

14. 4. 7  GPIO ................................................................................................201

14. 4. 8  GPIO  ........................................................................................201

14. 4. 9  GPIO  ........................................................................................201

14. 4. 10  ........................................................................................... 202

14. 5  ...................................................................................................... 203

14. 5. 1   ............................................................................................... 203

14. 5. 2   ............................................................................................... 204

14. 5. 2. 1 GPIO GPIO_DIN ...................................... 204

14. 5. 2. 2 GPIO GPIO_DOUT .................................. 204

14. 5. 2. 3 GPIO GPIO_BSRR............................... 205

14. 5. 2. 4 GPIO GPIO_BIR.............................................. 205

14. 5. 2. 5 GPIO GPIO_MODE......................................... 206

14. 5. 2. 6 GPIO GPIO_OD .............................................. 206

14. 5. 2. 7 GPIO GPIO_PUPD............................... 207

14. 5. 2. 8 GPIO GPIO_ODRV .................................. 207

14. 5. 2. 9 GPIO GPIO_FLT.............................................. 208

14. 5. 2. 10  GPIO GPIO_TYPE ................................... 208

14. 5. 2. 11  GPIO  0GPIO_FUNC0 ...................... 209

14. 5. 2. 12  GPIO  1GPIO_FUNC1 ...................... 210

14. 5. 2. 13  GPIO GPIO_LOCK................................... 211

14. 5. 2. 14  GPIO_EXTIRER ............. 212

14. 5. 2. 15  GPIO_EXTIFER.............. 212

14. 5. 2. 16  GPIO_EXTIEN .................................. 213

14. 5. 2. 17  GPIO_EXTIFLAG.............................. 213

14. 5. 2. 18  GPIO_EXTISFR......................... 214

14. 5. 2. 19  GPIO_EXTICFR ........................ 214

V1.6                                   9/578
©             http://www.essemi.com
              ES32F0100/0101/0131 

14. 5. 2. 20   0GPIO_EXTIPSR0 ................... 215

14. 5. 2. 21   1GPIO_EXTIPSR1 ................... 217

14. 5. 2. 22  GPIO_EXTIFLTCR .................... 219

 15  CRC ..........................................................................................220

15. 1  ........................................................................................................................ 220

15. 2  ........................................................................................................................ 220

15. 3  ................................................................................................................. 220

15. 4  ................................................................................................................. 221

15. 4. 1   .................................................................................................. 221

15. 4. 2  DMA .................................................................................................221

15. 5  ...................................................................................................... 223

15. 5. 1   ............................................................................................... 223

15. 5. 2   ............................................................................................... 224

15. 5. 2. 1 CRC CRC_CR ........................................................ 224

15. 5. 2. 2 CRC CRC_DATA................................................. 225

15. 5. 2. 3 CRC CRC_SEED.................................................... 226

15. 5. 2. 4 CRC CRC_CHECKSUM ..................................... 226

 16  AD16C4T......................................................................................227

16. 1  ........................................................................................................................ 227

16. 2  ........................................................................................................................ 227

16. 3  ................................................................................................................. 228

16. 4  ................................................................................................................. 228

16. 4. 1   .................................................................................................. 228

16. 4. 2   ............................................................................................... 230

16. 4. 3   ...................................................................................................... 231

16. 4. 3. 1 INT_CLK ................................................................. 231

16. 4. 3. 2  1.....................................................................................231

16. 4. 3. 3  2.....................................................................................232

16. 4. 3. 4 ITn ....................................................................... 233

16. 4. 4   .................................................................................................. 233

16. 4. 4. 1  .................................................................................... 233

16. 4. 4. 2  .................................................................................... 235

16. 4. 4. 3  .................................................................................... 236

16. 4. 5  / .......................................................................................... 237

16. 4. 6   ........................................................................................... 239

16. 4. 6. 1 PWM  .................................................................................240

16. 4. 7  PWM  ................................................................................................240

16. 4. 7. 1 PWM  .......................................................................... 241

16. 4. 7. 2 PWM  .......................................................................... 241

16. 4. 8   ........................................................................................... 242

16. 4. 8. 1  ..................................................................... 243

16. 4. 8. 2  .................................................................................... 243

16. 4. 9   ............................................................................................... 244

16. 4. 10  ................................................................................ 245

V1.6                                  10/578
©             http://www.essemi.com
              ES32F0100/0101/0131 

16. 4. 11  .................................................................................................. 246

16. 4. 12 ........................................................................................ 248

16. 4. 13  ........................................................................................... 250

16. 4. 14 ........................................................................................ 250

16. 4. 15 ........................................................................................ 250

16. 4. 15. 1   .................................................................................... 250

16. 4. 15. 2   .................................................................................... 251

16. 4. 15. 3   .................................................................................... 252

16. 4. 15. 4   2 ................................................... 253

16. 4. 16 6  PWM  ........................................................................................254

16. 4. 17  .................................................................................................. 254

16. 5  ...................................................................................................... 255

16. 5. 1   ............................................................................................... 255

16. 5. 2   ............................................................................................... 256

16. 5. 2. 1  1AD16C4Tn_CON1 ............................................... 256

16. 5. 2. 2  2AD16C4Tn_CON2 ............................................... 259

16. 5. 2. 3 AD16C4Tn_SMCON.................................... 261

16. 5. 2. 4 AD16C4Tn_IER............................................... 264

16. 5. 2. 5 AD16C4Tn_IDR............................................... 265

16. 5. 2. 6 AD16C4Tn_IVS........................................ 266

16. 5. 2. 7 AD16C4Tn_RIF........................................ 267

16. 5. 2. 8 AD16C4Tn_IFM ....................................... 270

16. 5. 2. 9 AD16C4Tn_ICR............................................... 272

16. 5. 2. 10  AD16C4Tn_SGE ...................................... 273

16. 5. 2. 11  / 1AD16C4Tn_CHMR1 .............. 275

16. 5. 2. 12  / 2AD16C4Tn_CHMR2 .............. 280

16. 5. 2. 13  /AD16C4Tn_CCEP .................... 283

16. 5. 2. 14  AD16C4Tn_COUNT ............................................... 285

16. 5. 2. 15  AD16C4Tn_PRES ....................................... 286

16. 5. 2. 16  AD16C4Tn_AR.............................. 286

16. 5. 2. 17  AD16C4Tn_REPAR ................................. 287

16. 5. 2. 18  / 1AD16C4Tn_CCVAL1 .................... 288

16. 5. 2. 19  / 2AD16C4Tn_CCVAL2 .................... 288

16. 5. 2. 20  / 3AD16C4Tn_CCVAL3 .................... 289

16. 5. 2. 21  / 4AD16C4Tn_CCVAL4 .................... 289

16. 5. 2. 22  AD16C4Tn_BDCFG ...................... 290

16. 5. 2. 23  DMA AD16C4Tn_DMAEN............................... 293

 17  GP16C2T0~2................................................................................294

17. 1  ........................................................................................................................ 294

17. 2  ........................................................................................................................ 294

17. 3 .....................................................................................................................295

17. 4  ................................................................................................................. 295

17. 4. 1   .................................................................................................. 295

17. 4. 2   ............................................................................................... 296

V1.6                                  11/578
©             http://www.essemi.com
              ES32F0100/0101/0131 

17. 4. 3   ...................................................................................................... 296

17. 4. 3. 1 INT_CLK ................................................................. 296

17. 4. 3. 2  1.....................................................................................297

17. 4. 3. 3 ITn ....................................................................... 298

17. 4. 4   .................................................................................................. 298

17. 4. 4. 1  .................................................................................... 298

17. 4. 5  / .......................................................................................... 300

17. 4. 6   ........................................................................................... 301

17. 4. 6. 1 PWM  .................................................................................303

17. 4. 7  PWM  ................................................................................................303

17. 4. 7. 1 PWM  .......................................................................... 304

17. 4. 8   ........................................................................................... 304

17. 4. 8. 1  .................................................................................... 305

17. 4. 9   ............................................................................................... 305

17. 4. 10  ................................................................................ 306

17. 4. 11  .................................................................................................. 307

17. 4. 12 ........................................................................................ 309

17. 4. 12. 1   .................................................................................... 309

17. 4. 12. 2   .................................................................................... 310

17. 4. 12. 3   .................................................................................... 311

17. 4. 13 ............................................................................................... 311

17. 4. 13. 1  ............................................ 312

17. 4. 13. 2  ............................................ 313

17. 4. 13. 3  ............................................ 314

17. 4. 14  .................................................................................................. 315

17. 5  ...................................................................................................... 316

17. 5. 1   ............................................................................................... 316

17. 5. 2   ............................................................................................... 317

17. 5. 2. 1  1GP16C2Tn_CON1............................................... 317

17. 5. 2. 2  2GP16C2Tn_CON2............................................... 318

17. 5. 2. 3 GP16C2Tn_SMCON ................................... 320

17. 5. 2. 4 GP16C2Tn_IER............................................... 321

17. 5. 2. 5 GP16C2Tn_IDR .............................................. 322

17. 5. 2. 6 GP16C2Tn_IVS ....................................... 323

17. 5. 2. 7 GP16C2Tn_RIF........................................ 324

17. 5. 2. 8 GP16C2Tn_IFM ....................................... 325

17. 5. 2. 9 GP16C2Tn_ICR ....................................... 327

17. 5. 2. 10  GP16C2Tn_SGE........................... 328

17. 5. 2. 11  / 1GP16C2Tn_CHMR1 ..................... 329

17. 5. 2. 12  /GP16C2Tn_CCEP.................... 332

17. 5. 2. 13  GP16C2Tn_COUNT........................................ 334

17. 5. 2. 14  GP16C2Tn_PRES ................................ 334

17. 5. 2. 15  GP16C2Tn_AR..................................... 335

17. 5. 2. 16  GP16C2Tn_REPAR ................................. 335

V1.6                                  12/578
©             http://www.essemi.com
              ES32F0100/0101/0131 

17. 5. 2. 17  / 1GP16C2Tn_CCVAL1 .................... 336

17. 5. 2. 18  / 2GP16C2Tn_CCVAL2 .................... 336

17. 5. 2. 19  GP16C2Tn_BDCFG...................... 337

17. 5. 2. 20  DMA GP16C2Tn_DMAEN ....................... 339

 18  (BS16T)................................................................................................340

18. 1  ........................................................................................................................ 340

18. 2  ........................................................................................................................ 340

18. 3  ................................................................................................................. 340

18. 4  ................................................................................................................. 340

18. 4. 1   .................................................................................................. 340

18. 4. 2   ...................................................................................................... 341

18. 4. 3   ........................................................................................... 341

18. 4. 4   .................................................................................................. 342

18. 5  ...................................................................................................... 342

18. 5. 1   ............................................................................................... 342

18. 5. 2   ............................................................................................... 343

18. 5. 2. 1  1BS16Tn_CON1 .................................................... 343

18. 5. 2. 2 BS16Tn_IER.................................................... 345

18. 5. 2. 3 BS16Tn_IDR ................................................... 345

18. 5. 2. 4 BS16Tn_IVS............................................. 346

18. 5. 2. 5 BS16Tn_RIF............................................. 347

18. 5. 2. 6 BS16Tn_IFM ............................................ 348

18. 5. 2. 7 BS16Tn_ICR ................................................... 348

18. 5. 2. 8 BS16Tn_SGE .................................................. 349

18. 5. 2. 9 BS16Tn_COUNT .................................................... 349

18. 5. 2. 10  BS16Tn_PRES ............................................ 350

18. 5. 2. 11  BS16Tn_AR ............................................. 350

18. 5. 2. 12  DMA BS16Tn_DMAEN.................................... 351

 19  I2C0~1..............................................................................................352

19. 1  ........................................................................................................................ 352

19. 2  ........................................................................................................................ 352

19. 3  ................................................................................................................. 353

19. 4  ................................................................................................................. 354

19. 4. 1   ........................................................................................... 354

19. 4. 2  I2C  ........................................................................................354

19. 4. 3  I2C  ........................................................................................361

19. 4. 4   ........................................................................................... 364

19. 4. 5  SDA/SCL ......................................................................................365

19. 4. 6  SMBus ..................................................................................................... 366

19. 4. 7  DMA .................................................................................................368

19. 4. 8  ........................................................................................ 372

19. 4. 9  I2C  ...................................................................................................373

19. 4. 10 I2C ............................................................................................374

19. 5  ...................................................................................................... 374

V1.6                                  13/578
©             http://www.essemi.com
          ES32F0100/0101/0131 

19. 5. 1   ............................................................................................... 374

19. 5. 2   ............................................................................................... 375

19. 5. 2. 1 I2C  1I2C_CON1..................................................... 375

19. 5. 2. 2 I2C  2I2C_CON2..................................................... 378

19. 5. 2. 3 I2C  1I2C_ADDR1 ........................................... 380

19. 5. 2. 4 I2C  2I2C_ADDR2 ........................................... 380

19. 5. 2. 5 I2C I2C_DATA......................................................... 381

19. 5. 2. 6 I2C  1I2C_STAT1 .................................................... 382

19. 5. 2. 7 I2C  2I2C_STAT2 .................................................... 386

19. 5. 2. 8 I2C I2C_CKCFG .............................................. 388

19. 5. 2. 9 I2C I2C_RT...................................................... 389

 20  SPI ............................................................................................390

20. 1  ........................................................................................................................ 390

20. 2  ........................................................................................................................ 390

20. 3  ................................................................................................................. 391

20. 4  ................................................................................................................. 392

20. 4. 1   .................................................................................................. 392

20. 4. 2  SPI  ........................................................................................395

20. 4. 3  SPI  ........................................................................................396

20. 4. 4  ........................................................................................ 397

20. 4. 5  ........................................................................................ 397

20. 4. 6  CRC  .................................................................................................405

20. 4. 7   .................................................................................................. 406

20. 4. 8  SPI ............................................................................................407

20. 4. 9  DMA .................................................................................................408

20. 4. 10  .................................................................................................. 411

20. 4. 11 SPI  ...................................................................................................412

20. 5  ...................................................................................................... 413

20. 5. 1   ............................................................................................... 413

20. 5. 2   ............................................................................................... 414

20. 5. 2. 1 SPI  1SPI_CON1..................................................... 414

20. 5. 2. 2 SPI  2SPI_CON2..................................................... 416

20. 5. 2. 3 SPI SPI_STAT......................................................... 417

20. 5. 2. 4 SPI SPI_DATA ........................................................ 418

20. 5. 2. 5 SPI CRC SPI_CRCPOLY.................................... 418

20. 5. 2. 6 SPI RX CRC SPI_RXCRC............................................. 419

20. 5. 2. 7 SPI TX CRC SPI_TXCRC ............................................. 420

 21  USART0~1..................................................................... 421

21. 1  ........................................................................................................................ 421

21. 2  ........................................................................................................................ 421

21. 3  ................................................................................................................. 422

21. 4  ................................................................................................................. 423

21. 4. 1   .................................................................................................. 423

21. 4. 2   ...................................................................................................... 423

V1.6                              14/578
©         http://www.essemi.com
              ES32F0100/0101/0131 

21. 4. 3   ...................................................................................................... 424

21. 4. 4   ...................................................................................................... 427

21. 4. 5   ............................................................................................... 430

21. 4. 6   ............................................................................................... 431

21. 4. 7   .................................................................................................. 432

21. 4. 8   ........................................................................................... 433

21. 4. 9   .................................................................................................. 434

21. 4. 10 ........................................................................................ 435

21. 4. 11  ...................................................................................................... 436

21. 4. 12  DMA...........................................................................438

21. 4. 13 ...............................................................................................440

21. 4. 14  ...................................................................................................... 441

21. 5  ...................................................................................................... 442

21. 5. 1   ............................................................................................... 442

21. 5. 2   ............................................................................................... 443

21. 5. 2. 1 USART USART_STAT ............................................ 443

21. 5. 2. 2 USART USART_DATA............................................ 446

21. 5. 2. 3 USART  USART_BAUDCON................................. 447

21. 5. 2. 4 USART  0USART_CON0........................................ 448

21. 5. 2. 5 USART  1USART_CON1........................................ 451

21. 5. 2. 6 USART  2USART_CON2........................................ 453

21. 5. 2. 7 USART USART_GP.......................... 455

 22  ADC ..............................................................................................456

22. 1  ........................................................................................................................ 456

22. 2  ........................................................................................................................ 456

22. 3  ................................................................................................................. 457

22. 4  ................................................................................................................. 458

22. 4. 1  ADC  .................................................................................................458

22. 4. 2  ADC  .................................................................................................458

22. 4. 3   .................................................................................................. 458

22. 4. 4   ........................................................................................... 459

22. 4. 5   ........................................................................................... 459

22. 4. 6   ...................................................................................................... 460

22. 4. 7   ............................................................................................... 460

22. 4. 8   .................................................................................................. 461

22. 4. 9   ........................................................................................... 461

22. 4. 10 ........................................................................................ 461

22. 4. 11  .................................................................................................. 463

22. 4. 12  ..................................................................... 463

22. 4. 13  ......................................................................... 463

22. 4. 14  ........................................................................................... 464

22. 4. 15  .................................................................................................. 464

22. 4. 15. 1   DMA ..................................................................................464

22. 4. 15. 2   DMA ...................................... 464

V1.6                                  15/578
©             http://www.essemi.com
              ES32F0100/0101/0131 

22. 4. 15. 3   DMA  .............................. 464

22. 4. 16 ADC  .................................................................................................465

22. 5  ...................................................................................................... 466

22. 5. 1   ............................................................................................... 466

22. 5. 2   ............................................................................................... 467

22. 5. 2. 1 ADC ADC_STAT ..................................................... 467

22. 5. 2. 2 ADC ADC_CLR....................................................... 468

22. 5. 2. 3 ADC  0ADC_CON0................................................. 469

22. 5. 2. 4 ADC  1ADC_CON1................................................. 471

22. 5. 2. 5 ADC  1ADC_SMPT1........................................ 472

22. 5. 2. 6 ADC  2ADC_SMPT2........................................ 472

22. 5. 2. 7 ADC  3ADC_SMPT3........................................ 473

22. 5. 2. 8 ADC ADC_NCHOFF......................... 474

22. 5. 2. 9 ADC  1ADC_ICHOFF1 ..................... 475

22. 5. 2. 10 ADC  2ADC_ICHOFF2 ..................... 475

22. 5. 2. 11 ADC  3ADC_ICHOFF3 ..................... 476

22. 5. 2. 12 ADC  4ADC_ICHOFF4 ..................... 476

22. 5. 2. 13 ADC  1ADC_NCHS1 ................................ 477

22. 5. 2. 14 ADC  2ADC_NCHS2 ................................ 478

22. 5. 2. 15 ADC  3ADC_NCHS3 ................................ 479

22. 5. 2. 16 ADC  4ADC_NCHS4 ................................ 480

22. 5. 2. 17 ADC ADC_ICHS....................................... 481

22. 5. 2. 18 ADC ADC_CHSL...................................... 482

22. 5. 2. 19 ADC ADC_WDTH .................................... 483

22. 5. 2. 20 ADC ADC_WDTL ..................................... 483

22. 5. 2. 21 ADC  1ADC_ICHDR1............................... 483

22. 5. 2. 22 ADC  2ADC_ICHDR2............................... 484

22. 5. 2. 23 ADC  3ADC_ICHDR3............................... 484

22. 5. 2. 24 ADC  4ADC_ICHDR4............................... 484

22. 5. 2. 25 ADC ADC_NCHDR .................................. 485

22. 5. 2. 26 ADC ADC_CCR............................................... 485

 23  ACMP0~1 .....................................................................................487

23. 1  ........................................................................................................................ 487

23. 2  ........................................................................................................................ 487

23. 3  ................................................................................................................. 488

23. 4  ................................................................................................................. 489

23. 4. 1  ACMP  ..............................................................................................489

23. 4. 1. 1  ........................................................................................... 489

23. 4. 1. 2  .................................................................................................. 489

23. 4. 1. 3  .................................................................................................. 489

23. 4. 2   .................................................................................................. 490

23. 4. 3   .................................................................................................. 490

23. 4. 4   PIS  .......................................................................................490

23. 5  ...................................................................................................... 491

V1.6                                  16/578
©             http://www.essemi.com
          ES32F0100/0101/0131 

23. 5. 1   ............................................................................................... 491

23. 5. 2   ............................................................................................... 492

23. 5. 2. 1 ACMP ACMP _CON ............................................... 492

23. 5. 2. 2 ACMP ACMP_INPUTSEL ............................... 494

23. 5. 2. 3 ACMP ACMP_STAT ............................................... 495

23. 5. 2. 4 ACMP ACMP_IES.................................... 495

23. 5. 2. 5 ACMP ACMP_IEC.................................... 496

23. 5. 2. 6 ACMP ACMP_IEV.................................... 496

23. 5. 2. 7 ACMP ACMP_RIF.................................... 497

23. 5. 2. 8 ACMP ACMP_IFM ................................... 497

23. 5. 2. 9 ACMP ACMP_IFC.................................... 498

23. 5. 2. 10 ACMP ACMP_PORT .............................................. 498

 24  DBGC ...............................................................................................499

24. 1  ........................................................................................................................ 499

24. 2  ........................................................................................................................ 499

24. 3  ................................................................................................................. 499

24. 4  ................................................................................................................. 500

24. 4. 1   .................................................................................................. 500

24. 4. 2   .................................................................................................. 500

24. 4. 3   .................................................................................................. 500

24. 4. 4  MEM-AP  ...................................................................................501

24. 5  ...................................................................................................... 502

24. 5. 1   ............................................................................................... 502

24. 5. 2   ............................................................................................... 502

24. 5. 2. 1 DBG DBG_IDCODE ............................................... 502

24. 5. 2. 2 APB1 DBG_APB1FZ................................ 503

24. 5. 2. 3 APB2 DBG_APB2FZ................................ 503

 25  FLASH ........................................................................................................505

25. 1  ........................................................................................................................ 505

25. 2  ........................................................................................................................ 505

25. 3  ................................................................................................................. 506

25. 3. 1  FLASH ...........................................................................506

25. 3. 1. 1  UID ................................................................................506

25. 3. 1. 2  CHIPID ................................................................... 506

25. 3. 2  FLASH ...........................................................................507

25. 3. 2. 1  CFG_WORD ................................................................. 507

25. 3. 2. 2  CFG_WRP ......................................................... 508

25. 3. 2. 3  CFG_DAFLS.............................................................. 509

25. 3. 2. 4  CHKSUM................................................................ 509

25. 3. 2. 5  CFG_GBRDP ..................................................... 510

25. 3. 2. 6  CFG_PCROP ..................................................... 510

 1 ARM Cortex-M0  ............................................................................................ 511

 1. 1  ................................................................................................................. 511

 1. 2  Cortex-M0  ................................................................ 511

V1.6                              17/578
©         http://www.essemi.com
          ES32F0100/0101/0131 

 1. 2. 1  ........................................................................................ 512

 1. 2. 2  ............................................................................. 512

 1. 2. 3  Cortex-M0  .............................................................. 512

 1. 2. 4  Cortex-M0  .........................................................................512

 1. 3  .............................................................................................................512

 1. 3. 1   ........................................................................................... 512

 1. 3. 1. 1  ................................................................................512

 1. 3. 1. 2  ...........................................................................................513

 1. 3. 1. 3  ................................................................................513

 1. 3. 1. 4  ................................................................................517

 1. 3. 1. 5 ....................................................................................518

 1. 3. 1. 6 Cortex  ................................................. 518

 1. 3. 2  ........................................................................................ 519

 1. 3. 2. 1 .................................................................. 519

 1. 3. 2. 2 .................................................................. 520

 1. 3. 2. 3  ......................................................................... 520

 1. 3. 2. 4  .............................................................. 521

 1. 3. 2. 5  .............................................................. 521

 1. 3. 3   ........................................................................................... 522

 1. 3. 3. 1 ....................................................................................522

 1. 3. 3. 2 ....................................................................................522

 1. 3. 3. 3 .............................................................................523

 1. 3. 3. 4 ........................................................................................523

 1. 3. 3. 5  ................................................................................524

 1. 3. 3. 6  .........................................................................525

 1. 3. 4   ........................................................................................... 527

 1. 3. 4. 1  ...........................................................................................527

 1. 3. 5   ........................................................................................... 528

 1. 3. 5. 1 .............................................................................528

 1. 3. 5. 2  ......................................................................... 529

 1. 3. 5. 3  ..................................................................... 529

 1. 4  .............................................................................................................530

 1. 4. 1  ........................................................................................ 530

 1. 4. 2   ........................................................................................... 532

 1. 4. 3   ................................................................................ 533

 1. 4. 3. 1 ........................................................................................533

 1. 4. 3. 2  PC  SP  ............................................................... 533

 1. 4. 3. 3 ....................................................................................533

 1. 4. 3. 4 ....................................................................................535

 1. 4. 3. 5 PC ....................................................................... 536

 1. 4. 3. 6 ....................................................................................536

 1. 4. 4   ................................................................................ 538

 1. 4. 4. 1 ADR...........................................................................................538

 1. 4. 4. 2 LDR and STR .................................................. 538

V1.6                              18/578
©         http://www.essemi.com
          ES32F0100/0101/0131 

 1. 4. 4. 3 LDR and STR .................................................. 539

 1. 4. 4. 4 LDRPC  .......................................................................... 540

 1. 4. 4. 5 LDM  STM..............................................................................541

 1. 4. 4. 6 PUSH  POP ...........................................................................542

 1. 4. 5  ............................................................................. 543

 1. 4. 5. 1 ADCADDRSBSBC  SUB ............................................ 544

 1. 4. 5. 2 ANDORREOR  BIC ........................................................ 546

 1. 4. 5. 3 ASRLSLLSR  ROR......................................................... 547

 1. 4. 5. 4 CMP  CMN.............................................................................548

 1. 4. 5. 5 MOV  MVN.............................................................................549

 1. 4. 5. 6 MULS ........................................................................................550

 1. 4. 5. 7 REVREV16  REVSH.......................................................... 550

 1. 4. 5. 8 SXT  UXT..............................................................................551

 1. 4. 5. 9 TST............................................................................................552

 1. 4. 6   ................................................................................ 553

 1. 4. 6. 1 BBLBX  BLX ................................................................... 553

 1. 4. 7   ........................................................................................... 555

 1. 4. 7. 1 BKPT .........................................................................................555

 1. 4. 7. 2 CPS ...........................................................................................556

 1. 4. 7. 3 DMB ..........................................................................................556

 1. 4. 7. 4 DSB ...........................................................................................556

 1. 4. 7. 5 ISB.............................................................................................557

 1. 4. 7. 6 MRS ..........................................................................................557

 1. 4. 7. 7 MSR ..........................................................................................558

 1. 4. 7. 8 NOP...........................................................................................558

 1. 4. 7. 9 SEV ...........................................................................................559

 1. 4. 7. 10 SVC ...........................................................................................559

 1. 4. 7. 11 WFE ..........................................................................................559

 1. 4. 7. 12 WFI............................................................................................560

 1. 5  .................................................................................................................561

 1. 5. 1   ARM Cortex-M0 ....................................................................... 561

 1. 5. 2   ......................................................................... 561

 1. 5. 2. 1  CMSIS  Cortex-M0 NVIC  ............................. 562

 1. 5. 2. 2 .................................................................. 562

 1. 5. 2. 3 .................................................................. 563

 1. 5. 2. 4 .................................................................. 563

 1. 5. 2. 5 .................................................................. 564

 1. 5. 2. 6  ..................................................................... 564

 1. 5. 2. 7 ....................................................... 565

 1. 5. 2. 8 NVIC  .............................................................. 566

 1. 5. 3  ........................................................................................ 567

 1. 5. 3. 1 Cortex-M0 SCB  CMSIS  ................................... 567

 1. 5. 3. 2 CPUID  .......................................................................... 567

 1. 5. 3. 3  .............................................................. 567

V1.6                              19/578
©         http://www.essemi.com
          ES32F0100/0101/0131 

 1. 5. 3. 4 ....................................................... 569

 1. 5. 3. 5  ......................................................................... 570

 1. 5. 3. 6  ..................................................................... 570

 1. 5. 3. 7 ....................................................... 571

 1. 5. 3. 8 SCB ................................................................ 571

 1. 5. 4  SysTick ....................................................................... 572

 1. 5. 4. 1 SysTick ....................................................... 572

 1. 5. 4. 2 SysTick  .............................................................. 573

 1. 5. 4. 3 SysTick  .............................................................. 573

 1. 5. 4. 4 SysTick  .............................................................. 573

 1. 5. 4. 5 SysTick ........................................................... 574

 1. 6 Cortex-M0 ........................................................................................575

 ....................................................................................................................................... 578

V1.6                              20/578
©         http://www.essemi.com
      ES32F0100/0101/0131 



 2-1 ...........................................................................................................................29
 3-1 DMA  DMA  ..................................................................................... 44
 3-2  ........................................................................................................ 46
 3-3  ........................................................................................................ 46
 4-1  ................................................................................................................... 54
 5-1  ............................................................................................................ 57
 7-1  ................................................................................................................... 76
 7-2 POR/PDR ............................................................................................................. 77
 7-3 BOR  .....................................................................................................................78
 7-4 LVD  ......................................................................................................................78
 7-5  ............................................................................................................ 79
 8-1  ....................................................................................................................... 86
 9-1 ................................................................................................................ 97
 9-2 HOSC ................................................................................................................... 98
 9-3  ............................................................................................. 98
 10-1 DMA .............................................................................................................. 112
 10-2  ................................................................................................................... 115
 10-3 ....................................................................................................................... 117
 10-4 - ................................................................................................... 121
 10-5 -.......................................................................................................124
 10-6 8  .................................................................... 126
 11-1 PIS  ................................................................................................................161
 11-2  ................................................................................................. 165
 11-3  ................................................................................................. 165
 12-1  ........................................................................................................ 183
 13-1 WWDTWIN  25% ......................... 191
 13-2 WWDTWIN  25%.......................................................... 192
 14-1 GPIO  ............................................................................................................198
 14-2  GPIO  ....................................................................................................200
 15-1 CRC ..............................................................................................................220
 16-1  .................................................................................................... 229
 16-2  .................................................................................................... 230
 16-3  ........................................................................................................ 231
 16-4 I1  ...........................................................................................................231
 16-5  ........................................................................................................ 232
 16-6 ITn  .........................................................................................................233
 16-7 .................................................................................................234
 16-8  ARPEN=0  .....................................................................................234
 16-9  ARPEN=1  .....................................................................................235
 16-10 ...............................................................................................236
 16-11  ...................................................................................................... 237
 16-12 / ............................................................................................................ 237
 16-13 / 1  .............................................................................................238

V1.6                          21/578
©     http://www.essemi.com
                                                                                                        ES32F0100/0101/0131 

 16-14 / .......................................................................................... 238
 16-15 PWM  ...................................................................................................240
 16-16  PWM AR=8 ..................................................................................241
 16-17  PWM AR=8 ..................................................................................242
 16-18  ................................................................................................................. 244
 16-19  ........................................................................................... 245
 16-20  ............................................................................................................. 247
 16-21 ....................................................................................249
 16-22 I1  ........................................................................249
 16-23  ...................................................................................................... 251
 16-24  ...................................................................................................... 252
 16-25  ...................................................................................................... 252
 16-26  2...................................................................... 253
 16-27 6  PWM  ....................................................................................................254
 17-1 GP16C2Tn  ...................................................................................................295
 17-2  .....................................................................................................296
 17-3  .....................................................................................................296
 17-4 .........................................................................................................297
 17-5  ................................................................................................................297
 17-6 ITn  ..........................................................................................................298
 17-7 ..................................................................................................299
 17-8  ARPEN=0  ......................................................................................299
 17-9  ARPEN=1  ......................................................................................300
 17-10 / .............................................................................................................300
 17-11 / 1 ...............................................................................................301
 17-12 /...........................................................................................301
 17-13 PWM  ....................................................................................................303
 17-14  PWM AR=8 .................................................................... 304
 17-15  CHn ...........................................................................................305
 17-16 ..................................................................................................................306
 17-17 ............................................................................................307
 17-18  ..............................................................................................................309
 17-19 .......................................................................................................310
 17-20 .......................................................................................................310
 17-21 ....................................................................................................... 311
 17-22 / ......................................................................................................... 311
 17-23  CH1REF......................................................................... 312
 17-24  1  2 ..........................................................................313
 17-25  ...................................................................... 314
 17-26  1  I1  1  2 ...................................................... 315
 18-1  ............................................................................................. 340
 18-2  .................................................................................................... 341
 19-1 I2C .........................................................................................................353
 19-2 I2C  ................................................................................................................354

V1.6                          22/578
©     http://www.essemi.com
                                                                                                        ES32F0100/0101/0131 

 19-3 I2C  .....................................................................................................355
 19-4 .................................................................................................357
 19-5 .................................................................................................359
 19-6 I2C  2  .................................................................................................360
 19-7 I2C  2 .........................................................................................................361
 19-8 I2C  ..........................................................................................362
 19-9 .................................................................................................364
 19-10 I2C  DMA ........................................................................................................369
 19-11 I2C  DMA  ........................................................................................................371
 19-12 I2C  ..........................................................................................................373
 20-1 SPI  ........................................................................................................391
 20-2 / ........................................................................................ 392
 20-3 ............................................................................................................394
 20-4 /BIDEN=0  RXO=0 TXBE/RXBNE/BUSY  . 400
 20-5 /BIDEN=0  RXO=0 TXBE/RXBNE/BUSY  . 401
 20-6 BIDEN=0  RXO=0 TXBE/BUSY  ..... 402
 20-7 BIDEN=0  RXO=0 TXBE/BUSY  ............ 403
 20-8 BIDEN=0  RXO=1 RXBNE ........................ 404
 20-9 BIDEN =0  RXO=0 TXBE/BUSY  .......................... 404
 20-10  DMA  ...................................................................................................409
 20-11  DMA ....................................................................................................410
 21-1 USART  ..................................................................................................422
 21-2 USART  ...........................................................................................................423
 21-3 ............................................................................................................424
 21-4  TXCIF/TXEMPIF  ..................................................................................426
 21-5 .................................................................................................428
 21-6  .................................................................................. 432
 21-7  .................................................................................. 433
 21-8 USART  ................................................................................................. 434
 21-9 USART  DLEN=1 ....................................................................... 435
 21-10 RX / .............................................................................................. 435
 21-11 ISO 7816-3  ................................................................................................ 436
 21-12  1.5  .........................................................................437
 21-13  DMA  ...................................................................................................438
 21-14  DMA  ...................................................................................................439
 21-15 2  USART .....................................................................................440
 21-16 RTS  ................................................................................................................440
 21-17 USART ....................................................................................................441
 22-1 ADC ..............................................................................................................457
 22-2 ADC  ..........................................................................................................460
 22-3  ........................................................................................................ 463
 22-4  ........................................................................................................ 463
 23-1 ACMP  ...........................................................................................................488
 23-2  ................................................................................................................... 490

V1.6                          23/578
©     http://www.essemi.com
                                                                                                        ES32F0100/0101/0131 

 24-1 SWD  .........................................................................................................499
 24-2 MEM-AP  .......................................................................................................501
 1-1 Cortex-M0 ............................................................................................ 511
 1-2  ............................................................................................... 513
 1-3 APSRIPSREPSR  ..................................................................... 515
 1-4  ARM Cortex-M0  ..........................................................................519
 1-5  ................................................................................................................. 522
 1-6  ..................................................................................................................... 524
 1-7  ............................................................................................... 525
 1-8 ASR #3 ................................................................................................................... 534
 1-9 LSR #3....................................................................................................................534
 1-10 LSL #3 .................................................................................................................. 535
 1-11 ROR #3 ................................................................................................................. 535
 1-12 IPR  ........................................................................................................... 564

V1.6                          24/578
©     http://www.essemi.com
      ES32F0100/0101/0131 



 2-1  ................................................................................................................... 31
 2-2 ARM 32  Cortex-M0  ...................................................................................... 31
 2-3  ............................................................................................................ 32
 2-4 ...........................................................................................................................32
 2-5 ...........................................................................................................................33
 2-6 ...........................................................................................................................33
 2-7 ...........................................................................................................................33
 2-8  .............................................................................................................................. 35
 2-9 ...........................................................................................................................36
 2-10 ......................................................................................................................... 37
 3-1  ................................................................................................................... 40
 3-2 STOP  ...................................................................................... 41
 3-3  ....................................................................................................................... 41
 3-4  ................................................................................................................... 43
 3-5 DMA ..................................................................................................................45
 3-6 ............................................................................... 46
 3-7 ............................................................................... 46
 3-8 HOSC ................................................................................................. 46
 3-9 HRC  ................................................................................................... 47
 3-10 LRC .................................................................................................. 47
 3-11  ........................................................................................ 48
 3-12 ........................................................................................ 48
 3-13 I2C  ............................................................................................ 49
 3-14  .................................................................................... 49
 3-15  ......................................................................... 50
 3-16 ADC ......................................................................................................... 51
 3-17 ADC  ................................................................................................. 52
 3-18 ACMP ...................................................................................................... 52
 3-19 ACMP ...................................................................................................... 52
 3-20 ACMP  .............................................................................................. 53
 4-1 ................................................................................................................ 56
 5-1 ..................................................................................................... 58
 5-2  ............................................................................................. 58
 5-3  Flash  ................................................................................................. 58
 5-4  .................................................................................. 59
 7-1 ................................................................................................................ 79
 7-2  ................................................................................................. 81
 8-1 ..................................................................................................... 87
 10-1 ....................................................................................................................... 113
 10-2 DMA .......................................................................................................... 114
 10-3 DMA .............................................................................................................. 116
 10-4 -............................................................................................120
 10-5 .................................................................................................121

V1.6                          25/578
©     http://www.essemi.com
                                                                                                        ES32F0100/0101/0131 

 10-6 - ............................................................................................... 123
 10-7 .................................................................................................124
 10-8  ........................................................................................................ 130
 10-9  .................................................................................................... 132
 10-10  .................................................................................................. 132
 11-1  ................................................................................................................... 162
 11-2  ................................................................................................................... 163
 11-3  PIS  ................................................................................................164
 14-1  ................................................................................................................... 200
 14-2  ................................................................................................................... 200
 16-1 ......................................................................................248
 19-1 I2C  ............................................................................................................... 373
 20-1 SPI  .......................................................................................................................412
 21-1 USART  .........................................................................................................423
 21-2  ......................................................................................... 428
 21-3 ............................................................................................................429
 21-4  ................................................................................................................... 430
 21-5 USART  .............................................................................................................433
 21-6 USART  .........................................................................................................441
 22-1  .................................................................................................... 460
 22-2 ADC  .....................................................................................................................465
 23-1 ......................................................................................489
 24-1 SWD  .............................................................................................................500
 1-1  ................................................................................ 513
 1-2 ...................................................................................................514
 1-3 PSR  .................................................................................................... 515
 1-4 APSR  ......................................................................................................... 515
 1-5 IPSR ...........................................................................................................516
 1-6 EPSR  ......................................................................................................... 516
 1-7 PRIMASK ........................................................................................517
 1-8 CONTROL  ...................................................................................... 517
 1-9  ...................................................................................................... 520
 1-10  .................................................................................................... 520
 1-11  ............................................................................................. 523
 1-12  ........................................................................................................ 526
 1-13 Cortex-M0 ....................................................................................................532
 1-14  Cortex-M0  CMSIS .................................................... 532
 1-15  .................................................................................. 533
 1-16  ........................................................................................................ 537
 1-17  ............................................................................................................... 538
 1-18  ........................................................................................................ 543
 1-19 ADCADDRSBSBC  SUB  .................................................... 545
 1-20  .................................................................................................... 553
 1-21  ............................................................................................................... 553

V1.6                          26/578
©     http://www.essemi.com
       ES32F0100/0101/0131 

 1-22   ............................................................................................................... 555
 1-23  ................................................................................................. 561
 1-24  NVIC  ................................................................................................. 561
 1-25  CMSIS  NVIC ...................................................................................562
 1-26  ISER ......................................................................................................... 562
 1-27  ICER  ........................................................................................................ 563
 1-28  ISPR ......................................................................................................... 563
 1-29  ICPR  ........................................................................................................ 564
 1-30  IPR  ........................................................................................................... 564
 1-31  CMSIS  NVIC .....................................................................................566
 1-32  SCB  .................................................................................................. 567
 1-33  CPUID ...........................................................................................567
 1-34  ICSR  ........................................................................................................ 569
 1-35  AIRCR ......................................................................................................570
 1-36  SCR  ......................................................................................................... 570
 1-37  CCR  ......................................................................................................... 570
 1-38   .................................................................................. 571
 1-39  SHPR2  .......................................................................................... 571
 1-40  SHPR3  ...................................................................................... 571
 1-41   ............................................................................................. 572
 1-42  SYST_CSR ..............................................................................................572
 1-43  SYST_RVR  .............................................................................................. 573
 1-44  SYST_CVR ..............................................................................................573
 1-45  SYST_CALIB  ................................................................................ 573
 1-46  Cortex M0 .............................................................................................577

V1.6                           27/578
©      http://www.essemi.com
                                                                                                        ES32F0100/0101/0131 

                                      1 
1. 1 

                                                    
   R/W      /__IO    
     R               
     W        __I    
    W1       __O      1  0 
              1       1 
R/C_W1    / 1        "0"
                      0 
R/C_W0    / 0        "1"
                     
 R/C_R    /          "0"
                      1 "0"
  C_W1        1      
                      1 "0"
  S_W1        1      
                      0 "1"
  C_W0        0      
                      1 "0"
  T_W1        1      
Reserved             

V1.6                                         28/578
©                    http://www.essemi.com
                                                                             ES32F0100/0101/0131 

                                         2 

2. 1 

         ES32F010x/0131  MCU 

2. 2 

Core              DMA              Memory             Clock Management       Power Management

                       DMAMUX                                                                  Debug Config

                          DMA                          HOSC    HRC                   LDO  LVD
                       Controller
SWD        NVIC

                                                       LRC                           BOR  POR  DBGC

ARM Cortex-M0                        Flash   SRAM
    Processor                      Program  Memory
                                   Memory

                                               32-bit Bus

Serial Interface  I/O Ports                    Timers                        Analog       Security&Accelerator

USART               GPIO           MRST     AD16C4T   GP16C2T  ADC           ACMP                 CRC
   x2             x22(max)                                 x3                  x2

      SPI  I2C                                 BSTIM  IWDT     TEMP
           x2

                                               WWDT

                                         Peripheral Interaction System(PIS)

      RUN         SLEEP                  STOP

                                          2-1 

V1.6                                                                                                              29/578
©                                                                                         http://www.essemi.com
2. 3                                                                  ES32F0100/0101/0131 

                                                                
       ARM 32  Cortex-M0 CPU   ARM Cortex M  32  MCU 

                                     48 MHzES32F0100 52MHz0101
                               
                               
                               
                   
                                      FLASH 
                                      SRAM 
                               
                               
                               
                               
                                      

                                                - SLEEP 
                                                - STOP 
                               
                               DMA
                                       DMA DMAMUX 
                                           DMA  DMA 
                               PIS
                               
                                      
                                      
                               DBGC
                               
                                      HOSC
                                      HRC
                                      LRC
                               
                               
                               
                                    
                                IO(GPIO)
                               CRC
                               GP16C2T0~2
                               BS16T
                               AD16C4T
                               I2C I2C0~1
                               SPI
                               USART0~1

V1.6                                                  30/578
©                             http://www.essemi.com
                             ES32F0100/0101/0131 

                                                          
                         ADC
                         ACMP
                         TSENSE

                     2-1 

2. 3. 1 ARM 32 Cortex-M0 

            ES32F010x/0131 

                                                      
ARM 32  Cortex-M0     Thumb 
                     32 
              NVIC   
                      WFI,WFE 
                     
                     
                     
                      32 
                     SWD 

   2-2 ARM 32  Cortex-M0 

V1.6                                                                                31/578
©                                                           http://www.essemi.com
                             ES32F0100/0101/0131 

2. 3. 2 

            ES32F010x/0131 

                                                       
                      
                      FLASH 
                      FLASH 
       FLASH          SRAM 
       SRAM
               2-3 

2. 3. 3 

            ES32F010x/0131 

                                                         
 SYSCFG                 
PMU                     
                        
        RMU             DMA 
 DMA DMAMUX             DMA  CPU 
                         CPU 
     DMA DMAC
                             
         PIS            

IWDT,WWDT                    
   DBGC                      
                        
                        
                        /WDT 

                     2-4 

V1.6                                                 32/578
©                            http://www.essemi.com
                             ES32F0100/0101/0131 

2. 3. 4 

            ES32F010x/0131 

                                                  
CMU              
                 
                 
                 
                 

                2-5 

2. 3. 5 

            ES32F010x/0131 

                                                  
 IO               IO 
                  IO 

                       CMOS/TTL 
                      
                  IO  16  DMA 

                2-6 

2. 3. 6 

            ES32F010x/0131 

                                                  
(CRC)            

                       CRC-CCITT
                       CRC-8
                       CRC-16
                       CRC-32

                2-7 

V1.6                                                                        33/578
©                                                   http://www.essemi.com
                             ES32F0100/0101/0131 

2. 3. 7 

            ES32F010x/0131 

                                                     
AD16C4T          16 /
GP16C2T          16 

                       1  65536 
                  4 

                       
                       
                       PWM 
                       
                        123  1  PWM
                 3 CH1/CH1nCH2/CH2n
                      CH3/CH3n
                 
                      

                 
                      

                 
                      

                 
                       /
                            /
                       /
                            
                       
                       
                       

                 
                 
                 

                      

                 

                 16 
                 16 

                        1  65536 
                  2 

                          

                          

V1.6                                                 34/578
©                            http://www.essemi.com
                                                             ES32F0100/0101/0131 
BS16T
                                                   
                        PWM 
                        
               
               
                    
               /DMA 
                        

                             /
                        

                             /
                        
                        
                        
               
               
               16 
               16 
                      1  65536 
               /DMA 
                        

                    2-8 

V1.6                                  35/578
©             http://www.essemi.com
                             ES32F0100/0101/0131 

2. 3. 8 

            ES32F010x/0131 

                                                       
       I2C I2C        
       SPI             I2C 
USART                  400 KHz
                      
                       SMBus2.0 
                       PMBus 
                      /
                      
                      8  16 
                      

                           
                      
                      
                      ISO 7816
                      
                       (CTS/RTS)

                     2-9 

V1.6                                                 36/578
©                            http://www.essemi.com
                             ES32F0100/0101/0131 

2. 3. 9 

            ES32F010x/0131 

                                                  
               12 
  ADC           6/8/10/12 
                
ACMP
TSENSE               
                
                 0 "n"
                
                
                

                     
                
                
                
                 DMA 
                0 ~ ±60mv  8 
                
                STOP 
                ADC  17

               2-10 

V1.6                                                 37/578
©                            http://www.essemi.com
                                                                                                        ES32F0100/0101/0131 

                                  3 

3. 1 

        
       
       
       
       

3. 2 ARM Cortex-M0 

        ARM Cortex-M0  MCU 
        

3. 2. 1 ARM Cortex-M0 

             ARM Cortex-M0  ARM  http://www.arm.com

3. 2. 2 

             32  AMBA3 AHB Cortex-M0  System 

3. 2. 3 

            
            SysTick Control and Status Register

3. 2. 4 

             SWD 

V1.6                          38/578
©     http://www.essemi.com
                           ES32F0100/0101/0131 

3. 3 

        ES32F010x/0131  MCU  4 
        

               NVIC 
               
               

3. 3. 1 

            Interrupt Priority Register byte  2  4 
            

3. 3. 2 

            

                                                        
   0                                              0x0000_0000
   1      -3                                      0x0000_0004
   2      -2       Reset                          0x0000_0008
   3      -1        NMI                           0x0000_000C
                HardFault                         0x0000_0010
4~10                                           
                                                          ~
  11                          SWI                 0x0000_002B
                  SVCall                          0x0000_002C
12-13                                             0x0000_0030
                                                  0x0000_0034
  14                                              0x0000_0038
  15              PendSV                          0x0000_003C
  16              Systick               WWDT      0x0000_0040
  17              WWDT                   IWDT     0x0000_0044
  18               IWDT                   LVD     0x0000_0048
  19                                              0x0000_004C
  20                LVD                   CMU     0x0000_0050
  21                                              0x0000_0054
  22                CMU               0~3         0x0000_0058
  23             EXTI0_3              4~7         0x0000_005C
  24             EXTI4_7             8~11         0x0000_0060
  25            EXTI8_11            12~15         0x0000_0064
  26           EXTI12_15                          0x0000_0068
  27                DMA                   DMA     0x0000_006C
  28              ACMP0                 ACMP0     0x0000_0070
                  ACMP1                 ACMP1 
  29                ADC                           0x0000_0074
              AD16C4T_UP                  ADC 
              _TRIG_COM    AD16C4T0  COM 

                                                

V1.6                                               39/578
©                          http://www.essemi.com
                     ES32F0100/0101/0131 

30   AD16C4T_CC  AD16C4T0   0x0000_0078

31    BSTIM0     BS16T0     0x0000_007C

32                          0x0000_0080

33    GPTIMC0    GP16C2T0   0x0000_0084

34    GPTIMC1    GP16C2T1   0x0000_0088

35    GPTIMC2    GP16C2T2   0x0000_008C

36                          0x0000_0090

37    AD16C4T    AD16C4T    0x0000_0094

38                          0x0000_0098

39    I2C0       I2C0       0x0000_009C

40    I2C1       I2C1       0x0000_00A0

41    SPI0       SPI0       0x0000_00A4

42                          0x0000_00A8

43                          0x0000_00AC

44                          0x0000_00B0

45    USART0     USART0     0x0000_00B4

46    USART1     USART1     0x0000_00B8

47                          0x0000_00BC

             3-1 

V1.6                                                40/578
©                           http://www.essemi.com
                    ES32F0100/0101/0131 

3. 4 

3. 4. 1 

             STOP 

                                                                  
                           
ACMP                        STOP 
                           
LVD                        LVD 
IWDT                        LRC 
                            IWDT/WWDT 

                    3-2 STOP 

3. 4. 2 

            ES32F010x/0131 
             NVIC  PRIMASK  BASEPRI 
            Cortex-M0  SEVONPEND  WFE
             WFE 
             NVIC  STOP 

                                                              
                                   PA0,PB0 
EXTI0                              PA1,PB1 
EXTI1                              PA2,PB2 
EXTI2                              PA3,PB3 
EXTI3                              PA4,PB4 
EXTI4                              PA5,PB5 
EXTI5                              PA6,PB6 
EXTI6                              PA7 
EXTI7                              PA8 
EXTI8                              PA9 
EXTI9                              PA10 
EXTI10                             PA11 
EXTI11                             PA12 
EXTI12                             PA13 
EXTI13                             PA14 
EXTI14                             PA15 
EXTI15                            
IWDT                              
ACMP0/1                           LVD 
LVD
                    3-3 

V1.6                                        41/578
©                   http://www.essemi.com
                                ES32F0100/0101/0131 

3. 5 

3. 5. 1 

            ES32F010x/0131 

                                    
APB  0x4000 0000 - 0x4000 03FF  AD16C4T
AHB  0x4000 0400 - 0x4000 07FF
     0x4000 0800 - 0x4000 0BFF    BS16T
     0x4000 0C00 - 0x4000 0FFF  GP16C2T0
     0x4000 1000 - 0x4000 13FF  GP16C2T1
     0x4000 1400 - 0x4000 17FF  GP16C2T2
     0x4000 1800 - 0x4000 1BFF
     0x4000 1C00 - 0x4000 1FFF        --
     0x4000 2000 - 0x4000 3FFF        --
     0x4000 4000 - 0x4000 43FF        --
     0x4000 4400 - 0x4000 47FF        --
     0x4000 4800 - 0x4000 4BFF        --
     0x4000 4C00 - 0x4000 4FFF        --
     0x4000 5000 - 0x4000 53FF        --
     0x4000 5400 - 0x4000 57FF        --
     0x4000 5800 - 0x4000 5FFF   USART0
     0x4000 6000 - 0x4000 63FF   USART1
     0x4000 6400 - 0x4000 67FF        --
     0x4000 6800 - 0x4000 6BFF      SPI0
     0x4000 6C00 - 0x4000 7FFF        --
     0x4000 8000 - 0x4000 83FF        --
     0x4000 8400 - 0x4000 87FF        --
     0x4000 8800 - 0x4000 8BFF      I2C0
     0x4000 8C00 - 0x4000 8FFF      I2C1
     0x4000 9000 - 0x4000 93FF    WWDT
     0x4000 9400 - 0x4000 97FF     IWDT
     0x4000 9800 - 0x4000 9BFF     DBGC
     0x4000 9C00 - 0x4000 9FFF      ADC
     0x4000 A000 - 0x4000 B3FF    ACMP0
     0x4000 B400 - 0x4000 BFFF    ACMP1
     0x4000 C000 - 0x4000 D3FF        --
     0x4000 D400 - 0x4007 FFFF        --
     0x4008 0000 - 0x4008 03FF      DMA
     0x4008 0400 - 0x4008 07FF        --
     0x4008 0800 - 0x4008 0BFF   SYSCFG
     0x4008 0C00 - 0x4008 0FFF      CMU
                                    RMU
                                    PMU

V1.6                                                    42/578
©                               http://www.essemi.com
                             ES32F0100/0101/0131 
  0x4008 1000 - 0x4008 13FF
  0x4008 1400 - 0x4008 3BFF                      
  0x4008 3C00 - 0x4008 3FFF                     MSC
  0x4008 4000 - 0x4008 4FFF
  0x4008 5000 - 0x4008 53FF                       --
  0x4008 5400 - 0x4008 57FF                       --
  0x4008 5800 - 0x4008 5BFF                     GPIO
  0x4008 5C00 - 0x4008 5FFF                     CRC
  0x4008 6000 - 0x4008 63FF                       --
  0x4008 6400 - 0x4008 67FF                       --
  0x4008 6800 - 0x4008 FFFF                       --
                                                 PIS
                3-4                               --
                                                  --

V1.6                                                 43/578
©                            http://www.essemi.com
                                         ES32F0100/0101/0131 

3. 6 

3. 6. 1 DMA

            DMA  4  DMA  DMA 
             DMA  DMA_CHx_SELCONx=0,1,2,3
             DMA 

DMA_REQ_0

DMA_REQ_1......      DMA_MUX_0  DMA_CH0
DMA_REQ_2

DMA_REQ_N

DMA_CH0_SELCON                  ......   DMA
          DMA_REQ_0

......DMA_REQ_1      DMA_MUX_3  DMA_CH3
DMA_REQ_2

DMA_REQ_N

DMA_CH3_SELCON

 3-1 DMA  DMA 

V1.6                                                                  44/578
©                                             http://www.essemi.com
            ES32F0100/0101/0131 

 DMA  DMA 

                                         DMA 
   GPIO                                EXTI0~EXTI15
    ADC                                 ADC 
                                      AD16C4T0_CH1
AD16C4T0                              AD16C4T0_CH2
                                      AD16C4T0_CH3
  BS16T0                              AD16C4T0_CH4
GP16C2T0                              AD16C4T0_TRIG
                                      AD16C4T0_COM
GP16C2T1                               AD16C4T0_UP

GP16C2T2                                 BS16T0_UP
                                      GP16C2T0_CH1
 USART0                               GP16C2T0_CH2
 USART1                               GP16C2T0_TRIG
                                      GP16C2T0_COM
    SPI0                               GP16C2T0_UP
    I2C0                              GP16C2T1_CH1
    I2C1                              GP16C2T1_CH2
    CRC                               GP16C2T1_TRIG
     PIS                              GP16C2T1_COM
                                       GP16C2T1_UP
                                      GP16C2T2_CH1
                                      GP16C2T2_CH2
                                      GP16C2T2_TRIG
                                      GP16C2T2_COM
                                       GP16C2T2_UP

                                         USART0_TX
                                         USART0_RX
                                         USART1_TX
                                         USART1_RX

                                           SPI0_TX
                                           SPI0_RX
                                            I2C0_TX
                                           I2C0_RX
                                            I2C1_TX
                                           I2C1_RX
                                      CRC DMA 
                                         PIS  0~5

           3-5 DMA 

V1.6                                45/578
©           http://www.essemi.com
                                                           ES32F0100/0101/0131 

3. 6. 2 

3. 6. 2. 1 
              

                                          CLKSIWDT_CON<3>

              PCLK  0  to IWDT
              LRC
                    1

               3-2 

3. 6. 2. 2  
STOP
                                                           

                       

             3-6 

3. 6. 3 

3. 6. 3. 1 
              

              CLKSWWDT_CON<3>

              PCLK  0  to WWDT
              LRC
                    1

               3-3 

3. 6. 3. 2  
STOP
                                                           

                       

             3-7 

3. 6. 4 

3. 6. 4. 1 HOSC

                                                           

STOP                   

               3-8 HOSC 

V1.6                                                                               46/578
©                                                          http://www.essemi.com
                          ES32F0100/0101/0131 

3. 6. 4. 2 HRC

                                       
                  CMU  CMU_CFGR 
RUN,SLEEP        HRCFSW  48(52)/32/16/2MHz 
                 
STOP

               3-9 HRC 

3. 6. 4. 3  LRC
STOP
                          

                 

               3-10 LRC 

3. 7 

3. 7. 1 IO

3. 7. 1. 1 
              JLINK  SWDIOSWCLK  PB0PB1  PB0PB1 
               0 JLINK 

V1.6                                              47/578
©                         http://www.essemi.com
                     ES32F0100/0101/0131 

3. 8 

3. 8. 1 

3. 8. 1. 1 
              ES32F010x/0131  MCU GP16C2T0GP16C2T1GP16C2T2  2 
              AD16C4T  4 

3. 8. 1. 2 
               PCLK

3. 8. 1. 3  
STOP
                     

              

             3-11 

3. 8. 2 

3. 8. 2. 1 
              ES32F010x/0131  MCU BS16T0 

3. 8. 2. 2 
               PCLK

3. 8. 2. 3  
STOP
                     

              

             3-12 

V1.6                                                               48/578
©                                          http://www.essemi.com
                         ES32F0100/0101/0131 

3. 9 

3. 9. 1. 1 I2C
              I2C  PCLK

3. 9. 1. 2  I2C
STOP
                         

                 

               3-13 I2C 

3. 9. 2 SPI

3. 9. 2. 1 SPI
              SPI  PCLK

3. 9. 2. 2  SPI
STOP
                         

                 

             3-14 

V1.6                                              49/578
©                         http://www.essemi.com
                           ES32F0100/0101/0131 

3. 9. 3 USART

3. 9. 3. 1 USART
              USART  PCLK

3. 9. 3. 2  USART
STOP
                           

              

             3-15 

V1.6                                               50/578
©                          http://www.essemi.com
                                      ES32F0100/0101/0131 

3. 10 

3. 10. 1 ADC

3. 10. 1. 1 ADC
              ES32F010x/0131  1  ADC

3. 10. 1. 2 ADC
              ADC  20  16  ADC
              

         ADC                               
        ADC  0                               AIN0
        ADC  1                               AIN1
        ADC  2                               AIN2
        ADC  3                               AIN3
        ADC  4                               AIN4
        ADC  5                               AIN5
        ADC  6                               AIN6
        ADC  7                               AIN7
        ADC  8                               AIN8
        ADC  9                               AIN9
        ADC  10                              AIN10
        ADC  11                              AIN11
        ADC  12                              AIN12
        ADC  13                              AIN13
        ADC  14                              AIN14
        ADC  15                              AIN15
        ADC  16                               
        ADC  17
        ADC  18                       VTEMP
        ADC  19                          VDD/4 
                                           VREF1V
                                               

         3-16 ADC 

 1ES32F0100  ADC  AIN15
 2 ADC  19  VREF1V ADC  16KHz.

        1ms ADC  ADC  128  ADC_CCR  CKDIV=111
        15  ADC_SMPTx  CHTy=0011 PCLK  2MHz 
        ADC  PCLK  2MHz  ADC  ADC
        ADC  CMU_APBENR.ADCEN=0
        12us CMU_APBENR.ADCEN=1 CMU_APBENR.ADCEN=0
        ADC 

V1.6                                                                        51/578
©                                                   http://www.essemi.com
                            ES32F0100/0101/0131 

3. 10. 1. 3 ADC
              ADC  VDD 
              ADC  VDD  VREFPVREFP  VREFP 

3. 10. 1. 4 ADC
              ADC  PCLK

3. 10. 1. 5  ADC

SLEEP                       
STOP
                          
                          

                3-17 ADC 

3. 10. 2 ACMP

3. 10. 2. 1 ACMP
              ES32F010x/0131  2  ACMP ACMP01

3. 10. 2. 2 ACMP

              ACMP01  4  2  2 
              ACMP 

 ACMP_INPUTSEL  PSEL          ACMP            
                     000  ACMP  0             CMPxP0
                     001  ACMP  1             CMPxP1
                     010  ACMP  2             CMPxP2
                     011  ACMP  3             CMPxP3

                3-18 ACMP 

 ACMP_INPUTSEL  NSEL          ACMP                     
                    0000  ACMP  0              VREF1V
                    0001  ACMP  1
                    0010  ACMP  2                         
                    0011  ACMP  3                      CMPxN0
                                                       CMPxN1

                3-19 ACMP 

3. 10. 2. 3 ACMP
              ACMP  VDD

3. 10. 2. 4 ACMP
              ACMP  PCLK

V1.6                                                                  52/578
©                                             http://www.essemi.com
                            ES32F0100/0101/0131 

3. 10. 2. 5  ACMP
STOP
                            

                   

                3-20 ACMP 

V1.6                                                53/578
©                           http://www.essemi.com
                                                                                                        ES32F0100/0101/0131 

                               4 

4. 1 

         32  AHB 
        2 
       Cortex-M0 
       DMA 
        4 
        Flash 
        SRAM 
       AHB 
       APB 
        
        

M0  DMA

S0    S1      FLASH

          M0

          M1  SRAM

          M2  APB Bridge  APB Slave

          M3  AHB Slave

       4-1 

V1.6                                              54/578
©                         http://www.essemi.com
                         ES32F0100/0101/0131 

4. 2 

4. 2. 1 S0Cortex-M0 

             Cortex-M0 
            

4. 2. 2 S1DMA

             DMA DMA 
             AHB  APB  SRAM

4. 2. 3 

            

4. 2. 4 AHB/APB

             AHB/APB  AHB  APB 
            

4. 3 

         I/O  4 GB 
        
        
        
         8  512MB
        ""
        

4. 3. 1 

            

                                       
0x0000_0000~0x0000_FFFF  FLASH         64KB
0x0001_0000~0x0001_0400   FLASH        1KB
0x0004_0000~0x1FFF_FFFF
0x2000_0000~0x2000_0FFF      Reserved  4KB
0x2000_8000~0x3FFF_FFFF        SRAM
0x4000_0000~0x4007_FFFF
0x4008_0000~0x4008_FFFF      Reserved
0x4009_0000~0x5FFF_FFFF      APB 
0x6000_0000~0x9FFF_FFFF      AHB 
0xA000_0000~0xDFFF_FFFF      Reserved
0xE000_0000~0xE00F_FFFF      Reserved
                             Reserved
                              

V1.6                                                           55/578
©                                      http://www.essemi.com
                                   ES32F0100/0101/0131 

                                   
0xE010_0000~0xFFFF_FFFF  Reserved

       4-1 

4. 3. 2 FLASH

            Flash  CPU  Flash  Flash 
            

            Flash 

               ES32F0100  0x0000_0000 32K Bytes 64 
                      512 Bytes

               ES32F0101  0x0000_0000 64K Bytes 128 
                      512 Bytes

                0x0001_0000BOR
                     /

4. 3. 3 SRAM

            SRAM  4K Bytes 0x2000_0000~0x2000_0FFF

4. 3. 4 

            ES32F010x/0131 ""

4. 4 

         CPU CPU 
        SYSCFG_VTOR
         CPU  SYSCFG_VTOR 

V1.6                                                       56/578
©                                  http://www.essemi.com
                                                                                                        ES32F0100/0101/0131 

                           5 MSC

5. 1 

        MSC Flash 
        
         Flash 
        MSC Flash 
        MSC Flash 
        

5. 2 

        Flash 
               
               
               
               

       
                Flash  0~3 
                Sram  0~3 

5. 3 

Cortex-M0  DMA

                           
                           
                 FLASH       FLASH
                Interface

                 IAP
                SRAM

            5-1 

 Flash ES32F0100  0 
ES32F0101 

V1.6                                                 57/578
©                            http://www.essemi.com
                            ES32F0100/0101/0131 

5. 4 

5. 4. 1 Flash

5. 4. 1. 1 IAPKEY
               MSC_FLASHKEY 
               MSC_FLASHKEY.STATUS  0 Flash 
              

5. 4. 1. 2 Flash

              Flash  CFG_WRP0  CFG_WRP1  STARTEND 
               ENB 

Flash  Flash Flash 


                                                   
    1       CFG_WRP0.ENB    CFG_WRP0.START    CFG_WRP0.END
    2       CFG_WRP1.ENB    CFG_WRP1.START    CFG_WRP1.END

             5-1 

5. 4. 1. 3 Flash

              Flash  CFG_PCROP0  CFG_PCROP1  STARTEND 
               ENB 

Flash 
 Flash  Flash 

                                                     
     1      CFG_PCROP0.ENB  CFG_PCROP0.START  CFG_PCROP0.END
     2      CFG_PCROP1.ENB  CFG_PCROP1.START  CFG_PCROP1.END

             5-2 

5. 4. 1. 4 Flash

              Flash  CFG_DAFLS  Flash  CFG_DAFLS  ENB
               Flash 

Data Flash                                          
    1       CFG_DAFLS.ENB   CFG_DAFLS.START   CFG_DAFLS.END

             5-3  Flash 

V1.6                                                                  58/578
©                                             http://www.essemi.com
                         ES32F0100/0101/0131 

5. 4. 1. 5 Flash
              Flash  Level0Level1Level2
               32  1  Level0
               16  1  16  1  Level1
               16  1  16  1  Level2
              

                                  
            
                          FLASH    SRAM 

                                          

            Level0  /     NA NA           
            Level1
            Level2  /     NA NA           
            Level0
            Level1        NA NA           
            Level2
Flash       Level0        NA NA           
Code        Level1
            Level2        NA NA           
          
                          NA NA           

                          NA NA           

                          NA NA           

                          NA NA           

                     5-4 

 1 SRAM  Level1  Level2  Flash Code 
 2 Flash 
 3 Flash  Flash  NA
 4 SRAM  IAPROM  Flash Code 
 5 Flash 
 6info 

5. 4. 2 Flash

             8ms
            1.  MSC_FLASHSR.BUSY 
            2.  MSC_FLASHKEY  Flash 
            3.  Flash 
            4.  MSC_FLASHCMD.CMD 
            5.  MSC_FLASHSR.BUSY 
            6.  MSC_FLASHSR.MASE 
            7.  Flash 

5. 4. 3 Flash

            

V1.6                                                      59/578
©                                 http://www.essemi.com
                                                                                                        ES32F0100/0101/0131 

            1.  MSC_FLASHSR.BUSY 
            2.  MSC_FLASHKEY  Flash 
            3.  Flash 
            4. 
            5.  MSC_FLASHCMD.CMD 
            6.  MSC_FLASHSR.BUSY 
            7.  MSC_FLASHSR.UPCEBUSY 
            8.  MSC_FLASHSR.UPCEDONE 
            9.  Flash 

5. 4. 4 Flash

             512Bytes 2ms
            
            1.  MSC_FLASHSR.BUSY 
            2.  MSC_FLASHKEY  Flash 
            3.  Flash 
            4. 
            5. 
            6.  MSC_FLASHCMD.CMD 
            7.  MSC_FLASHSR.BUSY 
            8.  MSC_FLASHSR.SERA 
            9.  Flash 

 Flash  Flash 

5. 4. 5 Flash

             4 Bytes  25us
            1.  MSC_FLASHSR.BUSY 
            2.  MSC_FLASHKEY  Flash 
            3.  Flash 
            4. 
            5.  MSC_FLASHDR.DATA
            6.  MSC_FLASHCMD.CMD 

V1.6                          60/578
©     http://www.essemi.com
                                                                                                        ES32F0100/0101/0131 

            7.  MSC_FLASHSR.BUSY 
            8.  MSC_FLASHSR.PROG 
            9.  Flash 

 Flash  Flash 

5. 4. 6 FlashFIFO

            FLASH  FIFO  FIFOEN  FIFO  FIFO
             FIFO  MSC_FLASHDR  FIFO 
            

5. 4. 7 IAP

             IAP  IAP 
             SRAM  IAP 
            IAP  IAP 
             IAP 

5. 4. 7. 1 CODE
              CODE 
             0x10000004
             R0-R1-R2- 0
              R0-R0=1 R0=0 

5. 4. 7. 2 CODE
              FLASH CODE (32-bits)
             0x10000008
             R0- FLASH R1- FLASH R2-
                   
              R0-R0=1 R0=0 

5. 4. 7. 3 CODE
              FLASH CODE 
             0x10000000
             R0- FLASH R1- FLASH R2-
                    SRAM R3- 4 
                   R4-R40 R4=0 
              R0-R0=1 R0=0 

5. 4. 7. 4 DATA
              DATA 
             0x10000014

V1.6                          61/578
©     http://www.essemi.com
                                                                                                        ES32F0100/0101/0131 

             R0-R1-R2- 0
              R0-R0=1 R0=0 
5. 4. 7. 5 DATA
              FLASH DATA (32-bits)
             0x10000018
             R0- FLASH R1- FLASH R2-

                   
              R0-R0=1 R0=0 
5. 4. 7. 6 DATA
              FLASH DATA 
             0x10000010
             R0- FLASH R1- FLASH R2-

                    SRAM R3- 4 
                   R4-R40 R4=0 
              R0-R0=1 R0=0 

 R0  512 

V1.6                          62/578
©     http://www.essemi.com
                                ES32F0100/0101/0131 

5. 5 

5. 5. 1                                                   
                          000H  FLASH 
       MSC                004H  
                          008H  FLASH 
                          00CH  FLASH 
       MSC_FLASHKEY       010H  FLASH 
       --                 014H  
       MSC_FLASHADDR      018H  FLASH 
       MSC_FLASHFIFO      01CH  FLASH 
       MSC_FLASHDR        020H  FLASH 
       --                 024H  
       MSC_FLASHCMD       028H  
       MSC_FLASHCR        02CH  FLASH 
       MSC_FLASHSR
       --
       MSC_MEMWAIT
       MSC_FLASHADDINV

V1.6                                                    63/578
©                               http://www.essemi.com
                                                                                                        ES32F0100/0101/0131 

5. 5. 2 

5. 5. 2. 1 FLASHMSC_FLASHKEY

FLASH MSC_FLASHKEY
00H
00000000_00000000_00000000_00000011B

31 30 29 28 27 26 25 24 23 22 21 20 19 18 17 16 15 14 13 12 11 10 9 8 7 6 5 4 3 2 1 0

                    Reserved
                                                                                                                STATUS

Reserved  Bit 31-2   -- 
STATUS    Bit 1-0              FLASH 
                               00

                    R/W
                               
                               IAP

 0x8ACE0246  0x9BDF1357 

V1.6                                        64/578
©                   http://www.essemi.com
                                                                                                        ES32F0100/0101/0131 

5. 5. 2. 2 FLASHMSC_FLASHADDR

FLASH MSC_FLASHADDR
08H
00000000_00000000_00000000_00000000B

31 30 29 28 27 26 25 24 23 22 21 20 19 18 17 16 15 14 13 12 11 10 9 8 7 6 5 4 3 2 1 0

          Reserved
                                                                                                      ADDR

Reserved  Bit 31-16   -- 
  ADDR    Bit 15-0   R/W FLASH 

 ADDR 
 1 2  0
 2 0x200
 3 4

5. 5. 2. 3 FLASHFIFOMSC_FLASHFIFO

FLASH  FIFO MSC_FLASHFIFO
0CH
00000000_00000000_00000000_00000000B

31 30 29 28 27 26 25 24 23 22 21 20 19 18 17 16 15 14 13 12 11 10 9 8 7 6 5 4 3 2 1 0

                     FIFO

FIFO      Bit 31-0   W FLASHFIFO

 1 FIFOEN  FIFO DMA 
 2

V1.6                                                                                                                                65/578
©                                                                                                           http://www.essemi.com
                                                                                                        ES32F0100/0101/0131 

5. 5. 2. 4 FLASHMSC_FLASHDR

FLASH MSC_FLASHDR
10H
00000000_00000000_00000000_00000000B

31 30 29 28 27 26 25 24 23 22 21 20 19 18 17 16 15 14 13 12 11 10 9 8 7 6 5 4 3 2 1 0

                DATA

DATA  Bit 31-0  R/W FLASH

5. 5. 2. 5 FLASHMSC_FLASHCMD

FLASH MSC_FLASHCMD
18H
00000000_00000000_00000000_00000000B

31 30 29 28 27 26 25 24 23 22 21 20 19 18 17 16 15 14 13 12 11 10 9 8 7 6 5 4 3 2 1 0

                CMD

CMD   Bit 31-0           FLASH
                         0x000051AEFlash Code
                         0x00005EA1Flash
                         0x00005DA2Flash
                W
                         0x00005BA4Flash
                         0x00005AA5Flash
                         0x000050AF
                         

CFG_PCROPx
     

V1.6                                               66/578
©                          http://www.essemi.com
                                                                                                        ES32F0100/0101/0131 

5. 5. 2. 6 FLASHMSC_FLASHCR

FLASH MSC_FLASHCR
1CH
00000000_00000000_00000000_00000000B

31 30 29 28 27 26 25 24 23 22 21 20 19 18 17 16 15 14 13 12 11 10 9 8 7 6 5 4 3 2 1 0

                     Reserved
                                                                                             FIFODF
                                                                                                   Reserved
                                                                                                         FIFOEN
                                                                                                              FLASHREQ
                                                                                                                    Reserved
                                                                                                                          OTFEN
                                                                                                                                IAPRST
                                                                                                                                     IAPEN

 Reserved  Bit 31-8   -- 0
  FIFODF     Bit 7              FIFO  Flash 
 Reserved    Bit 6
  FIFOEN     Bit 5   R/W 0
                                1
FLASHREQ     Bit 4
 Reserved    Bit 3    -- 
  OTFEN      Bit2               FIFO 

  IAPRST     Bit 1   R/W 0
                                1
   IAPEN     Bit 0              FLASH 

                     R/W 0
                                1

                      -- 
                                 OTF 

                     R/W 0
                                1 0
                                

                     W1 0
                                1
                                

                     R/W 0
                                1

V1.6                                         67/578
©                    http://www.essemi.com
                                                                                                        ES32F0100/0101/0131 

5. 5. 2. 7 FLASHMSC_FLASHSR

FLASH MSC_FLASHSR
20H
00000000_00000000_00000000_00000000B

31 30 29 28 27 26 25 24 23 22 21 20 19 18 17 16 15 14 13 12 11 10 9 8 7 6 5 4 3 2 1 0

Reserved
                    UPCEUL
                          MASEUL
                               ADDERR

                                                 Reserved
                                                                  UPCEDONE
                                                                        UPCEBUSY

                                                                                                  Reserved
                                                                                                                            TIMEOUT
                                                                                                                                  PROG
                                                                                                                                        SERA
                                                                                                                                              MASE
                                                                                                                                                    WA E
                                                                                                                                                         WP E
                                                                                                                                                               BUSY
                                                                                                                                                                     FLASHACK

  Reserved  Bit 31-26  -- 
  UPCEUL      Bit 25            
                                0
  MASEUL      Bit 24
                       R
  ADDERR      Bit 23            1
  Reserved  Bit 22-18           
UPCEDONE                        
UPCEBUSY      Bit 17            0
  Reserved    Bit 16
 TIMEOUT    Bit 15-8   R 1
               Bit 7            
    PROG                        
    SERA       Bit 6            
               Bit 5
                       R 0
                                1

                       -- 
                                
                                0

                       R
                                1
                                
                                

                       R 0
                                1

                       -- 
                                
                                0
                                1

                       R
                                
                                
                                IAP
                                
                                0

                       R
                                1
                                

                       R 

V1.6                                           68/578
©                      http://www.essemi.com
   MASE   Bit 4                                             ES32F0100/0101/0131 
    WAE   Bit 3
                              0
    WPE   Bit 2               1
   BUSY   Bit 1               
FLASHACK  Bit 0               
                              0
                     R
                              1
                              
                              
                              0
                              1
                     R
                              IAPFLASH
                              
                              IAP
                              
                              0
                     R 1
                              
                              IAP
                              
                     R 0
                              1
                              FLASH 
                     R 0
                              1

5. 5. 2. 8 MSC_MEMWAIT

MSC_MEMWAIT
28H
00000000_00000000_00000000_00000010B

31 30 29 28 27 26 25 24 23 22 21 20 19 18 17 16 15 14 13 12 11 10 9 8 7 6 5 4 3 2 1 0

                 Reserved
                                                                                      SRAM_W
                                                                                                             Reserved
                                                                                                                                    FLASH_W

Reserved  Bit 31-10   -- 
                                SRAM 
SRAM_W     Bit 9-8              00

Reserved   Bit 7-2   R/W 011  SYSCLK
FLASH_W    Bit 1-0              102  SYSCLK
                                113  SYSCLK

                      -- 
                     R/W FLASH 

V1.6                                                                 69/578
©                                            http://www.essemi.com
                                                                                                        ES32F0100/0101/0131 

                                                                00
                                                                011  SYSCLK
                                                                102  SYSCLK
                                                                113  SYSCLK
                                                                 SYSCLK  24MHz  00
                                                                

5. 5. 2. 9 FLASHMSC_FLASHADDINV

FLASH MSC_FLASHADDINV
2CH
00000000_00000000_00000000_00000000B

31 30 29 28 27 26 25 24 23 22 21 20 19 18 17 16 15 14 13 12 11 10 9 8 7 6 5 4 3 2 1 0

          Reserved
                                                                                                      ADDRINV

Reserved  Bit 31-16   -- 
ADDRINV   Bit 15-0   R/W FLASH 

V1.6                                                                                                                                   70/578
©                                                                                                              http://www.essemi.com
                                                                                                        ES32F0100/0101/0131 

                        6 SYSCFG

6. 1 

        SYSCFG

6. 2 

       
       
       

6. 3 

6. 3. 1 

             SYSCFG_PROT 
             SYSCFG_PROT 
             SYSCFGPMUCMURMU 
            SYSCFG_PROT 
             SYSCFG_PROT  0x55AA6996
             SYSCFG_PROT 
            

             SYSCFG_PROT 
            0x00000000 0x00000001 
            SYSCFG_PROT 

6. 3. 2 

             2 
                0x00000000
                Boot  0x0000F000 ES32F0101 

             Flash 
             Flash  BootFlash  Flash
             BootFlash  SYSCFG_MEMRMP.BFRMPEN
             Flash 

V1.6                          71/578
©     http://www.essemi.com
                             ES32F0100/0101/0131 

6. 4                                                   
                       000H  
6. 4. 1                004H  
                       008H  
     SYSCFG            00CH  TIM 
                   

     SYSCFG_PROT
     SYSCFG_MEMRMP
     SYSCFG_VTOR
     SYSCFG_TBKCFG

V1.6                                                                             72/578
©                                                        http://www.essemi.com
                                                                                                        ES32F0100/0101/0131 

6. 4. 2 

6. 4. 2. 1 SYSCFG_PROT

SYSCFG_PROT
000H
00000000_00000000_00000000_00000001B

31 30 29 28 27 26 25 24 23 22 21 20 19 18 17 16 15 14 13 12 11 10 9 8 7 6 5 4 3 2 1 0

                     KEY
                                                                                                                 PROT

 KEY      Bit 31-1              
PROT        Bit 0     W 0x55AA6996

                                
                                
                     R/W 0
                                1

6. 4. 2. 2 SYSCFG_MEMRMP

SYSCFG_MEMRMP
004H
00000000_00000000_00000001_00000000B

31 30 29 28 27 26 25 24 23 22 21 20 19 18 17 16 15 14 13 12 11 10 9 8 7 6 5 4 3 2 1 0

          Reserved
                                                        VTOEN
                                                                               Reserved
                                                                                                      BFRMPEN
                                                                                                                                Reserved

Reserved  Bit 31-17   -- 
  VTOEN     Bit 16              
Reserved                        0
BFRMPEN   Bits 15-9
Reserved     Bit 8   R/W
           Bit 7-0              1
                                 VTOR 

                      -- 
                                Boot Flash 

                     R/W 0
                                1

                      -- 

V1.6                                                        73/578
©                                   http://www.essemi.com
                                                                                                        ES32F0100/0101/0131 

6. 4. 2. 3 SYSCFG_VTOR

SYSCFG_VTOR
008H
00000000_00000000_00000000_00000000B

31 30 29 28 27 26 25 24 23 22 21 20 19 18 17 16 15 14 13 12 11 10 9 8 7 6 5 4 3 2 1 0

Reserved
                                                                                            VTO

Reserved  Bit 31-30   -- 
   VTO    Bit 29-0              

                     R/W
                                 7  0

6. 4. 2. 4 TIMSYSCFG_TBKCFG

TIM (SYSCFG_TBKCFG)
00CH
00000000_00000000_00000001_00000000B

31 30 29 28 27 26 25 24 23 22 21 20 19 18 17 16 15 14 13 12 11 10 9 8 7 6 5 4 3 2 1 0

                     Reserved
                                                                                                              CLUBKE
                                                                                                                    LVDBKE
                                                                                                                          CCSBKE

Reserved  Bit 31-3    -- 
CLUBKE      Bit 2               CPU  TIM 
LVDBKE      Bit 1
CCSBKE      Bit 0    R/W 0
                                1
                                LVD  TIM 

                     R/W 0
                                1
                                 TIM 

                     R/W 0
                                1

V1.6                                                                                                                     74/578
©                                                                                                http://www.essemi.com
                                                                                                        ES32F0100/0101/0131 

                      7 PMU

7. 1 

        PMU
        RUN SLEEPSTOP
         RUN SLEEP  STOP 
         STOP CPU SRAM 
        CPU 
        SLEEPSTOP  RUN
        

7. 2 

       
       
       

V1.6                          75/578
©     http://www.essemi.com
                                   ES32F0100/0101/0131 

7. 3 

MRST   IO
VDD5
 VSS        VR  Main Power Domain  GPIO

VREFP  Anaolog        SRAM
VREFN  Module
                                                Cortex-M0
         ADC
                Flash              Peripherals

                 7-1 

V1.6                                                                    76/578
©                                               http://www.essemi.com
                                                                                                        ES32F0100/0101/0131 

7. 4 

7. 4. 1 

7. 4. 1. 1 
               VDD5  2.2V  5.5V  LDO 
              

7. 4. 1. 2 
              ADC  VDD 
              ADC  VDD  VREFP 
               VREFP  ADC 
              VREFP  2.2V  VDD 

7. 4. 2 

7. 4. 2. 1 POR
               POR  VDD  VPOR/VPDR 
              

                                    VDD(V)

      VPOR

                              VPDR

                                    T(us)
            tRSTTEMPO(200us)

POR                           

                                                7-2 POR/PDR 

7. 4. 2. 2 BOR
              BOR
               VBOR  3  VBOR 
              VDD VBOR 

V1.6                                                               77/578
©                                          http://www.essemi.com
                         ES32F0100/0101/0131 

VDD(V)

        VBOR  

                         Tus

        BOR              

               7-3 BOR 

7. 4. 2. 3 LVD

              LVD  VDD  LVDEN  LVD VDD  LVDS 
               VDD 

              LVD  LVDO VDD  LVD 
               LVDIE  LVD  LVDIFS  LVD  VDD  LVD
              / VDD  LVD  LVD 
              LVDIFS  VDD 
              

VDD(V)

              LVD        

                         Tus

LVD

               7-4 LVD 

V1.6                                               78/578
©                          http://www.essemi.com
                                                                                                        ES32F0100/0101/0131 

7. 4. 3 

7. 4. 3. 1 
              CPU 
               HCLK  CPU 
              
              
              
               SLEEP Cortex-M0 
               STOP DMA IWDTWWDTACMP
                     HCLKPCLK  LRC 
              
               
                APB  AHB 
              

                                                                                                     

                            RUN                 STOP
                      1

                                             2

            SLEEP

             7-5 

                                                                 
  1  SLEEP          WFI                                          
                   WFE                           CPU 
  2  STOP                                                HOSC          
            DEEPSLEEP    "                               HRC 
               +WFI/WFE  "                               LRC     
                         STOP                            
                         
                          

             7-1 

V1.6                                                                             79/578
©                                                        http://www.essemi.com
                                                                                                        ES32F0100/0101/0131 

7. 4. 3. 2 
              SYSCLKHCLKPCLK
              
              

              

7. 4. 3. 3 
              
              
               WFI  WFE 
              

              

7. 4. 3. 4 RUN
               
               

7. 4. 3. 5 SLEEP
               
               CPU 
               

7. 4. 3. 6 STOP
               
               CPU 
                LVDIWDT/WWDTACMP0/1 
               SRAM 

7. 4. 3. 7 
              

       SLEEP   STOP 
NVIC           
               
Flash           STOP
SRAM           
               
               
               
DMA            

V1.6                                   80/578
©              http://www.essemi.com
              ES32F0100/0101/0131 

      SLEEP   STOP 
              
              
              
              
              
              
              
HOSC          
              
LRC           
              
HRC           
              
              
              
              
              
GPIO  

CRC   

      

      

I2C   

SPI   

USART 

ADC   

ACMP  

       7-2 

V1.6                                  81/578
©             http://www.essemi.com
                       ES32F0100/0101/0131 

7. 5                         
                 000H
7. 5. 1          004H  PMU 
                 008H  PMU 
PMU              00CH  LVD 
                 010H  
                       
PMU_CR
PMU_SR
PMU_LVDCR
Reserved
PMU_TWUR

V1.6                                                 82/578
©                            http://www.essemi.com
                                                                                                        ES32F0100/0101/0131 

7. 5. 2 

7. 5. 2. 1 PMUPMU_CR

PMU PMU_CR
00H
00000000_00000000_00000000_10000000B

31 30 29 28 27 26 25 24 23 22 21 20 19 18 17 16 15 14 13 12 11 10 9 8 7 6 5 4 3 2 1 0

Reserved
                         FSTOP
                               Reserved
                                     BGSTOP
                                           LPSTOP
                                                    Reserved
                                                               LPVS
                                                                                            Reserved
                                                                                                                      VROSCEN
                                                                                                                            Reserved
                                                                                                                                  STPRTNEN
                                                                                                                                           Reserved
                                                                                                                                                   CWUF
                                                                                                                                                            Reserved

 Reserved  Bit 31-24   -- 
   FSTOP     Bit 23              STOP  Flash STOP 
 Reserved    Bit 22
                      R/W 0
 BGSTOP      Bit 21              1

  LPSTOP     Bit 20    -- 
 Reserved  Bit 19-18             STOP  BG 
           Bit 17-16             0
    LPVS   Bit 15-8
 Reserved             R/W 1 STOP 
VROSCEN       Bit7                STOP  BOR  LVD
 Reserved     Bit 6              
STPRTNEN      Bit5               STOP  LDO 
 Reserved   Bit 4-3
              Bit 2   R/W 0
   CWUF                          1

                       -- 
                                 LDO 
                                 00

                      R/W
                                 011.4V
                                 1x

                       -- 
                                 VR 
                                 0

                      R/W
                                 1
                                 

                       -- 
                                 STOP  SRAM Retention 

                      R/W 0
                                 1

                       -- 
                                 WUF 

                      W1 0
                                 1WUF

V1.6                                          83/578
©                     http://www.essemi.com
                          ES32F0100/0101/0131 

Reserved  Bit 1-0    -- 

 STOP  BG  PMU_CR  BGSTOP=1 BOR  LVD
     RUN  SLEEP ±10%
      BOR  LVD  STOP  BG 
      PMU_CR  BGSTOP=0 STOP  0.5uA

7. 5. 2. 2 PMUPMU_SR

PMU PMU_SR
04H
00000000_00000000_00000000_00000000B

31 30 29 28 27 26 25 24 23 22 21 20 19 18 17 16 15 14 13 12 11 10 9 8 7 6 5 4 3 2 1 0

                     Reserved
                                                                                                                    WUF

Reserved  Bit 31-1   -- 
   WUF      Bit 0             
                              0

                     R
                              1
                               CWUF 

7. 5. 2. 3 LVDPMU_LVDCR

LVD PMU_LVDCR
08H
00000000_00000000_00000000_00000000B

31 30 29 28 27 26 25 24 23 22 21 20 19 18 17 16 15 14 13 12 11 10 9 8 7 6 5 4 3 2 1 0

          Reserved
                                                           LVD O
                                                                      Reserved
                                                                                  LVDFLT
                                                                                             LVDIF S
                                                                                                                  LVD S
                                                                                                                                LVDCI F
                                                                                                                                      LVDIF
                                                                                                                                            LVDI E
                                                                                                                                                 LVDEN

Reserved  Bit 31-16   -- 
  LVDO      Bit 15              LVD 

Reserved  Bit 14-12   R 0
                                1
 LVDFLT     Bit 11
                      -- 
                                LVD 
                                0

                     R/W 1
                                 LVDO  100us 
                                

V1.6                                              84/578
©                         http://www.essemi.com
LVDIFS    Bit 10-8                                            ES32F0100/0101/0131 

 LVDS     Bit 7-4               LVD 
                                000LVDO 
LVDCIF      Bit 3               001LVDO 
 LVDIF      Bit 2    R/W
 LVDIE      Bit 1               010LVDO 
LVDEN       Bit 0               011LVDO 
                                1xxLVDO 
                                LVD 
                                x0002.2V
                                x0012.4V
                                x0102.6V
                     R/W x0112.8V
                                x1003.0V
                                x1013.6V
                                x1104.0V
                                x1114.6V
                                LVD 
                      W 0
                                1LVD
                                LVD 
                                0LVDO 
                      R
                                1LVDO
                                LVDCIF
                                LVD 
                     R/W 0
                                1
                                LVD 
                     R/W 0
                                1

7. 5. 2. 4 PMU_TWUR

PMU_TWUR
010H
00000000_00000000_00001111_11111111B

31 30 29 28 27 26 25 24 23 22 21 20 19 18 17 16 15 14 13 12 11 10 9 8 7 6 5 4 3 2 1 0

          Reserved
                                                                                                      TWU

Reserved  Bit 31-12   --  
   TWU    Bit 11-0   R/W  

                          TWAKEUP = TSYSCLK × (TWU + 1)

V1.6                                              85/578
©                         http://www.essemi.com
                                                                                                        ES32F0100/0101/0131 

                               8 RMU

8. 1 

         RMU_RSTSR 
        

8. 2 

        POR/BOR
        MRST
       
       LOCKUP
       CFG_RST
        3 

               
               
               
       

8. 3 

   BOR  POR/BOR
   POR  

            
 

 MRST            
WDT
LOCKUP
CFG_RST
CHIPRST
 CPURST
SYSRSTREQ

         8-1 

V1.6                                     86/578
©                http://www.essemi.com
                                                          ES32F0100/0101/0131 

8. 4 

ES32F010x/0131  8 CPURST  CPU 
 CPU 

              POR     BOR     MRSTN    WDT      LOCKUP CHIPRST    SYSRST   CPU
                                                                    REQ    RST
RMU           POR=1   BOR=1   NMRST=1  WWDT=1   LOCKUP=1  CHIP=1
                                                                  MCU=1   CPU=1
                0x0                     IWDT=1
(RMU_RSTSR)                                                         0x0      ­
     LVDEN      0x1   0x0     0x0      0x0      0x0       0x0
                                                                      ­      ­
  (LVDCR[0])    0x0   0x1     0x1      0x1      ­         0x1
   SYS_STU                                                            ­      ­
  (CMU_CSR)     0x2   0x0     0x0      0x0      ­         0x0
   CFT_STU                                                            ­      ­
  (CMU_CSR)   1       0x2     0x2      0x2      ­         0x2
   HRCFSW       0x0                                                   ­      ­
 (CMU_CFGR)     0x1   1       1        1        ­         1         0x0      ­
                                                                    0x1      ­
              0xFFFF    0x0     0x0      0x0      0x0       0x0   0xFFFF     ­
   HOSC_EN    0x1000    0x1     0x1      0x1      0x1       0x1   0x1000     ­
    HRC_EN            0xFFFF  0xFFFF   0xFFFF   0xFFFF    0xFFFF      ­      ­
CMU_AHBENR            0x1000  0x1000   0x1000   0x1000    0x1000             ­
CMU_APBENR
CPU                           ­        ­        ­         

                                                          
   

                               8-1 

8. 4. 1 

            LOCKUP WDT 
            

8. 4. 2 

             POR  VDD  VPOR/VPDR 
            

8. 4. 3 

            BOR
            VBOR  3  VBOR 

            VDD VBOR 

V1.6                                                                                      87/578
©                                                                 http://www.essemi.com
                                                                                                        ES32F0100/0101/0131 

8. 4. 4 

             FLASH 

8. 4. 5 

            
             FLASH 

8. 4. 6 LOCKUP

            
             Cortex-M0 

8. 4. 7 

            
            

8. 4. 8 

8. 4. 8. 1 CHIPRST
               RMU_AHB2RSTR.CHIPRST 
               FLASH 

8. 4. 8. 2 CPUCPURST
              CPU  RMU_AHB2RSTR.CPURST 

8. 4. 8. 3 SYSRSTREQ
              MCU 

8. 4. 8. 4 
              
              AHB1 RMU_AHB1RSTR GPIOCRCPIS 
              
              AHB2 RMU_AHB2RSTR CPU 
              APB RMU_APBRSTRADC
               APB 

V1.6                          88/578
©     http://www.essemi.com
                             ES32F0100/0101/0131 

8. 5 

8. 5. 1 

RMU                          
                000H
                010H  RMU 
RMU_CR          014H  RMU 
RMU_RSTSR       020H  RMU 
RMU_CRSTSR      024H  AHB1 
RMU_AHB1RSTR    030H  AHB2 
RMU_AHB2RSTR          APB 
RMU_APBRSTR

V1.6                                                   89/578
©                              http://www.essemi.com
                                                                                                        ES32F0100/0101/0131 

8. 5. 2 

8. 5. 2. 1 RMURMU_CR

RMU RMU_CR
00H
00000000_00000000_00000000_00000001B

31 30 29 28 27 26 25 24 23 22 21 20 19 18 17 16 15 14 13 12 11 10 9 8 7 6 5 4 3 2 1 0

                     Reserved
                                                                                                              BORFLT
                                                                                                                          Reserved

Reserved  Bit 31-4    -- 0
BORFLT    Bits 3-1              BOR 
Reserved                        00x1  LRC 
            Bit 0               0102LRC
                                0113LRC

                     R/W
                                1004LRC
                                1015LRC
                                1106LRC
                                1117LRC
                                1

                      --
                                

8. 5. 2. 2 RMURMU_RSTSR

RMU RMU_RSTSR
10H
00000000_00000000_00000100_00000011B

31 30 29 28 27 26 25 24 23 22 21 20 19 18 17 16 15 14 13 12 11 10 9 8 7 6 5 4 3 2 1 0

          Reserved
                                                        CFGERR
                                                                         Reserved
                                                                                           CF G
                                                                                                CPU
                                                                                                      MCU
                                                                                                            CHIP
                                                                                                                  LOCKU P
                                                                                                                        WWDT
                                                                                                                             IWDT
                                                                                                                                   NMRST
                                                                                                                                         BOR
                                                                                                                                               Reserved
                                                                                                                                                    POR

Reserved  Bit 31-17  -- 
                              
CFGERR      Bit 16            0

Reserved  Bit 15-11  R 1
   CFG      Bit 10            
                              

                     -- 
                              

                     R
                              0

V1.6                                         90/578
©                    http://www.essemi.com
   CPU    Bit 9                                         ES32F0100/0101/0131 

   MCU    Bit 8           1
                          
  CHIP    Bit 7            CPU 
LOCKUP    Bit 6  R 0
 WWDT     Bit 5           1
          Bit 4            MCU 
  IWDT    Bit 3           0
 NMRST    Bit 2           1
          Bit 1  R 
   BOR    Bit 0           Application Interrupt and Reset Control
Reserved                  RegisterSYSRESETREQ1
                          ARM
   POR                     CHIP 
                 R 0
                          1
                          Lockup 
                 R 0
                          1
                          WWDT 
                 R 0
                          1
                          IWDT 
                 R 0
                          1
                          NMRST 
                 R 0
                          1
                          BOR 
                 R 0
                          1
                 -- 
                          POR 
                 R 0
                          1

 1 RMU_RSTSR  bit0~1  RMU_RSTSR 
        bit2~bit5  bit7  bit2~bit5  bit7 

 2 RMU_CRSTSR  1 

V1.6                                     91/578
©                http://www.essemi.com
                                                                                                        ES32F0100/0101/0131 

8. 5. 2. 3 RMURMU_CRSTSR

RMU RMU_CRSTSR
14H
00000000_00000000_00000000_00000000B

31 30 29 28 27 26 25 24 23 22 21 20 19 18 17 16 15 14 13 12 11 10 9 8 7 6 5 4 3 2 1 0

          Reserved
                                                                         CF G
                                                                               CPU
                                                                                     MCU
                                                                                           CHIP
                                                                                                LOCKU P
                                                                                                      WWDT
                                                                                                            IWDT
                                                                                                                  NMRST
                                                                                                                        BOR
                                                                                                                             Reserved
                                                                                                                                   POR

Reserved  Bit 31-11  -- 
   CFG      Bit 10            
   CPU      Bit 9
   MCU      Bit 8    W 0
  CHIP      Bit 7             1
            Bit 6              CPU 
LOCKUP      Bit 5
 WWDT       Bit 4    W 0
  IWDT      Bit 3             1
 NMRST      Bit 2              MCU 
            Bit 1
   BOR      Bit 0    W 0
Reserved                      1
                               CHIP 
   POR
                     W 0
                              1
                              LOCKUP 

                     W 0
                              1
                              WWDT 

                     W 0
                              1
                              IWDT 

                     W 0
                              1
                              NMRST 

                     W 0
                              1
                              BOR 

                     W 0
                              1

                     -- 
                              POR 

                     W 0
                              1

V1.6                                                           92/578
©                                      http://www.essemi.com
                                                                                                        ES32F0100/0101/0131 

 RMU_RSTSR  bit0~1  RMU_RSTSR 
      bit2~bit5  bit7  bit2~bit5  bit7 

8. 5. 2. 4 AHB1 RMU_AHB1RSTR

AHB1 RMU_AHB1RSTR
10H
00000000_00000000_00000000_00000000B

31 30 29 28 27 26 25 24 23 22 21 20 19 18 17 16 15 14 13 12 11 10 9 8 7 6 5 4 3 2 1 0

                    Reserved
                                                                                                  PISRST
                                                                                                             Reserved
                                                                                                                         CRCRST
                                                                                                                              GPIORST

Reserved  Bit 31-6   -- 
 PISRST     Bit 5              PIS 
Reserved   Bit4-2
CRCRST      Bit 1   R/W 0
                               1
GPIORST     Bit 0
                     -- 
                               CRC 

                    R/W 0
                               1
                               GPIO 

                    R/W 0
                               1

8. 5. 2. 5 AHB2 RMU_AHB2RSTR

AHB2 RMU_AHB2RSTR
14H
00000000_00000000_00000000_00000000B

31 30 29 28 27 26 25 24 23 22 21 20 19 18 17 16 15 14 13 12 11 10 9 8 7 6 5 4 3 2 1 0

                    Reserved
                                                                                                                CPURST
                                                                                                                      CHIPRST

Reserved  Bit 31-2   -- 
CPURST      Bit 1              
CHIPRST     Bit 0              0

                    R/W
                               1
                               
                               

                    R/W 0
                               1

V1.6                                                          93/578
©                                     http://www.essemi.com
                                                                                                        ES32F0100/0101/0131 

8. 5. 2. 6 APBRMU_APBRSTR

APB RMU_APBRSTR
10H
00000000_00000000_00000000_00000000B

31 30 29 28 27 26 25 24 23 22 21 20 19 18 17 16 15 14 13 12 11 10 9 8 7 6 5 4 3 2 1 0

Reserved
              ACMP1RST
                    ACMP0RST

                          ADCRST
                               DBGCONRST
                                     IWDTRST
                                           WWDTRST
                                                 I2C1RST
                                                       I2C0RST
                                                                  Reserved
                                                                              SPI0RST
                                                                                      Reserved
                                                                                               USART1RST
                                                                                                     USART0RST
                                                                                                                            Reserved
                                                                                                                                                   GP16C2T2RST
                                                                                                                                                         GP16C2T1RST
                                                                                                                                                               GP16C2T0RST
                                                                                                                                                                     BS16T0RST
                                                                                                                                                                          AD16C4T0RST

   Reserved  Bit 31-28   -- 
 ACMP1RST      Bit27               ACMP1 
 ACMP0RST      Bit26
               Bit25    R/W 0
   ADCRST      Bit24               1
DBGCONRST      Bit23               ACMP0 
               Bit22
  IWDTRST      Bit 21   R/W 0
 WWDTRST       Bit 20              1
                                   ADC 
   I2C1RST   Bit 19-17
   I2C0RST     Bit 16   R/W 0
   Reserved                        1
   SPI0RST   Bit 15-14             DBGCON 
   Reserved    Bit 13
USART1RST               R/W 0
                                   1
                                   IWDT 

                        R/W 0
                                   1
                                   WWDT 

                        R/W 0
                                   1
                                   I2C1 

                        R/W 0
                                   1
                                   I2C0 

                        R/W 0
                                   1

                         -- 
                                   SPI0 

                        R/W 0
                                   1

                         -- 
                                   USART1 

                        R/W
                                   0

V1.6                                                                94/578
©                                           http://www.essemi.com
 USART0RST    Bit 12                                            ES32F0100/0101/0131 
    Reserved  Bit11-5
                                  1
GP16C2T2RST    Bit 4              USART0 
GP16C2T1RST    Bit 3   R/W 0
GP16C2T0RST    Bit 2              1
               Bit 1    -- 
  BS16T0RST    Bit 0              GP16C2T2 
AD16C4T0RST            R/W 0
                                  1
                                  GP16C2T1 
                       R/W 0
                                  1
                                  GP16C2T0 
                       R/W 0
                                  1
                                  BS16T0 
                       R/W 0
                                  1
                                  AD16C4T0 
                       R/W 0
                                  1

V1.6                                           95/578
©                      http://www.essemi.com
                                                                                                        ES32F0100/0101/0131 

                               9 CMU

9. 1 

        CMUMCU 
        

9. 2 

       
               1~12MHz HOSC
               48(52)/32/16/2MHz  RC HRC
               32KHz  RC LRC

       
       APB 
       
       

HRC  ES32F0100  48MHzES32F0101  52MHz

V1.6                          96/578
©     http://www.essemi.com
                                                                                                             ES32F0100/0101/0131 

9. 3 

                                   HRC_CLK                                                    SYSCS          CFBP           SYSDIV              STOP2

15~33pF HOSC1                      HOSC_ CLK                   HOSM_SRC  HOSM_SRC
     1~ 12                                                                 HRC_SRC
      MHz                          HOSCEN                  to NMI          LRC_SRC                           MCLK           ÷1,2,4,8,
                                                           HOSMEN                                                            ..., 4096
15~33pF HOSC2           HOSC HOSC_ SRC                                   HOSC_CLK                    Clock                                             SYSCLK to CPU
                                                           SCAN_MUX                                  Filter                            LRC_SRC
                  HSCO                        HOSM
                  LSCO
                        1~12MHz

                                   CTS_ROOT_BUF

                        HRC        HRCEN

                                   FRESEL

                        2MHz/ HRC_ SRC                                                                                                          to AHB Bus matrix, DMA

                        16MHz/          CTS_ROOT_BUF        SCAN_MUX               HRC_CLK                                                      to CMU, RMU, PMU, PIS
                                                                                                                                                to Flash, SRAM
                        32MHz/                                                                                     CLK_GATE         HCLK        to GPIO
                                                                                                                                                to CRC
                        48(52)MHz

                                                                                                                   PCLKDIV                             to APB bridge
                                                                                                                                                       to TIMx
                          LRC
                                   LRCEN                                                                     ÷1,2,4,8,                          PCLK to USARTx
                                                                                                              ..., 4096
                                                                                                                            CLK_GATE                   to SPIx

                        32KHz      LRC_SRC                  SCAN_MUX               LRC_CLK                                                             to I2Cx

                        (±6%)                 CTS_ROOT_BUF                                                                                             to WWDT

                                                                                                                                                       to IWDT

                           MCOPS   MCOS                                              BUZPRS          BUZPOS

                         ÷1,2,4,                HOSC_ SRC   BUZEN        Gate      ÷1,2,4,8,         ÷1,2,3,4, BUZ
                         8,16,32                HOSM_ SRC   SYSCLK                   ..., 256        ..., 65536
                                                HRC_SRC
                        LSCOS                   LRC_ SRC                             HOSCDIV
                                                SYSCLK
                                                BUZ                                ÷1,2,3,4,
                                                                                      ...24
                        BUZ                                              HOSC_CLK                    HOSC1M_ SRC   HOSM: High Speed Oscillator Stop Management
                        LRC_ SRC                                                                                   CMU: Clock Management Unit
                                                                                                                   RMU: Reset Management Unit
                                                                                                                   PMU: Power Management Unit

                                                            9-1 

V1.6                                                                                                                                                97/578
©                                                                                                                           http://www.essemi.com
                                                                                                        ES32F0100/0101/0131 

9. 4 

9. 4. 1 HOSC

            HOSC  1~12MHz 
             15~33pF 
            HOSC 
            HOSC 1~8 MHz  8~12MHz
            
             CMU_CLKENR  HOSCFLYBPS
             1
            
            

                                                                    

                                                            Rf

HOSC_IN                Crystal
                   C1               HOSC_OUT

                           C2

                               

       9-2 HOSC 



                       C1  L1  R1

                           C0

                                         9-3 

 1C1L1R1 C0 ESR=R1 x (1+C0/CL)²CL 
        

 2 1~8MHz 
        ESR200CL16pF16pF 9~12MHz  ESR50
        CL16pF16pF

9. 4. 2 RCHRC

             RC  HRC 2MHz/16MHz/32MHz/48(52)MHz 

V1.6                                                                  98/578
©                                             http://www.essemi.com
                                                                                                        ES32F0100/0101/0131 

             32MHz

9. 4. 3 RCLRC

             RC  LRC  32KHz LRC 

9. 4. 4 

             CMU CMU_CSR SYS_CMD 

            

               HRC
               LRC
                HOSC HOSC  HRC
                CMU_CFGR 

9. 4. 5 

             HOSM
            HOSM CMU_HOSMCR  EN  1HOSM
             HOSC  HOSC 
             HOSC  HRC
            
            CMU_HOSMCR  STPIF CMU_HOSMCR 
            STPIE  1          NMI   
            CMU_HOSMCR  NMIE  1 NMI ()

V1.6                          99/578
©     http://www.essemi.com
                            ES32F0100/0101/0131 

9. 5 

9. 5. 1                                                  
                     000H   CMU 
CMU                  004H   CMU 
                            
                 008H~00CH  CMU 
CMU_CSR              010H   CMU 
CMU_CFGR             014H   
Reserved             018H   HOSC 
CMU_CLKENR           01CH   HOSC 
CMU_CLKSR            020H   
Reserved                    CMU 
CMU_HOSCCFG      024H~02CH  BUZZ 
CMU_HOSMCR           030H   
Reserved             034H   AHB 
CMU_CLKOCR                  
CMU_BUZZCR       038H~03CH  APB 
Reserved             040H   
CMU_AHBENR                  
Reserved         044H~04CH  
CMU_APBENR           050H
Reserved
CMU_LPENR        054H~05CH
Reserved             060H

                 064H~09CH

V1.6                                              100/578
©                           http://www.essemi.com
                                                                                                        ES32F0100/0101/0131 

9. 5. 2 

9. 5. 2. 1 CMUCMU_CSR

CMU CMU_CSR
000H
00000000_00000000_00000001_00000000B

31 30 29 28 27 26 25 24 23 22 21 20 19 18 17 16 15 14 13 12 11 10 9 8 7 6 5 4 3 2 1 0

Reserved
                    CFT_RDYN
                         CFT_STU
                                                   CFT_CMD
                                                                                   Reserved
                                                                                               SYS_RDYN
                                                                                                        Reserved
                                                                                                                   SYS_STU
                                                                                                                                          Reserved
                                                                                                                                                                 SYS_CMD

Reserved  Bit 31-26  -- 
                              
CFT_RDYN  Bit 25              0
                              1
CFT_STU   Bit 24
                     R
CFT_CMD   Bit 23-16           
                              
Reserved  Bit 15-13           
                              
SYS_RDYN  Bit 12
                     R 0
Reserved  Bit 11-10           1
                              
SYS_STU   Bit 9-8             0x55
                              0xAA
Reserved  Bit 7-2             

V1.6                 W 1
©                             2
                              0
                              332MHz
                              

                     -- 
                              
                              0

                     R 1
                              
                              

                     -- 
                              
                              00

                     R 01HRC
                              10LRC
                              11HOSC

                     -- 

                                                                                                 101/578
                                                                          http://www.essemi.com
SYS_CMD   Bit 1-0                                           ES32F0100/0101/0131 

                              
                              00
                              01HRC
                              10LRC
                     W
                              11HOSC
                              1HRC
                              2
                              0

 1 32MHz 48MHz
        

 2 SYSCLK  1 CMU_CFGR 
        SYSDIV  0

9. 5. 2. 2 CMUCMU_CFGR

CMU CMU_CFGR
004H
00000010_00000000_00000000_00000000B

31 30 29 28 27 26 25 24 23 22 21 20 19 18 17 16 15 14 13 12 11 10 9 8 7 6 5 4 3 2 1 0

Reserved
                       HRCFSW
                                        Reserved
                                                               PCLKDIV
                                                                                      SYSDIV
                                                                                                                                    Reserved

Reserved  Bit 31-26   -- 
                                HRC 
HRCFSW    Bit 25-24             002MHz
                                0116MHz
Reserved  Bit 23-20
                     R/W
PCLKDIV   Bit 19-16             1032MHz
                                1148(52)MHz(ES32F010048MHz0101
SYSDIV    Bit 15-12             52MHz)

V1.6                  -- 
©                               PCLK 
                                00001
                                00012
                                00104
                                00118

                     R/W ......
                                11004096
                                
                                1HRC(32MHz
                                )0.3%
                                1

                     R/W SYSCLK 

                                                                                                   102/578
                                                                            http://www.essemi.com
Reserved     Bit11-0                                           ES32F0100/0101/0131 

                                 00001
                                 00012
                                 00104
                                 00118
                                 ......
                                 11004096
                                 
                                 1HRC(32MHz
                                 )0.3%
                                 1
                        -- 

 SYSCLK  1 CMU_CFGR 
      SYSDIV  0

9. 5. 2. 3 CMUCMU_CLKENR

CMU CMU_CLKENR
010H
00000000_00000000_00000000_00011100B

31 30 29 28 27 26 25 24 23 22 21 20 19 18 17 16 15 14 13 12 11 10 9 8 7 6 5 4 3 2 1 0

             Reserved
                                                                            HOSCFLYBPS

                                                                                  HOSCBPS
                                                                                        HOSC1M
                                                                                                          Reserved
                                                                                                                           HRCEN
                                                                                                                                 Reserved
                                                                                                                                      HOSCEN

   Reserved  Bit 31-11   -- 
HOSCFLYBPS     Bit 10              HOSC Bypass Filter 

  HOSCBPS      Bit 9    R/W 0
                                   1
   HOSC1M      Bit 8               HOSC Bypass 
   Reserved   Bit 7-3
    HRCEN      Bit 2    R/W 0
   Reserved    Bit 1               1
   HOSCEN      Bit 0               HOSC1M 

                        R/W 0
                                   1

                         -- 
                                   HRC 

                        R/W 0
                                   1

                         -- 
                                   HOSC 

                        R/W
                                   0

V1.6                                          103/578
©                       http://www.essemi.com
                           ES32F0100/0101/0131 

                      1

9. 5. 2. 4 CMUCMU_CLKSR

CMU CMU_CLKSR
014H
00000000_0000xx00_00000000_00000000B

31 30 29 28 27 26 25 24 23 22 21 20 19 18 17 16 15 14 13 12 11 10 9 8 7 6 5 4 3 2 1 0

           Reserved
                                                LRCRD Y
                                                      HRCRDY
                                                            Reserved
                                                                  HOSCRDY
                                                                                                          Reserved
                                                                                                                                                   HRCACT
                                                                                                                                                        Reserved
                                                                                                                                                              HOSCACT

 Reserved  Bit 31-20  -- 
 LRCRDY      Bit 19            LRC 

 HRCRDY      Bit 18   R 0
 Reserved    Bit 17            1
HOSCRDY      Bit 16            HRC 
 Reserved  Bit 15-3
 HRCACT       Bit 2   R 0
 Reserved     Bit 1            1
HOSCACT       Bit 0
                      -- 
                               HOSC 

                      R 0
                               1

                      -- 
                               HRC 

                      R 0
                               1

                      -- 
                               HOSC 

                      R 0
                               1

9. 5. 2. 5 HOSCCMU_HOSCCFG

HOSC CMU_HOSCCFG
1CH
00000000_00000000_00000000_00010111B

31 30 29 28 27 26 25 24 23 22 21 20 19 18 17 16 15 14 13 12 11 10 9 8 7 6 5 4 3 2 1 0

                      Reserved
                                                                                                                  FREQ

Reserved   Bit 31-5   -- 

V1.6                                                        104/578
©                                     http://www.essemi.com
FREQ      Bit 4-0                                             ES32F0100/0101/0131 

                                HOSC 
                                0x001MHz
                                0x012MHz
                     R/W ......
                                0x0A11MHz
                                0x0B12MHz
                                

9. 5. 2. 6 HOSCCMU_HOSMCR

HOSC CMU_HOSMCR
020H
00000000_00000000_00000000_00000000B

31 30 29 28 27 26 25 24 23 22 21 20 19 18 17 16 15 14 13 12 11 10 9 8 7 6 5 4 3 2 1 0

      Reserved
                                        NMIE
                                              STPIF
                                                    STRI F
                                                          STPIE
                                                               STRI E
                                                                                 Reserved
                                                                                                        FRQS
                                                                                                                                  Reserved
                                                                                                                                                      FLAG
                                                                                                                                                            EN

Reserved  Bit 31-21   -- 
  NMIE      Bit 20              HOSC
  STPIF     Bit 19
                     R/W 0
  STRIF     Bit 18              1
  STPIE     Bit 17              HOSC
  STRIE     Bit 16              0 HOSC 
Reserved  Bit 15-11
  FRQS    Bit 10-8   R/W
                                1HOSC
                                10
                                HOSC
                                0 HOSC 

                     R/W
                                1HOSC
                                10
                                HOSC

                     R/W 0
                                1
                                HOSC

                     R/W 0
                                1

                      -- 
                                HOSC 
                                0001~2MHz
                                0012~4MHz

                     R/W
                                0104~8MHz
                                0118~12MHz
                                1xx

V1.6                                       105/578
©                    http://www.essemi.com
                     ES32F0100/0101/0131 

Reserved  Bit 7-2               
  FLAG     Bit 1                
                      -- 
    EN     Bit 0                HOSC 
                      R 0HOSC 
                                1HOSC
                                HOSC 
                     R/W 0
                                1

HOSC  STPIF STRIF FLAG
     

9. 5. 2. 7 CMUCMU_CLKOCR

CMU CMU_CLKOCR
030H
00000000_00000000_00000000_00000000B

31 30 29 28 27 26 25 24 23 22 21 20 19 18 17 16 15 14 13 12 11 10 9 8 7 6 5 4 3 2 1 0

Reserved
                       LSCOS
                                                    Reserved
                                                                           LSCOEN
                                                                                 Reserved
                                                                                            HSCODIV
                                                                                                        Reserved
                                                                                                                   HSCOS
                                                                                                                                                Reserved
                                                                                                                                                                       HSCOEN

Reserved  Bit 31-27   -- 
 LSCOS    Bit 26-24             
Reserved  Bit 23-17             000BUZZ
LSCOEN
Reserved    Bit 16   R/W
            Bit 15              001LRC
                                
HSCODIV   Bit 14-12
                      -- 
Reserved  Bit 11                

V1.6                 R/W 0
©                               1

                      -- 
                                
                                0001 
                                0012 
                                0104 

                     R/W 0118 
                                10016 
                                10132 
                                11064 
                                111128 

                      -- 

                                                                                                   106/578
                                                                            http://www.essemi.com
 HSCOS    Bit 10-8                                            ES32F0100/0101/0131 

Reserved  Bit 7-1               
HSCOEN      Bit 0               000HOSC
                                001HOSM
                                010HRC
                     R/W
                                011LRC
                                100SYSCLK
                                101BUZZ
                                
                      -- 
                                
                     R/W 0
                                1

9. 5. 2. 8 BUZZCMU_BUZZCR

BUZZ CMU_BUZZCR
034H
00000000_00000000_00000000_00000000B

31 30 29 28 27 26 25 24 23 22 21 20 19 18 17 16 15 14 13 12 11 10 9 8 7 6 5 4 3 2 1 0

          DAT
                                                                      Reserved
                                                                                             DIV
                                                                                                                          Reserved
                                                                                                                                                 EN

                          BUZZ

   DAT    Bit 31-16  R/W  FreqBUZZ  =      FreqSYSCLK
Reserved  Bit 15-11                    2DIV +1 × (DAT + 1)

   DIV    Bit 10-8    -- 
                                BUZZ 
Reserved   Bit 7-1              0002 
    EN       Bit 0              0014 
                                0108 

                     R/W 01116 
                                10032 
                                10164 
                                110128 
                                111256 

                      -- 
                                BUZZ 

                     R/W 0
                                1

V1.6                                                           107/578
©                                        http://www.essemi.com
                                                                                                        ES32F0100/0101/0131 

9. 5. 2. 9 AHBCMU_AHBENR

AHB CMU_AHBENR
040H
00000000_00000000_00010000_00000000B

31 30 29 28 27 26 25 24 23 22 21 20 19 18 17 16 15 14 13 12 11 10 9 8 7 6 5 4 3 2 1 0

                    Reserved
                                                                                                  PISEN
                                                                                                             Reserved
                                                                                                                         CRCEN
                                                                                                                              GPIOEN

Reserved  Bit 31-6    -- 
 PISEN      Bit 5               PIS 
          Bit 4-2
Reserved    Bit 1    R/W 0
 CRCEN                          1
            Bit 0
GPIOEN                -- 
                                CRC 

                     R/W 0
                                1
                                GPIO 

                     R/W 0
                                1

9. 5. 2. 10 APBCMU_APBENR

APB CMU_APBENR
050H
00000000_00000000_00010000_00000000B

31 30 29 28 27 26 25 24 23 22 21 20 19 18 17 16 15 14 13 12 11 10 9 8 7 6 5 4 3 2 1 0

Reserved
              ACMP1EN
                    ACMP0EN
                          ADCEN
                               DBGCEN
                                     IWDTEN
                                           WWDTEN
                                                 I2C1EN
                                                       I2C0EN
                                                                  Reserved
                                                                              SPI0EN
                                                                                      Reserved
                                                                                               USART1EN
                                                                                                     USART0EN
                                                                                                                            Reserved
                                                                                                                                                   GP16C2T2EN
                                                                                                                                                         GP16C2T1EN
                                                                                                                                                               GP16C2T0EN
                                                                                                                                                                     BS16T0EN
                                                                                                                                                                          AD16C4T0EN

Reserved  Bit 31-28   -- 
ACMP1EN     Bit27               ACMP1 

ACMP0EN   Bit26      R/W 0
                                1
ADCEN     Bit25                 ACMP0 

V1.6                 R/W 0
©                               1
                                ADC 

                     R/W 0
                                1

                                                                                          108/578
                                                                    http://www.essemi.com
                        ES32F0100/0101/0131 

   DBGCEN      Bit24               DBGC 
   IWDTEN      Bit23    R/W 0
  WWDTEN       Bit22
    I2C1EN     Bit 21              1
    I2C0EN     Bit 20              IWDT 
   Reserved  Bit 19-17  R/W 0
    SPI0EN     Bit 16              1
   Reserved  Bit 15-14             WWDT 
 USART1EN      Bit 13   R/W 0
 USART0EN      Bit 12              1
   Reserved   Bit11-5              I2C1 
GP16C2T2EN      Bit 4   R/W 0
GP16C2T1EN      Bit 3              1
GP16C2T0EN      Bit 2              I2C0 
  BS16T0EN      Bit 1   R/W 0
AD16C4T0EN      Bit 0              1
                         -- 
                                   SPI0 
                        R/W 0
                                   1
                         -- 
                                   USART1 
                        R/W 0
                                   1
                                   USART0 
                        R/W 0
                                   1
                         -- 
                                   GP16C2T2 
                        R/W 0
                                   1
                                   GP16C2T1 
                        R/W 0
                                   1
                                   GP16C2T0 
                        R/W 0
                                   1
                                   BS16T0 
                        R/W 0
                                   1
                                   AD16C4T0 
                        R/W 0
                                   1

V1.6                                          109/578
©                       http://www.essemi.com
                                                                                                        ES32F0100/0101/0131 

9. 5. 2. 11 CMU_LPENR

CMU_LPENR
060H
00000000_00000000_00000000_00000000B

31 30 29 28 27 26 25 24 23 22 21 20 19 18 17 16 15 14 13 12 11 10 9 8 7 6 5 4 3 2 1 0

                    Reserved
                                                                                                       HOSCEN
                                                                                                             HRCEN

                                                                                                                      Reserved

Reserved  Bit 31-4   -- 
HOSCEN      Bit 3              STOP  HOSC 

 HRCEN      Bit 2   R/W 0
Reserved  Bit 1-0              1
                               STOP  HRC 

                    R/W 0
                               1

                     -- 

V1.6                                      110/578
©                   http://www.essemi.com
                                                                                                        ES32F0100/0101/0131 

                             10 DMADMA

10. 1 

             DMA  CPU  DMA  CPU 
              DMA 

10. 2 

        :
        4  DMA 
       
       
       
        AHB-Lite 
        DMA 
        DMA 
        DMA 
        DMA  FLASH  DMA 

               
               
               

  DMA 

V1.6                         111/578
©     http://www.essemi.com
                                    ES32F0100/0101/0131 

10. 3 

        APB                         AHB

                     APB  AHB-Life       DMA
                           

                                         
                                         
                                         

        DMA

         10-1 DMA 

V1.6                                                           112/578
©                                        http://www.essemi.com
              ES32F0100/0101/0131 

10. 4 

10. 4. 1 

             DMA 
             DMA_CH0_SELCON-DMA_CH5_SELCON 
             MSEL  MSIGSEL MSEL 
            MSIGSEL 

DMA 

10. 4. 2 DMA

10. 4. 2. 1 DMA
               DMA 
              

 4 R_powerAHB 
 R  2 2R R = 4 24 = 16 16

 DMA 

  R_power                                 x  DMA 
    b0000                                               x=1
    b0001                                               x=2
    b0010                                               x=4
    b0011                                               x=8
    b0100                                              x = 16
    b0101                                              x = 32
    b0110                                              x = 64
    b0111
    b1000                                             x = 128
    b1001                                             x = 256
                                                      x = 512
b1010-b1111                                           x = 1024

               10-1 

 R_power 
     

 DMA  N  N > 2R  N  2R 
 2R  N  2R N  DMA 

 R_power 

V1.6                                113/578
©             http://www.essemi.com
                   ES32F0100/0101/0131 

10. 4. 2. 2 
              

    - 
    - 
 CHNL_PRIORITY_SET 

 0 

                   
   0                     
   1                            -
   2                            -
    -                           -
    -                           -
    -                           -
  30                            -
  31                            -
   0                            -
   1                            -
   2                            -
    -                           -
    -                           -
    -                           -
  30                            -
  31                     
               

        10-2 DMA 

 DMA  DMA 

V1.6                                     114/578
©                  http://www.essemi.com
                             ES32F0100/0101/0131 

                   

          

                   

          

                   ?

                   

          
                          

              DMA

       10-2 

V1.6                                        115/578
©                     http://www.essemi.com
                          ES32F0100/0101/0131 

10. 4. 2. 3 DMA
               cycle_ctrl  DMA 

cycle_ctrl                                  
   b000                            
   b001
   b010                                  DMA 
   b011                                     
   b100                                        
   b101
   b110                    -
   b111                    -
                            -
                            -

             10-3 DMA 

cycle_ctrl  channel_cfg 

 2R 
 2R  DMA  DMA
 R_power 


 DMA  DMA






1.  2R  0 3

2. 

    - 
    -  1
3.  dma_done[C] hclk  DMA 

 DMA 






1.  2R  0 3

2.  C  1

3.  dma_done[C] hclk  DMA 

V1.6                                                   116/578
©                                http://www.essemi.com
                                                                  ES32F0100/0101/0131 


 DMA 
 DMA 


 DMA 

 A : , cycle_ctrl = b011,2R = 4,N = 6                      A
                                           

                                                                  dma_done[C]

B : , cycle_ctrl = b011,2R = 4,N = 12                          B
                                                       
                                                                  dma_done[C]
                                                                  dma_done[C]
                                                                  dma_done[C]
C : , cycle_ctrl = b011,2R = 4,N = 2                              dma_done[C]

                                                            C

D : , cycle_ctrl = b011,2R = 4,N = 5                           D
                                                         

                          

E : , cycle_ctrl = b011,2R = 4,N = 7                       E
                                        

                        

 : , cycle_ctrl = b000                                        

                           10-3 

V1.6                                                                                    117/578
©                                                                 http://www.essemi.com
                                                                                       ES32F0100/0101/0131 

 A
1.  A 
2.  B  A 

       B
3.  4  DMA 
4. 

      
5.  2  DMA 
6.  dma_done[C] hclk 
 A  C  B 
 C
 B 
 B
7.  4  DMA 
8. 

      
9.  4  DMA 
10. 

      
11.  4  DMA 
12.  dma_done[C] hclk 
 B  D 
 C 
 C
13.  2  DMA 
14.  dma_done[C] hclk 
 C  E 
 D 
 D
15.  4  DMA 
16. 

      
17.  DMA 

V1.6                        118/578
©     http://www.essemi.com
                                                                                                        ES32F0100/0101/0131 

              18.  dma_done[C] hclk 
               E 
               E
              19.  4  DMA 
              20. 

                    
              21.  3  DMA 
              22.  dma_done[C] hclk 
              
               D  cycle_ctrl 
              b000 DMA 

 cycle_ctrl  b001  E  DMA  DMA 

V1.6                        119/578
©     http://www.essemi.com
                                   ES32F0100/0101/0131 

              -
              -
              4  DMA  DMA 
               4  DMA 
              

                  - 
                  - 

 N  cycle_ctrl  b000 

           - dma_done[C]

           -
            channel_cfg 

                                   

               dst_inc     b10                
  [3130]      dst_size     b10                      
  [2928]       src_inc     b10
  [2726]      src_size     b10                
  [2524]      R_power     b1101                     
  [1714]   next_useburst
              cycle_ctrl     0                 4  DMA 
      [3]                 b100   - 0
    [20]
                                      - DMA 
  [2321]
  [2018]   dst_prot_ctrl  -       HPROT 
   [134]   src_prot_ctrl
           n_minus_1      -       HPROT 

                          Na  N  DMA  N  4 

                           10-4 -

 R_power  4 N  4 N/4 

V1.6                                                     120/578
©                                  http://www.essemi.com
                                             ES32F0100/0101/0131 

-



1.  ABC  D cycle_ctrl = b1002R = 4
      N = 16

2. 

 A   src_data_end_ptr      dst_data_end_ptr     channel_cfg         Unused
 B       0x0A000000           0x0AE00000                        0xXXXXXXXX
 C       0x0B000000           0x0BE00000     Cycle_ctrl = b101  0xXXXXXXXX
 D       0x0C000000           0x0CE00000        2R = 4N = 3     0xXXXXXXXX
         0x0D000000           0x0DE00000                        0xXXXXXXXX
                                             Cycle_ctrl = b101
                                                2R = 2N = 8

                                             Cycle_ctrl = b101
                                                2R = 8N = 5

                                             Cycle_ctrl = b010
                                                2R = 4N = 4

      10-5 

     }

            }
                                     

        Copy from A in
     memory, to Alternate

                                     A

                                             } N = 3, 2R = 4

        Copy from B in               B
     memory, to Alternate
                                       }N = 8, 2R = 2
                                   
                                   
                                   
        Copy from C in
     memory, to Alternate

                                      C

        Copy from D in                       }N = 5 , 2R = 8
     memory, to Alternate

                                     D

                                             }N = 4 , 2R = 4    dma_done[C]

      10-4 -

V1.6                                                                                121/578
©                                                             http://www.essemi.com
                                                                                       ES32F0100/0101/0131 


1.  cycle_ctrl  b100-

       4  2R  4
      4  N  16

2.  ABC  D  src_data_end_ptr 
      

3. 

 dma_req[ ]-


 A
1.  4  DMA  A 

2. 

 A
3.  A A 

      

 B
4.  4  DMA  B 

5. 

 B
6.  B B 

      

 C
7.  4  DMA  C 

8. 

 C
9.  C C 

      

 D
10.  4  DMA  D 

11.  cycle_ctrl  b000

12. 

 D
13.  D

14.  dma_done[C] hclk 

V1.6                        122/578
©     http://www.essemi.com
                                                                                                        ES32F0100/0101/0131 

              -
              -
               4  DMA  DMA 
              



               DMA 
               4  DMA 
              DMA 
              

                  - 
                  - 

 N  cycle_ctrl  b000 

           - dma_done[C]

           -
            channel_cfg 

                                    

            dst_inc         b10         
  [3130]   dst_size         b10               
  [2928]    src_inc         b10
  [2726]   src_size         b10         
  [2524]   R_power         b1101              
  [1714]   cycle_ctrl      b100
                                         4  DMA 
    [20]                          - DMA 

            dst_prot_ctrl  -       HPROT 
  [2321]    src_prot_ctrl
  [2018]     n_minus_1     -       HPROT 
   [134]
           next_useburst   Na  N  DMA  N  4 
      [3]
                                         1
                           -

                                               CHNL_USEBURST_SET[C] 1

                            10-6 -

 R_power  4 N  4 N/4 

V1.6                                                      123/578
©                                   http://www.essemi.com
                                             ES32F0100/0101/0131 

-



1.  ABC  D cycle_ctrl = b1102R = 4N
      = 16

2. 

     src_data_end_ptr      dst_data_end_ptr       channel_cfg         Unused
                              0x0AE00000     Cycle_ctrl = b1112R  0xXXXXXXXX
 A   0x0A000000               0x0BE00000                          0xXXXXXXXX
                              0x0CE00000           = 4N = 3       0xXXXXXXXX
 B   0x0B000000               0x0DE00000     Cycle_ctrl = b1112R  0xXXXXXXXX

 C   0x0C000000                                    = 2N = 8
                                             Cycle_ctrl = b1112R
 D   0x0D000000
                                                   = 8N = 5
                                             Cycle_ctrl = b0012R

                                                   = 4N = 4

                  10-7 

     }

            }
                                                         
                                     A                   
        Copy from A in                                     DMA
     memory, to Alternate
                                             } N = 3, 2R = 4

        Copy from B in               B
     memory, to Alternate
                                       }N = 8, 2R = 2
                                   
                                   
                                   
        Copy from C in
     memory, to Alternate

                                     C

        Copy from D in                       }N = 5 , 2R = 8
     memory, to Alternate

                                     D

                                             }N = 4 , 2R = 4      dma_done[C]

                            10-5 -

V1.6                                                                                124/578
©                                                             http://www.essemi.com
                                                                                       ES32F0100/0101/0131 


1.  cycle_ctrl  b110-

       4  2R  4 4 
       N  16
2.  ABC  D  src_data_end_ptr 
      

3. 
 dma_req[ ]-
 A
1.  4  DMA  A 
 A
2.  A
3.  A 



 B
4.  4  DMA  B 
 B
5.  B 3 
6.  B 



 C
7.  4  DMA  C 
 C
8.  C
9.  C 



 D
10.  4  DMA  D 
11.  cycle_ctrl  b000
 D
12.  DMA  D
13.  dma_done[C] hclk 

V1.6                        125/578
©     http://www.essemi.com
                                              ES32F0100/0101/0131 

10. 4. 2. 4 
               AHB-Lite 

               
                dma_err 
               dma_err 
              

              1.  CHNL_ENABLE_SET 
               dma_done[ ]
               dma_done[ ]
              2.  1  dma_done[C]

                    

10. 4. 3 

            

               
               
             8 

                      

Alternate_Ch_7  0xF0  Primary_Ch_7  0x070  {         0x00C
Alternate_Ch_6  0xE0  Primary_Ch_6  0x060            0x008
Alternate_Ch_5  0xD0  Primary_Ch_5  0x050            0x004
Alternate_Ch_4  0xC0  Primary_Ch_4  0x040            0x000
Alternate_Ch_3  0xB0  Primary_Ch_3  0x030
Alternate_Ch_2  0xA0  Primary_Ch_2  0x020
Alternate_Ch_1  0x90  Primary_Ch_1  0x010
Alternate_Ch_0  0x80  Primary_Ch_0  0x000

                   10-6 8 

 256Bytes  9 
                     0xXXXXX000  0xXXXXX200 
0xXXXXX400  0xXXXXX800

 CTRL_BASE_PTR 

 32
 DMA 

   
   

V1.6                                                                126/578
©                                             http://www.essemi.com
                                                                                                        ES32F0100/0101/0131 

                
                
10. 4. 3. 1 
              src_data_end_ptr 
               DMA  2R  DMA 
               src_data_end_ptr

10. 4. 3. 2 
              dst_data_end_ptr 
               DMA  2R  DMA 
               dst_data_end_ptr

10. 4. 3. 3 
              channel_cfg  DMA 

channel_cfg

31 30 29 28 27 26 25 24 23 22 21 20 19 18 17 16 15 14 13 12 11 10 9 8 7 6 5 4 3 2 1 0

dst_inc
           dst_size
                      src_inc
                                 src_size
                                                dst_prot_ctrl
                                                                src_prot_ctrl
                                                                                    R_power
                                                                                                                            n_minus_1
                                                                                                                                                           next_useburst
                                                                                                                                                                      cycle_ctrl

dst_inc  Bit 31-30            
                              
                               = 

                                         b00 = 
                                         b01 = 
                                         b10 = 
                                        b11 =  dst_data_end_ptr
                              
                               = 
                                        b00 = 
                    R/W
                                        b01 = 
                                        b10 = 
                                        b11 =  dst_data_end_ptr
                              
                               = 
                                        b00 = 
                                        b01 = 
                                        b10 = 
                                        b11 =  dst_data_end_ptr
                              

V1.6                                      127/578
©                   http://www.essemi.com
                          ES32F0100/0101/0131 

  dst_size     Bit 29-28            
                          R/W
   src_inc     Bit 27-26
                                     dst_size  src_size 
  src_size     Bit 25-24            
dst_prot_ctrl  Bit 23-21            
src_prot_ctrl  Bit 20-18             = 
               Bit 17-14
  R_power                                      b00 = 
                                               b01 = 
                                               b10 = 
                                               b11 =  src_data_end_ptr
                                    
                                     = 
                                               b00 = 
                          R/W
                                               b01 = 
                                               b10 = 
                                              b11 =  src_data_end_ptr
                                    
                                     = 
                                              b00 = 
                                              b01 = 
                                              b10 = 
                                              b11 =  src_data_end_ptr
                                    
                                    
                                    b00 = 
                          R/W b01 = 
                                    b10 = 
                                    b11 = 
                                    HPROT 
                                    bit[23]  DMA 
                                    bit[22]  DMA 
                          R/W
                                    bit[21] HPROT 

                                                0=HPROT 
                                                1=HPROT 
                                    HPROT 
                                    bit[20]  DMA 
                                    bit[19]  DMA 
                          R/W
                                    bit[18] HPROT 
                                                0=HPROT 
                                                1=HPROT 
                                     DMA 
                                    
                          R/W b0000 1  DMA 
                                    b0001 2  DMA 
                                    b0010 4  DMA 

V1.6                                            128/578
©                         http://www.essemi.com
                         ES32F0100/0101/0131 

  n_minus_1    Bit 13-4            b0011 8  DMA 
                                   b0100 16  DMA 
next_useburst    Bit 3             b0101 32  DMA 
   cycle_ctrl  Bit 2-0             b0110 64  DMA 
                                   b0111 128  DMA 
                                   b1000 256  DMA 
                                   b1001 512  DMA 
                                   b1010-b1111 1024  DMA 
                                    1024 DMA 
                                   
                                    DMA  DMA 
                                    DMA  DMA
                                    10  DMA 
                                    1
                                   b0000000001  DMA 
                                   b0000000012  DMA 
                                   b0000000103  DMA 
                         R/W
                                   b0000000114  DMA 
                                   b0000001005  DMA 
                                   ......
                                   b1111111111024  DMA 
                                   
                                    DMA  DMA
                                   
                                   -
                                    CHNL_USEBURST_SET[C]
                                   1
                                    DMA
                                    2R
                                   CHNL_USEBURST_SET[C] 0
                                   Next_useburst 
                                   CHNL_USEBURST_SET[C]
                                   - DMA 
                         R/W  DMA 
                                   0 CHNL_USEBURST_SET[C]
                                    DMA 
                                   CHNL_USEBURST_SET[C] 0
                                   - DMA 
                                   dma_req[ ] dma_sreq[ ]
                                   1 CHNL_USEBURST_SET[C] 1
                                    DMA 
                                   - DMA 
                                    dma_req[ ]
                         R/W DMA 

V1.6                                           129/578
©                        http://www.essemi.com
                                                                                       ES32F0100/0101/0131 

                                           b000
                                           b001
                                            DMA 
                                           b010
                                           
                                            DMA 
                                           b011 DMA
                                           
                                            DMA 
                                           
                                            DMA 
                                           DMA 
                                            cycle_ctrl  b001  b010
                                           b100-
                                           -
                                           
                                           b101-
                                           -
                                           
                                           b110--
                                           
                                           b111--
                                           

                                10-8 

 DMA  2R DMA  channel_cfg
 2R  N  channel_cfg 

 dst_size  src_size 
src_size  n_minus_1 dst_size
 src_size 

 N  cycle_ctrl  b000 channel_cfg 
 DMA 

V1.6                        130/578
©     http://www.essemi.com
                                                                                                        ES32F0100/0101/0131 

10. 4. 3. 4 
               DMA  n_minus_1  src_inc
               n_minus_1  DMA
               n_minus_1  dst_inc 
               n_minus_1 
               src_inc  dst_inc 
              Src_inc = b00dst_inc = b00
               = src_data_end_ptr ­ n_minus_1
               = dst_data_end_ptr - n_minus_1
              Src_inc = b01dst_inc = b01
               = src_data_end_ptr ­n_minus_1<<1
               = dst_data_end_ptr ­n_minus_1<<1
              Src_inc = b10dst_inc = b10
               = src_data_end_ptr ­n_minus_1<<2
               = dst_data_end_ptr ­n_minus_1<<2
              Src_inc = b11dst_inc = b11
               = src_data_end_ptr
               = dst_data_end_ptr

V1.6                        131/578
©     http://www.essemi.com
                                                   ES32F0100/0101/0131 

 6  DMA  1 

channel_cfg DMA 

src_size=b10dst_inc=b10n_minus_1=b101cycle_ctrl=1

                                                                
                                                   0x14        0x298
      0x2AC           5                            0x10        0x29C
                                                   0xC         0x2A0
      0x2AC           4                            0x8         0x2A4
                                                   0x4         0x2A8
DMA   0x2AC           3                            0x0         0x2AC

      0x2AC           2

      0x2AC           1

      0x2AC           0

channel_cfg DMA 

src_size=b10dst_inc=b10n_minus_1=0cycle_ctrl=0

              10-9 

"""" dst_inc 

channel_cfg DMA 

src_size=b00dst_inc=b01n_minus_1=b1011cycle_ctrl=1R_power=b11

                                                                
                                                               0x5D1
      0x5E7           11                           0x16        0x5D3
                                                               0x5D5
      0x5E7           10                           0x14        0x5D7
                                                               0x5D9
      0x5E7           9                            0x12        0x5DB
                                                               0x5DD
DMA   0x5E7           8                            0x10        0x5DF

      0x5E7           7                            0xE          
                                                               0x5E1
      0x5E7           6                            0xC         0x5E3
                                                               0x5E5
      0x5E7           5                            0xA         0x5E7

      0x5E7           4                            0x8

2R  DMA channel_cfg 

src_size=b00dst_inc=b01n_minus_1=b011cycle_ctrl=1R_power=b11

                                                   

      0x5E7           3                            0x6

DMA   0x5E7           2                            0x4

      0x5E7           1                            0x2

      0x5E7           0                            0x0

channel_cfg DMA 

src_size=b00dst_inc=b01n_minus_1=0cycle_ctrl=0R_power=b11

              10-10 

 1"""" dst_inc 
 2 DMA  cycle_ctrl  channel_cfg 

V1.6                                                                             132/578
©                                                          http://www.essemi.com
                                                                                                        ES32F0100/0101/0131 

10. 5 

         DMAC 
               
               

10. 5. 1 

            :
               
               
                0
                0
               
                     

V1.6                        133/578
©     http://www.essemi.com
                                  ES32F0100/0101/0131 

10. 5. 2                                                   
                          0000H   DMA 
DMA                       0004H   DMA 
                          0008H   
                          000CH   
DMA_STATUS                0010H   
DMA_CFG                   0014H   
DMA_CTRLBASE              0018H   
DMA_ALTCTRLBASE           001CH   
DMA_CHWAITSTATUS          0020H   
DMA_CHSWREQ               0024H   
DMA_CHUSEBURSTSET         0028H   
DMA_CHUSEBURSTCLR         002CH   
DMA_CHREQMASKSET          0030H   -
DMA_CHREQMASKCLR          0034H   -
DMA_CHENSET               0038H   
DMA_CHENCLR               003CH   
DMA_CHPRIALTSET                   
DMA_CHPRIALTCLR      0040H~0048H  
DMA_CHPRSET               004CH   
DMA_CHPRCLR                       DMA 
Reserved             0050H~0FFCH  
DMA_ERRCLR                1000H   DMA 
Reserved                  1004H   DMA 
DMA_IFLAG                 1008H   
Reserved                  100CH   DMA  0 
DMA_ICFR                          DMA  1 
DMA_IER              1010H~10FCH  DMA  2 
Reserved                  1100H   DMA  3 
DMA_CH0_SELCON            1104H
DMA_CH1_SELCON            1108H
DMA_CH2_SELCON            110CH
DMA_CH3_SELCON

V1.6                                                    134/578
©                                 http://www.essemi.com
                                                                                                        ES32F0100/0101/0131 

10. 5. 3 

10. 5. 3. 1 DMADMA_STATUS


DMA  (DMA_STATUS)
: 000H
: 00010000_00001011_00000000_00000000B

31 30 29 28 27 26 25 24 23 22 21 20 19 18 17 16 15 14 13 12 11 10 9 8 7 6 5 4 3 2 1 0

                          Reserved
                                                                                                           STATUS
                                                                                                                               Reserved
                                                                                                                                          MASTER_ENABLE

Reserved        Bit 31-8  - 
                                   
STATUS          Bit 7-4            b0000: 
                                   b0001: 
      Reserved  Bit 3-1            b0010: 
MASTER_ENABLE    Bit 0             b0011: 
                                   b0100: 

                          R b0101: 
                                   b0110:  DMA  0
                                   b0111: 
                                   b1000: 
                                   b1001: 
                                   b1010: -
                                   b1011-b1111: 

                          - 
                                   

                          R 0: 
                                   1: 

V1.6                                            135/578
©                         http://www.essemi.com
                                                                                                        ES32F0100/0101/0131 

10. 5. 3. 2 DMADMA_CFG


DMA  (DMA_CFG)
: 004H
: 00000000_00000000_00000000_00000000B

31 30 29 28 27 26 25 24 23 22 21 20 19 18 17 16 15 14 13 12 11 10 9 8 7 6 5 4 3 2 1 0

                          Reserved
                                                                                                        CHNL_PROT_CTRL
                                                                                                                           Reserved
                                                                                                                                         MASTER_ENABLE

Reserved        Bit 31-8  - 0
                                    HPROT[3:1] AHB-Lite 
CHNL_PROT_CTRL Bit 7-5             
                                   Bit[7]:  HPROT[3]
      Reserved  Bit 4-1            
MASTER_ENABLE    Bit 0             Bit[6]:  HPROT[2]

                          W 
                                   Bit[5]:  HPROT[1]
                                   
                                   :
                                    bit[n] =1,  HPROT 
                                    bit[n] =0,  HPROT 

                          - 
                                   

                          W 0: 
                                   1: 

V1.6                                            136/578
©                         http://www.essemi.com
                                                                                                        ES32F0100/0101/0131 

10. 5. 3. 3 DMA_CTRLBASE


DMA 



 (DMA_CTRLBASE)
: 008H
: 00000000_00000000_00000000_00000100B

31 30 29 28 27 26 25 24 23 22 21 20 19 18 17 16 15 14 13 12 11 10 9 8 7 6 5 4 3 2 1 0

                CTRL_BASE_PTR
                                                                                                            Reserved

CTRL_BASE_PTR   Bits 31- 9  R/W 
      Reserved   Bits 8-0     -  0

V1.6                                              137/578
©                           http://www.essemi.com
                                                                                                        ES32F0100/0101/0131 

10. 5. 3. 4 DMA_ALTCTRLBASE



 (DMA_ALTCTRLBASE)
: 00CH
: 00000000_00000000_00000000_00000100B

31 30 29 28 27 26 25 24 23 22 21 20 19 18 17 16 15 14 13 12 11 10 9 8 7 6 5 4 3 2 1 0

                               ALT_CTRL_BASE_PTR

ALT_CTRL_BASE_PTR Bit 31-0     R 

10. 5. 3. 5 DMA_CHWAITSTATUS
 dma_waitonreq[ ]
Bit0  dma_waitonreq[0]Bit1  dma_waitonreq[1]
Bit31  dma_waitonreq[31]

 (DMA_CHWAITSTATUS)
: 010H
: 00000000_00000000_00000000_00111111B

31 30 29 28 27 26 25 24 23 22 21 20 19 18 17 16 15 14 13 12 11 10 9 8 7 6 5 4 3 2 1 0

                               DMA_WAITONREQ_STATUS

DMA_WAITONREQ_STATUS Bit 31-0          
                               R 0: dma_waitonreq[n]

                                       1: dma_waitonreq[n]

V1.6                                                                       138/578
©                                                    http://www.essemi.com
                                                                                                        ES32F0100/0101/0131 

10. 5. 3. 6 DMA_CHSWREQ
 bit  DMA 

 (DMA_CHSWREQ)
: 014H
: 00000000_00000000_00000000_00000000B

31 30 29 28 27 26 25 24 23 22 21 20 19 18 17 16 15 14 13 12 11 10 9 8 7 6 5 4 3 2 1 0

                   CHSWREQ

CHSWREQ  Bit 31-0           
                   W 0: nDMA

                            1: nDMA

V1.6                                              139/578
©                           http://www.essemi.com
                                                                                                        ES32F0100/0101/0131 

10. 5. 3. 7 DMA_CHUSEBURSTSET
 dma_sreq[ ] dma_req[ ]
 bit bit0  0bit1 
 1
 2R  N  2R CHNL_USEBURST_SET 
 0 dma_req[ ] dma_sreq[ ]
:  channel_cfg  N  2R dma_req[ ] 
CHNL_USEBURST_SET  1
- DMA  channel_cfg 
next_useburst  1 CHNL_USEBURST_SET[C] 1

 (DMA_CHUSEBURSTSET)
: 018H
: 00000000_00000000_00000000_00000000B

31 30 29 28 27 26 25 24 23 22 21 20 19 18 17 16 15 14 13 12 11 10 9 8 7 6 5 4 3 2 1 0

                                 CHNL_USEBURST_SET

                                                    dma_sreq[C]

                                                    DMA

                                                    :

                                                    0: Cdma_req[C]dma_sreq[C]
                                                       2R

CHNL_USEBURST_SET Bit 31-0  R/W                     1: Cdma_sreq[C]

                                                    dma_req[C]2R

                                                    :

                                                    0: CHNL_USEBURST_CLR

                                                    bit[C]0

                                                    1: dma_sreq[C]DMA
                                                       2R

V1.6                                                                               140/578
©                                                            http://www.essemi.com
                                                                                                        ES32F0100/0101/0131 

10. 5. 3. 8 DMA_CHUSEBURSTCLR

 (DMA_CHUSEBURSTCLR)
: 01CH
: 00000000_00000000_00000000_00000000B

31 30 29 28 27 26 25 24 23 22 21 20 19 18 17 16 15 14 13 12 11 10 9 8 7 6 5 4 3 2 1 0

                            CHNL_USEBURST_CLR

CHNL_USEBURST_CLR Bit 31-0           dma_sreq[C]
                                     :
                            W 0: CHNL_USEBURST_SET

                                        dma_sreq[ ]
                                     1: dma_sreq[C]DMA

10. 5. 3. 9 DMA_CHREQMASKSET
 dma_req[ ] dma_sreq[ ] dma_req[ ]
dma_sreq[ ]

 (DMA_CHREQMASKSET)
: 020H
: 00000000_00000000_00000000_00000000B

31 30 29 28 27 26 25 24 23 22 21 20 19 18 17 16 15 14 13 12 11 10 9 8 7 6 5 4 3 2 1 0

                            CHNL_REQ_MASK_SET

CHNL_REQ_MASK_SET Bit 31-0            dma_req[ ]dma_sreq[ ]
                                      DMA
                                      :
                                      0: C
                            R/W 1: C
                                      :
                                      0: CHNL_REQ_MASK_CLR

                                          DMA
                                      1: dma_req[C]dma_sreq[C]DMA

V1.6                                                                 141/578
©                                              http://www.essemi.com
                                                                                                        ES32F0100/0101/0131 

                                                                        

10. 5. 3. 10 DMA_CHREQMASKCLR

 (DMA_CHREQMASKCLR)
: 024H
: 00000000_00000000_00000000_00000000B

31 30 29 28 27 26 25 24 23 22 21 20 19 18 17 16 15 14 13 12 11 10 9 8 7 6 5 4 3 2 1 0

                            CHNL_REQ_MASK_CLR

CHNL_REQ_MASK_CLR Bit 31-0           dma_req[ ]dma_sreq[ ]
                                     :
                                     0: chnl_req_mask _set
                            W

                                         dma_req[ ]dma_sreq[ ]
                                     1: dma_sreq[C]dma_sreq[ ]DMA

                                         

V1.6                                                                 142/578
©                                              http://www.essemi.com
                                                                                                        ES32F0100/0101/0131 

10. 5. 3. 11 DMA_CHENSET


 (DMA_CHENSET)
: 028H
: 00000000_00000000_00000000_00000000B

31 30 29 28 27 26 25 24 23 22 21 20 19 18 17 16 15 14 13 12 11 10 9 8 7 6 5 4 3 2 1 0

                          CHNL_ENABLE_SET

CHNL_ENABLE_SET Bit 31-0             
                                     :
                                     0: C
                                     1: C
                          R/W
                                     :
                                     0: CHNL_ENABLE_CLR

                                        
                                     1: 

V1.6                                                             143/578
©                                          http://www.essemi.com
                                                                                                        ES32F0100/0101/0131 

10. 5. 3. 12 DMA_CHENCLR


 (DMA_CHENCLR)
: 02CH
: 00000000_00000000_00000000_00000000B

31 30 29 28 27 26 25 24 23 22 21 20 19 18 17 16 15 14 13 12 11 10 9 8 7 6 5 4 3 2 1 0

                          CHNL_ENABLE_CLR

CHNL_ENABLE_CLR Bit 31-0           DMA
                                   :
                          W 0: CHNL_ENABLE_SET

                                       DMA
                                   1: 

:  CHNL_ENABLE_CLR 
     1.  DMA 
     2.  channel_cfg cycle_ctrl  b000
     3. AHB-Lite 

V1.6                                                             144/578
©                                          http://www.essemi.com
                                                                                                        ES32F0100/0101/0131 

10. 5. 3. 13 -DMA_CHPRIALTSET
 DMA 


- (DMA_CHPRIALTSET)
: 030H
: 00000000_00000000_00000000_00000000B

31 30 29 28 27 26 25 24 23 22 21 20 19 18 17 16 15 14 13 12 11 10 9 8 7 6 5 4 3 2 1 0

                           CHNL_PRI_ALT_SET

CHNL_PRI_ALT_SET Bit 31-0             
                                      DMA
                                      :
                                      0: DMA
                           R/W 1: DMA
                                      :
                                      0: CHNL_PRI_ALT_CLR

                                         0
                                      1: DMA

:  CHNL_PRI_ALT_SET :
     1. /- DMA  4 
     2.  DMA 
     3. /-/- DMA 

V1.6                                                               145/578
©                                            http://www.essemi.com
                                                                                                        ES32F0100/0101/0131 

10. 5. 3. 14 -DMA_CHPRIALTCLR
 DMA 

- (DMA_CHPRIALTCLR)
: 034H
: 00000000_00000000_00000000_00000000B

31 30 29 28 27 26 25 24 23 22 21 20 19 18 17 16 15 14 13 12 11 10 9 8 7 6 5 4 3 2 1 0

                           CHNL_PRI_ALT_CLR

CHNL_PRI_ALT_CLR Bit 31-0           DMA
                                    
                                    :
                           W
                                    0: CHNL_PRI_ALT_SET

                                        
                                    1: DMA

:  CHNL_PRI_ALT_CLR :
     1. /- DMA  4 
     2.  DMA 
     3. /-/- DMA 

V1.6                                                               146/578
©                                            http://www.essemi.com
                                                                                                        ES32F0100/0101/0131 

10. 5. 3. 15 DMA_CHPRSET
 DMA 


 (DMA_CHPRSET)
: 038H
: 00000000_00000000_00000000_00000000B

31 30 29 28 27 26 25 24 23 22 21 20 19 18 17 16 15 14 13 12 11 10 9 8 7 6 5 4 3 2 1 0

                            CHNL_PRIORITY_SET

CHNL_PRIORITY_SET Bit 31-0             
                                       
                                       :
                                       0: DMA
                            R/W 1: DMA
                                       :
                                       0: CHNL_PRIORITY_CLR

                                          
                                       1: DMA

V1.6                                                                 147/578
©                                              http://www.essemi.com
                                                                                                        ES32F0100/0101/0131 

10. 5. 3. 16 DMA_CHPRCLR
 DMA 

 (DMA_CHPRCLR)
: 03CH
: 00000000_00000000_00000000_00000000B

31 30 29 28 27 26 25 24 23 22 21 20 19 18 17 16 15 14 13 12 11 10 9 8 7 6 5 4 3 2 1 0

                            CHNL_PRIORITY_SET

CHNL_PRIORITY_CLR Bit 31-0           DMA
                                     
                                     :
                            W
                                     0: CHNL_PRIORITY_SET

                                         DMA
                                     1: DMA

V1.6                                                                 148/578
©                                              http://www.essemi.com
                                                                                                        ES32F0100/0101/0131 

10. 5. 3. 17 DMA_ERRCLR
 dma_err  dma_err 

 (DMA_ERRCLR)
: 04CH
: 00000000_00000000_00000000_00000000B

31 30 29 28 27 26 25 24 23 22 21 20 19 18 17 16 15 14 13 12 11 10 9 8 7 6 5 4 3 2 1 0

                    Reserved
                                                                                                                ERR_CLR

Reserved  Bit 31-1    - 0
ERR_CLR     Bit 0              dma_err
                               :
                               0: dma_err
                               1: dma_err

                    R/W
                               :
                               0: dma_err
                               1: dma_err
                               dma_err

:  AHB-Lite ,  dma_err , dma_err 

V1.6                                      149/578
©                   http://www.essemi.com
                                                                                                        ES32F0100/0101/0131 

10. 5. 3. 18 DMADMA_IFLAG

DMA  (DMA_IFLAG
1000H
00000000_00000000_00000000_00000000B

31 30 29 28 27 26 25 24 23 22 21 20 19 18 17 16 15 14 13 12 11 10 9 8 7 6 5 4 3 2 1 0

DMAERRIF
                                                                                 Reserved
                                                                                                                                                                  CH3DONEIF
                                                                                                                                                                       CH2DONEIF
                                                                                                                                                                             CH1DONEIF
                                                                                                                                                                                   CH0DONEIF

                         DMA 

DMAERRIF     Bit 31   R  0DMA 
  Reserved  Bit 30-4
CH3DONEIF                1DMA 
CH2DONEIF     Bit 3
CH1DONEIF     Bit 2   ­  
CH0DONEIF     Bit 1
              Bit 0      DMA  3 

                      R  0DMA 

                         1DMA 

                         DMA  2 

                      R  0DMA 

                         1DMA 

                         DMA  1 

                      R  0DMA 

                         1DMA 

                         DMA  0 

                      R  0DMA 

                         1DMA 

V1.6                                                    150/578
©                                 http://www.essemi.com
                                                                                                        ES32F0100/0101/0131 

10. 5. 3. 19 DMADMA_ICFR

DMA  (DMA_ICFR
1008H
00000000_00000000_00000000_00000000B

31 30 29 28 27 26 25 24 23 22 21 20 19 18 17 16 15 14 13 12 11 10 9 8 7 6 5 4 3 2 1 0

DMAERRC
                                                                                 Reserved
                                                                                                                                                                  CH3DONEC
                                                                                                                                                                       CH2DONEC
                                                                                                                                                                             CH1DONEC
                                                                                                                                                                                   CH0DONEC

DMAERRC     Bit 31              DMA 
 Reserved  Bit 30-4  W1
CH3DONEC
CH2DONEC     Bit 3               1 
CH1DONEC     Bit 2
CH0DONEC     Bit 1   ­  
             Bit 0
                                DMA  3 
                     W1

                                 1 

                                DMA  2 
                     W1

                                 1 

                                DMA  1 
                     W1

                                 1 

                                DMA  0 
                     W1

                                 1 

V1.6                                                        151/578
©                                     http://www.essemi.com
                                                                                                        ES32F0100/0101/0131 

10. 5. 3. 20 DMADMA_IER

DMA  (DMA_IER
100CH
00000000_00000000_00000000_00000000B

31 30 29 28 27 26 25 24 23 22 21 20 19 18 17 16 15 14 13 12 11 10 9 8 7 6 5 4 3 2 1 0

DMAERRIE
                                                                                 Reserved
                                                                                                                                                                  CH3DONEIE
                                                                                                                                                                       CH2DONEIE
                                                                                                                                                                             CH1DONEIE
                                                                                                                                                                                   CH0DONEIE

                         DMA 

DMAERRIE     Bit 31   R/W 0
  Reserved  Bit 30-4
CH3DONEIE                1
CH2DONEIE     Bit 3
CH1DONEIE     Bit 2   ­  
CH0DONEIE     Bit 1
              Bit 0      DMA  3 

                      R/W 0

                         1

                         DMA  2 

                      R/W 0

                         1

                         DMA  1 

                      R/W 0

                         1

                         DMA  0 

                      R/W 0

                         1

V1.6                                                    152/578
©                                 http://www.essemi.com
                                                                                                        ES32F0100/0101/0131 

10. 5. 3. 21 DMA 0 DMA_CH0_SELCON

DMA  0 DMA_CH0_SELCON
1100H
00000000_00000000_00000000_00000000B

31 30 29 28 27 26 25 24 23 22 21 20 19 18 17 16 15 14 13 12 11 10 9 8 7 6 5 4 3 2 1 0

          Reserved
                                                                               MSEL
                                                                                                      Reserved
                                                                                                                             MSIGSEL

Reserved  Bit 31-12  ­  
  MSEL    Bit 11-8
           Bit 7-4      
Reserved   Bit 3-0
MSIGSEL                 0000

                        0001GPIO

                        0010ADC

                        0011CRC

                        0100USART0

                        0101USART1

                        0110I2C1

                                 0111SPI
                     R/W

                                 1000I2C0

                        1001AD16C4T

                        1010GP16C2T0

                        1011GP16C2T1

                        1100GP16C2T2

                        1101PIS

                        1110BSTIM0

                        1111-

                        

                     ­  

                        MSEL=0000

                        MSIGSEL 

                        MSEL=0001

                        0000EXTI0

                        0001EXTI1

                        0010EXTI2

                     R/W 0011EXTI3

                        0100EXTI4

                        0101EXTI5

                        0110EXTI6

                        0111EXTI7

                        1000EXTI8

                        1001EXTI9

V1.6                                                             153/578
©                                          http://www.essemi.com
                                 ES32F0100/0101/0131 

      1010EXTI10
      1011EXTI11
      1100EXTI12
      1101EXTI13
      1110EXTI14
      1111EXTI15
      MSEL=0010(SRC=ADC)
      ADC DMA 
      MSEL=0011(SRC=CRC)
      CRC DMA 
      MSEL=0100, 0101 (SRC=USART0,USART1)
      0000: 
      0001: 
      MSEL=0111(SRC=SPI)
      0000: 
      0001: 
      MSEL=1000, 0110 (I2C0I2C1)
      0000: 
      0001: 
      MSEL=1001, 1010, 1011, 1100
      (SRC=AD16C4TGP16C2T0GP16C2T1
      GP16C2T2)
      0000:  1 
      0001:  2 
      0010:  3 
      0011:  4 
      0100: TIMER 
      0101: TIMER 
      0110: TIMER 
      MSEL=1101SRC=PIS
      0000PIS  0
      0001PIS  1
      0010PIS  2
      0011PIS  3
      0100PIS  4
      0101PIS  5
      MSEL=1110SRC=BSTIM0
      BSTIM0 DMA 

V1.6                        154/578
©     http://www.essemi.com
                                                                                                        ES32F0100/0101/0131 

10. 5. 3. 22 DMA 1 DMA_CH1_SELCON

DMA  1 DMA_CH1_SELCON
1104H
00000000_00000000_00000000_00000000B

31 30 29 28 27 26 25 24 23 22 21 20 19 18 17 16 15 14 13 12 11 10 9 8 7 6 5 4 3 2 1 0

          Reserved
                                                                               MSEL
                                                                                                      Reserved
                                                                                                                             MSIGSEL

Reserved  Bit 31-12    ­ 
  MSEL    Bit 11-8              
           Bit 7-4              0000
Reserved   Bit 3-0              0001GPIO
MSIGSEL                         0010ADC
                                0011CRC
                                0100USART0
                                0101USART1
                                0110I2C1
                                0111SPI

                     R/W
                                1000I2C0
                                1001AD16C4T
                                1010GP16C2T0
                                1011GP16C2T1
                                1100GP16C2T2
                                1101PIS
                                1110BSTIM0
                                1111-
                                

                       ­ 
                                MSEL=0000
                                MSIGSEL 
                                MSEL=0001
                                0000EXTI0
                                0001EXTI1
                                0010EXTI2

                     R/W 0011EXTI3
                                0100EXTI4
                                0101EXTI5
                                0110EXTI6
                                0111EXTI7
                                1000EXTI8
                                1001EXTI9

V1.6                                                                155/578
©                                             http://www.essemi.com
                                      ES32F0100/0101/0131 

      1010EXTI10
      1011EXTI11
      1100EXTI12
      1101EXTI13
      1110EXTI14
      1111EXTI15
      MSEL=0010(SRC=ADC)
      ADC DMA 
      MSEL=0011(SRC=CRC)
      CRC DMA 
      MSEL=0100, 0101 (SRC=USART0,USART1)
      0000: 
      0001: 
      MSEL=0111(SRC=SPI)
      0000: 
      0001: 
      MSEL=1000, 0110 (I2C0I2C1)
      0000: 
      0001: 
      MSEL=1001, 1010, 1011, 1100 (SRC=AD16C4T
      GP16C2T0GP16C2T1GP16C2T2)
      0000:  1 
      0001:  2 
      0010:  3 
      0011:  4 
      0100: TIMER 
      0101: TIMER 
      0110: TIMER 
      MSEL=1101SRC=PIS
      0000PIS  0
      0001PIS  1
      0010PIS  2
      0011PIS  3
      0100PIS  4
      0101PIS  5
      MSEL=1110SRC=BSTIM0
      BSTIM0 DMA 

V1.6                        156/578
©     http://www.essemi.com
                                                                                                        ES32F0100/0101/0131 

10. 5. 3. 23 DMA 2 DMA_CH2_SELCON

DMA  2 DMA_CH2_SELCON
1108H
00000000_00000000_00000000_00000000B

31 30 29 28 27 26 25 24 23 22 21 20 19 18 17 16 15 14 13 12 11 10 9 8 7 6 5 4 3 2 1 0

          Reserved
                                                                               MSEL
                                                                                                      Reserved
                                                                                                                             MSIGSEL

Reserved  Bit 31-12    ­ 
  MSEL    Bit 11-8              
           Bit 7-4              0000
Reserved   Bit 3-0              0001GPIO
MSIGSEL                         0010ADC
                                0011CRC
                                0100USART0
                                0101USART1
                                0110I2C1
                                0111SPI

                     R/W
                                1000I2C0
                                1001AD16C4T
                                1010GP16C2T0
                                1011GP16C2T1
                                1100GP16C2T2
                                1101PIS
                                1110BSTIM0
                                1111-
                                

                       ­ 
                                MSEL=0000
                                MSIGSEL 
                                MSEL=0001
                                0000EXTI0
                                0001EXTI1
                                0010EXTI2

                     R/W 0011EXTI3
                                0100EXTI4
                                0101EXTI5
                                0110EXTI6
                                0111EXTI7
                                1000EXTI8
                                1001EXTI9

V1.6                                                                157/578
©                                             http://www.essemi.com
                                      ES32F0100/0101/0131 

      1010EXTI10
      1011EXTI11
      1100EXTI12
      1101EXTI13
      1110EXTI14
      1111EXTI15
      MSEL=0010(SRC=ADC)
      ADC DMA 
      MSEL=0011(SRC=CRC)
      CRC DMA 
      MSEL=0100, 0101 (SRC=USART0,USART1)
      0000: 
      0001: 
      MSEL=0111(SRC=SPI)
      0000: 
      0001: 
      MSEL=1000, 0110 (I2C0I2C1)
      0000: 
      0001: 
      MSEL=1001, 1010, 1011, 1100 (SRC=AD16C4T
      GP16C2T0GP16C2T1GP16C2T2)
      0000:  1 
      0001:  2 
      0010:  3 
      0011:  4 
      0100: TIMER 
      0101: TIMER 
      0110: TIMER 
      MSEL=1101SRC=PIS
      0000PIS  0
      0001PIS  1
      0010PIS  2
      0011PIS  3
      0100PIS  4
      0101PIS  5
      MSEL=1110SRC=BSTIM0
      BSTIM0 DMA 

V1.6                        158/578
©     http://www.essemi.com
                                                                                                        ES32F0100/0101/0131 

10. 5. 3. 24 DMA 3 DMA_CH3_SELCON

DMA  3 DMA_CH3_SELCON
110CH
00000000_00000000_00000000_00000000B

31 30 29 28 27 26 25 24 23 22 21 20 19 18 17 16 15 14 13 12 11 10 9 8 7 6 5 4 3 2 1 0

          Reserved
                                                                               MSEL
                                                                                                      Reserved
                                                                                                                             MSIGSEL

Reserved  Bit 31-12    ­ 
  MSEL    Bit 11-8              
           Bit 7-4              0000
Reserved   Bit 3-0              0001GPIO
MSIGSEL                         0010ADC
                                0011CRC
                                0100USART0
                                0101USART1
                                0110I2C1
                                0111SPI

                     R/W
                                1000I2C0
                                1001AD16C4T
                                1010GP16C2T0
                                1011GP16C2T1
                                1100GP16C2T2
                                1101PIS
                                1110BSTIM0
                                1111-
                                

                       ­ 
                                MSEL=0000
                                MSIGSEL 
                                MSEL=0001
                                0000EXTI0
                                0001EXTI1
                                0010EXTI2

                     R/W 0011EXTI3
                                0100EXTI4
                                0101EXTI5
                                0110EXTI6
                                0111EXTI7
                                1000EXTI8
                                1001EXTI9

V1.6                                                                159/578
©                                             http://www.essemi.com
                                      ES32F0100/0101/0131 

      1010EXTI10
      1011EXTI11
      1100EXTI12
      1101EXTI13
      1110EXTI14
      1111EXTI15
      MSEL=0010(SRC=ADC)
      ADC DMA 
      MSEL=0011(SRC=CRC)
      CRC DMA 
      MSEL=0100, 0101 (SRC=USART0,USART1)
      0000: 
      0001: 
      MSEL=0111(SRC=SPI)
      0000: 
      0001: 
      MSEL=1000, 0110 (I2C0I2C1)
      0000: 
      0001: 
      MSEL=1001, 1010, 1011, 1100 (SRC=AD16C4T
      GP16C2T0GP16C2T1GP16C2T2)
      0000:  1 
      0001:  2 
      0010:  3 
      0011:  4 
      0100: TIMER 
      0101: TIMER 
      0110: TIMER 
      MSEL=1101SRC=PIS
      0000PIS  0
      0001PIS  1
      0010PIS  2
      0011PIS  3
      0100PIS  4
      0101PIS  5
      MSEL=1110SRC=BSTIM0
      BSTIM0 DMA 

V1.6                        160/578
©     http://www.essemi.com
                                                                                                        ES32F0100/0101/0131 

                                11 PIS

11. 1 

        PISPeripheral Interaction System PIS
        
         CPU 

11. 2 

        6  PIS 
       
       USART0 

11. 3 

          ...                                                                PIS
                               PIS...
                                                                             ()

          SRCS[5:0]
          MSIGS[5:0]

                                    ×6 ch

   TIMER  ADC         ... DMA                                           ADC  UART ...... TIMER
  
                                                                         RX  

                                                        PIS                                     
                                                                     0
                                                                     1
                                                                     2
                                                                     3
                                                                     4
                                                                     5

                                     11-1 PIS 

V1.6                                                                                               161/578
©                                                                            http://www.essemi.com
                              ES32F0100/0101/0131 

11. 4 

        ES32F010x/0131  6 
        

11. 4. 1 

            

                                      APB 
                                          AHB
 GPIO  PA0~PA15PB0~PB6            
USART                                   AHB 
                                  --    APB 
  SPI                             --    APB 
  I2C                             --    APB 
                                  --
TIMER                             --    APB 
                                  --
 ADC                              --    APB 
ACMP                              --    APB 
  LVD                             --    APB 
 DMA                              --    AHB 
                                  --
                                  --
               TRIGOUT            --
                                  --
                                  
                                  
                                  
             LVD 
            DMA 

          11-1 

11. 4. 2 

            

USART                                 APB
  SPI                                      AHB
             RX                   --
TIMER        RX                   --     APB 
            CLK                   --     APB 
                                  --
                                  --     APB 
                                  --
                                  --
       

V1.6                                                        162/578
©                                     http://www.essemi.com
                           ES32F0100/0101/0131 

                           --
                   
ADC                        --
DMA       DMA                                APB 

                           --

                                   AHB 

                    11-2 

       PIS 

USART0                                    
          RX       PIS  1   USART0_RXD_SEL 

USART1    RX       PIS  4  USART1_RXD_SEL 

          MISO     PIS  0   SPI0_RX_SEL 

SPI0      MOSI     PIS  0   SPI0_RX_SEL 

          CLK      PIS  1   SPI0_CLK_SEL 
             ITR0  PIS  3                --
             ITR1  PIS  3                --
             ITR2  PIS  3                --
             ITR3  PIS  3                --

AD16C4T0   1       PIS  0  AD16C4T0_CH1IN_SEL 

           2       PIS  1  AD16C4T0_CH2IN_SEL 

           3       PIS  2  AD16C4T0_CH3IN_SEL 

           4       PIS  3  AD16C4T0_CH4IN_SEL 

                   PIS  0  AD16C4T0_BRKIN_SEL 
            ITR0
            ITR1   PIS  2      --
            ITR2
            ITR3   PIS  2      --

                   PIS  2      --

GP16C2T0                       --

                   PIS  2

           1       PIS  0  GP16C2T0_CH1IN_SEL 

           2       PIS  1  GP16C2T0_CH2IN_SEL 

V1.6                                                 163/578
©                              http://www.essemi.com
                            ES32F0100/0101/0131 

                            
           ITR0     PIS  0   --

          ITR1      PIS  0  --

          ITR2      PIS  0  --

GP16C2T1                    --

          ITR3      PIS  0

           1        PIS  2  GP16C2T1_CH1IN_SEL 

           2        PIS  3  GP16C2T1_CH2IN_SEL 
             ITR0
             ITR1   PIS  1  --
             ITR2
             ITR3   PIS  1  --

                    PIS  1  --

GP16C2T2                    --

                    PIS  1

           1        PIS  0  GP16C2T2_CH1IN_SEL 

              2     PIS  1  GP16C2T2_CH2IN_SEL 
          
                    PIS  4  --

ADC           DMA   PIS  5  --
DMA
                    PIS  0  --

           11-3  PIS 

11. 4. 3 PIS

            PIS PIS 
            PIS 
             PIS PIS_CHx_CON,x=0~5PIS 
             PIS_CHx_CON.SRCS x=0~5 PIS_CHx_CON.MSIGS
            x=0~5

      GP16C2T0 ADC PIS 
       1.  ADC  PIS  4
       2.  PIS_CH4_CON.SRCS  1001  GP16C2T0 
       3.  PIS_CH4_CON.MSIGS  0000 GP16C2T0 

V1.6                                              164/578
©                           http://www.essemi.com
                                                                                                        ES32F0100/0101/0131 

                    
              4.  ADC 
              5.  GP16C2T0  ADC  AD 

11. 4. 4 USART

            USART0  PWM  BUZ  USART0  TX 
            
            

                   TX

         PWM   11-2 
TX

    TX
      PWM

TX

                                    11-3 
     USART  AD16C4T0  USART0 
    1.  USART0_TXMCR.TXMSS  0001 AD16C4T0 
    2.  USART0_TXMCR.TXSIGS  0000 AD16C4T0  1 

          
    3.  USART0_TXMCR.TXMLVLS 
    4.  AD16C4T0 
    5.  USART0 

V1.6                                        165/578
©                     http://www.essemi.com
                                     ES32F0100/0101/0131 

11. 5                                                   
                             0000H   PIS  0 
11. 5. 1                     0004H   PIS  1 
                             0008H   PIS  2 
      PIS                    000CH   PIS  3 
                             0010H   PIS  4 
                             0014H   PIS  5 
      PIS_CH0_CON                    
      PIS_CH1_CON       0010H~003CH  PIS 
      PIS_CH2_CON            0040H   PIS  0
      PIS_CH3_CON            0044H   PIS  1
      PIS_CH4_CON            0048H   
      PIS_CH5_CON                    USART0 
      Reserved          004CH~005CH
      PIS_CH_OER             0060H
      PIS_TAR_CON0
      PIS_TAR_CON1
      Reserved
      USART0_TXMCR

V1.6                                                       166/578
©                                    http://www.essemi.com
                                                                                                        ES32F0100/0101/0131 

11. 5. 2 

11. 5. 2. 1 PIS 0 PIS_CH0_CON

PIS  0 PIS_CH0_CON
00H
00000000_00000000_00000000_00000000B

31 30 29 28 27 26 25 24 23 22 21 20 19 18 17 16 15 14 13 12 11 10 9 8 7 6 5 4 3 2 1 0

                     Reserved
                                                                                             SRC S
                                                                                                                    Reserved
                                                                                                                                           MSIGS

Reserved  Bit 31-12   -- 
  SRCS    Bit 11-8
           Bit 7-4            
Reserved   Bit 3-0            0000
 MSIGS                        0001GPIOA
                              0010GPIOB
                              0011LVD/ACMP
                              0100USART0
                              0101USART1
                              0110I2C1
                              0111SPI
                     R/W
                              1000I2C0
                              1001GP16C2T0
                              1010GP16C2T1
                              1011GP16C2T2
                              1100AD16C4T
                              1101DMA
                              1110ADC
                              1111BSTIM0
                              

                      -- 
                              SRCS=0000
                              MSIGS 
                              SRCS=0001SRC=GPIOA
                              0000PA0
                              ......
                              1110PA14

                     R/W
                              1111PA15
                              SRCS=0010SRC=GPIOB
                              0000PB0
                              ......
                              0110PB6
                              SRCS=0011SRC=LVD/ACMP

V1.6                                                                       167/578
©                                                    http://www.essemi.com
                                                 ES32F0100/0101/0131 

      0000LVD 
      0001ACMP0 
      0010ACMP1 
      SRCS=0100, 0101SRC=USART0,USART1
      0000
      0001
      0010TX 
      SRCS=0111SRC=SPI
      0000
      0001
      0010
      SRCS=10000110SRC=I2C0I2C1
      0000
      0001
      SRCS=1001, 1010, 1011SRC=
      GP16C2T0,GP16C2T1,GP16C2T2
      0000
      0001
      0010 1 
      0011 2 
      0110TRGOUT 
      SRCS= 1100SRC= AD16C4T0
      0000
      0001
      0010 1 
      0011 2 
      0100 3 
      0101 4 
      0110TRGOUT 
      SRCS=1101SRC=DMA
      DMA 
      SRCS=1110SRC=ADC
      0000
      0001
      0010
      SRCS=1111SRC=BSTIM0
      BSTIM0 

V1.6                        168/578
©     http://www.essemi.com
                                                                                                        ES32F0100/0101/0131 

11. 5. 2. 2 PIS 1 PIS_CH1_CON

PIS  1 PIS_CH1_CON
04H
00000000_00000000_00000000_00000000B

31 30 29 28 27 26 25 24 23 22 21 20 19 18 17 16 15 14 13 12 11 10 9 8 7 6 5 4 3 2 1 0

                     Reserved
                                                                                             SRC S
                                                                                                                    Reserved
                                                                                                                                           MSIGS

Reserved  Bit 31-12   -- 
  SRCS    Bit 11-8
           Bit 7-4            
Reserved   Bit 3-0            0000
 MSIGS                        0001GPIOA
                              0010GPIOB
                              0011LVD/ACMP
                              0100USART0
                              0101USART1
                              0110I2C1
                              0111SPI
                     R/W
                              1000I2C0
                              1001GP16C2T0
                              1010GP16C2T1
                              1011GP16C2T2
                              1100AD16C4T
                              1101DMA
                              1110ADC
                              1111BSTIM0
                              

                      -- 
                              SRCS=0000
                              MSIGS 
                              SRCS=0001SRC=GPIOA
                              0000PA0
                              ......
                              1110PA14

                     R/W 1111PA15
                              SRCS=0010SRC=GPIOB
                              0000PB0
                              ......
                              0110PB6
                              SRCS=0011SRC=LVD/ACMP
                              0000LVD 

V1.6                                                                       169/578
©                                                    http://www.essemi.com
                                                 ES32F0100/0101/0131 

      0001ACMP0 
      0010ACMP1 
      SRCS=0100, 0101SRC=USART0,USART1
      0000
      0001
      0010TX 
      SRCS=0111SRC=SPI
      0000
      0001
      0010
      SRCS=10000110SRC=I2C0I2C1
      0000
      0001
      SRCS=1001, 1010, 1011SRC=
      GP16C2T0,GP16C2T1,GP16C2T2
      0000
      0001
      0010 1 
      0011 2 
      0110TRGOUT 
      SRCS= 1100SRC= AD16C4T0
      0000
      0001
      0010 1 
      0011 2 
      0100 3 
      0101 4 
      0110TRGOUT 
      SRCS=1101SRC=DMA
      DMA 
      SRCS=1110SRC=ADC
      0000
      0001
      0010
      SRCS=1111SRC=BSTIM0
      BSTIM0 

V1.6                        170/578
©     http://www.essemi.com
                                                                                                        ES32F0100/0101/0131 

11. 5. 2. 3 PIS 2 PIS_CH2_CON

PIS  2 PIS_CH2_CON
08H
00000000_00000000_00000000_00000000B

31 30 29 28 27 26 25 24 23 22 21 20 19 18 17 16 15 14 13 12 11 10 9 8 7 6 5 4 3 2 1 0

                     Reserved
                                                                                             SRC S
                                                                                                                    Reserved
                                                                                                                                           MSIGS

Reserved  Bit 31-12   -- 
  SRCS    Bit 11-8
           Bit 7-4            
Reserved   Bit 3-0            0000
 MSIGS                        0001GPIOA
                              0010GPIOB
                              0011LVD/ACMP
                              0100USART0
                              0101USART1
                              0110I2C1
                              0111SPI
                     R/W
                              1000I2C0
                              1001GP16C2T0
                              1010GP16C2T1
                              1011GP16C2T2
                              1100AD16C4T
                              1101DMA
                              1110ADC
                              1111BSTIM0
                              

                      -- 
                              SRCS=0000
                              MSIGS 
                              SRCS=0001SRC=GPIOA
                              0000PA0
                              ......
                              1110PA14

                     R/W 1111PA15
                              SRCS=0010SRC=GPIOB
                              0000PB0
                              ......
                              0110PB6
                              SRCS=0011SRC=LVD/ACMP
                              0000LVD 

V1.6                                                                       171/578
©                                                    http://www.essemi.com
                                                 ES32F0100/0101/0131 

      0001ACMP0 
      0010ACMP1 
      SRCS=0100, 0101SRC=USART0,USART1
      0000
      0001
      0010TX 
      SRCS=0111SRC=SPI
      0000
      0001
      0010
      SRCS=10000110SRC=I2C0I2C1
      0000
      0001
      SRCS=1001, 1010, 1011SRC=
      GP16C2T0,GP16C2T1,GP16C2T2
      0000
      0001
      0010 1 
      0011 2 
      0110TRGOUT 
      SRCS= 1100SRC= AD16C4T0
      0000
      0001
      0010 1 
      0011 2 
      0100 3 
      0101 4 
      0110TRGOUT 
      SRCS=1101SRC=DMA
      DMA 
      SRCS=1110SRC=ADC
      0000
      0001
      0010
      SRCS=1111SRC=BSTIM0
      BSTIM0 

V1.6                        172/578
©     http://www.essemi.com
                                                                                                        ES32F0100/0101/0131 

11. 5. 2. 4 PIS 3 PIS_CH3_CON

PIS  3 PIS_CH3_CON
0CH
00000000_00000000_00000000_00000000B

31 30 29 28 27 26 25 24 23 22 21 20 19 18 17 16 15 14 13 12 11 10 9 8 7 6 5 4 3 2 1 0

                     Reserved
                                                                                             SRC S
                                                                                                                    Reserved
                                                                                                                                           MSIGS

Reserved  Bit 31-12   -- 
  SRCS    Bit 11-8
           Bit 7-4            
Reserved   Bit 3-0            0000
 MSIGS                        0001GPIOA
                              0010GPIOB
                              0011LVD/ACMP
                              0100USART0
                              0101USART1
                              0110I2C1
                              0111SPI
                     R/W
                              1000I2C0
                              1001GP16C2T0
                              1010GP16C2T1
                              1011GP16C2T2
                              1100AD16C4T
                              1101DMA
                              1110ADC
                              1111BSTIM0
                              

                      -- 
                              SRCS=0000
                              MSIGS 
                              SRCS=0001SRC=GPIOA
                              0000PA0
                              ......
                              1110PA14

                     R/W 1111PA15
                              SRCS=0010SRC=GPIOB
                              0000PB0
                              ......
                              0110PB6
                              SRCS=0011SRC=LVD/ACMP
                              0000LVD 

V1.6                                                                       173/578
©                                                    http://www.essemi.com
                                                 ES32F0100/0101/0131 

      0001ACMP0 
      0010ACMP1 
      SRCS=0100, 0101SRC=USART0,USART1
      0000
      0001
      0010TX 
      SRCS=0111SRC=SPI
      0000
      0001
      0010
      SRCS=10000110SRC=I2C0I2C1
      0000
      0001
      SRCS=1001, 1010, 1011SRC=
      GP16C2T0,GP16C2T1,GP16C2T2
      0000
      0001
      0010 1 
      0011 2 
      0110TRGOUT 
      SRCS= 1100SRC= AD16C4T0
      0000
      0001
      0010 1 
      0011 2 
      0100 3 
      0101 4 
      0110TRGOUT 
      SRCS=1101SRC=DMA
      DMA 
      SRCS=1110SRC=ADC
      0000
      0001
      0010
      SRCS=1111SRC=BSTIM0
      BSTIM0 

V1.6                        174/578
©     http://www.essemi.com
                                                                                                        ES32F0100/0101/0131 

11. 5. 2. 5 PIS 4 PIS_CH4_CON

PIS  4 PIS_CH4_CON
10H
00000000_00000000_00000000_00000000B

31 30 29 28 27 26 25 24 23 22 21 20 19 18 17 16 15 14 13 12 11 10 9 8 7 6 5 4 3 2 1 0

                     Reserved
                                                                                             SRC S
                                                                                                                    Reserved
                                                                                                                                           MSIGS

Reserved  Bit 31-12   -- 
  SRCS    Bit 11-8
           Bit 7-4            
Reserved   Bit 3-0            0000
 MSIGS                        0001GPIOA
                              0010GPIOB
                              0011LVD/ACMP
                              0100USART0
                              0101USART1
                              0110I2C1
                              0111SPI
                     R/W
                              1000I2C0
                              1001GP16C2T0
                              1010GP16C2T1
                              1011GP16C2T2
                              1100AD16C4T
                              1101DMA
                              1110ADC
                              1111BSTIM0
                              

                      -- 
                              SRCS=0000
                              MSIGS 
                              SRCS=0001SRC=GPIOA
                              0000PA0
                              ......
                              1110PA14

                     R/W 1111PA15
                              SRCS=0010SRC=GPIOB
                              0000PB0
                              ......
                              0110PB6
                              SRCS=0011SRC=LVD/ACMP
                              0000LVD 

V1.6                                                                       175/578
©                                                    http://www.essemi.com
                                                 ES32F0100/0101/0131 

      0001ACMP0 
      0010ACMP1 
      SRCS=0100, 0101SRC=USART0,USART1
      0000
      0001
      0010TX 
      SRCS=0111SRC=SPI
      0000
      0001
      0010
      SRCS=10000110SRC=I2C0I2C1
      0000
      0001
      SRCS=1001, 1010, 1011SRC=
      GP16C2T0,GP16C2T1,GP16C2T2
      0000
      0001
      0010 1 
      0011 2 
      0110TRGOUT 
      SRCS= 1100SRC= AD16C4T0
      0000
      0001
      0010 1 
      0011 2 
      0100 3 
      0101 4 
      0110TRGOUT 
      SRCS=1101SRC=DMA
      DMA 
      SRCS=1110SRC=ADC
      0000
      0001
      0010
      SRCS=1111SRC=BSTIM0
      BSTIM0 

V1.6                        176/578
©     http://www.essemi.com
                                                                                                        ES32F0100/0101/0131 

11. 5. 2. 6 PIS 5 PIS_CH5_CON

PIS  5 PIS_CH5_CON
14H
00000000_00000000_00000000_00000000B

31 30 29 28 27 26 25 24 23 22 21 20 19 18 17 16 15 14 13 12 11 10 9 8 7 6 5 4 3 2 1 0

                     Reserved
                                                                                             SRC S
                                                                                                                    Reserved
                                                                                                                                           MSIGS

Reserved  Bit 31-12   -- 
  SRCS    Bit 11-8
           Bit 7-4            
Reserved   Bit 3-0            0000
 MSIGS                        0001GPIOA
                              0010GPIOB
                              0011LVD/ACMP
                              0100USART0
                              0101USART1
                              0110I2C1
                              0111SPI
                     R/W
                              1000I2C0
                              1001GP16C2T0
                              1010GP16C2T1
                              1011GP16C2T2
                              1100AD16C4T
                              1101DMA
                              1110ADC
                              1111BSTIM0
                              

                      -- 
                              SRCS=0000
                              MSIGS 
                              SRCS=0001SRC=GPIOA
                              0000PA0
                              ......
                              1110PA14

                     R/W 1111PA15
                              SRCS=0010SRC=GPIOB
                              0000PB0
                              ......
                              0110PB6
                              SRCS=0011SRC=LVD/ACMP
                              0000LVD 

V1.6                                                                       177/578
©                                                    http://www.essemi.com
                                                 ES32F0100/0101/0131 

      0001ACMP0 
      0010ACMP1 
      SRCS=0100, 0101SRC=USART0,USART1
      0000
      0001
      0010TX 
      SRCS=0111SRC=SPI
      0000
      0001
      0010
      SRCS=10000110SRC=I2C0I2C1
      0000
      0001
      SRCS=1001, 1010, 1011SRC=
      GP16C2T0,GP16C2T1,GP16C2T2
      0000
      0001
      0010 1 
      0011 2 
      0110TRGOUT 
      SRCS= 1100SRC= AD16C4T0
      0000
      0001
      0010 1 
      0011 2 
      0100 3 
      0101 4 
      0110TRGOUT 
      SRCS=1101SRC=DMA
      DMA 
      SRCS=1110SRC=ADC
      0000
      0001
      0010
      SRCS=1111SRC=BSTIM0
      BSTIM0 

V1.6                        178/578
©     http://www.essemi.com
                                                                                                        ES32F0100/0101/0131 

11. 5. 2. 7 PISPIS_CH_OER

PIS PIS_CH_OER
40H
00000000_00000000_00000000_00000000B

31 30 29 28 27 26 25 24 23 22 21 20 19 18 17 16 15 14 13 12 11 10 9 8 7 6 5 4 3 2 1 0

                    Reserved
                                                                                                  CH5OE
                                                                                                        CH4OE
                                                                                                             CH3OE
                                                                                                                   CH2OE
                                                                                                                         CH1OE
                                                                                                                               CH0OE

Reserved  Bit 31-4   -- 
 CH5OE      Bit 5               PIS  5 
 CH4OE      Bit 4
 CH3OE      Bit 3   R/W 0
 CH2OE      Bit 2               1
 CH1OE      Bit 1               PIS  4 
 CH0OE      Bit 0
                    R/W 0
                                1
                                PIS  3 

                    R/W 0
                                1
                                PIS  2 

                    R/W 0
                                1
                                PIS  1 

                    R/W 0
                                1
                                PIS  0 

                    R/W 0
                                1

11. 5. 2. 8 PIS 0PIS_TAR_CON0

PIS  0PIS_TAR_CON0
44H
00000000_00000000_00000000_00000000B

31 30 29 28 27 26 25 24 23 22 21 20 19 18 17 16 15 14 13 12 11 10 9 8 7 6 5 4 3 2 1 0

Reserved
                           GP16C2T2_CH2IN_SEL
                                   GP16C2T2_CH1IN_SEL
                                                               Reserved
                                                                                           GP16C2T1_CH2IN_SEL
                                                                                                   GP16C2T1_CH1IN_SEL
                                                                                                                               Reserved
                                                                                                                                                          GP16C2T0_CH2IN_SEL
                                                                                                                                                                  GP16C2T0_CH1IN_SEL
                                                                                                                                                                                  Reserved
                                                                                                                                                                                                  AD16C4T0_BRKIN_SEL
                                                                                                                                                                                                          AD16C4T0_CH4IN_SEL
                                                                                                                                                                                                                  AD16C4T0_CH3IN_SEL
                                                                                                                                                                                                                          AD16C4T0_CH2IN_SEL
                                                                                                                                                                                                                                 AD16C4T0_CH1IN_SEL

Reserved  Bit 31-26 -- 

V1.6                                           179/578
©                        http://www.essemi.com
                           ES32F0100/0101/0131 

GP16C2T2_CH2IN_SEL Bit 25             GP16C2T2  2 
                           R/W 0
GP16C2T2_CH1IN_SEL Bit 24
                                      1 PIS  1 
Reserved  Bit 23-18                   GP16C2T2  1 
                           R/W 0
GP16C2T1_CH2IN_SEL Bit 17             1 PIS  0 
                            -- 
GP16C2T1_CH1IN_SEL Bit 16             GP16C2T1  2 
                           R/W 0
Reserved  Bit 15-10                   1 PIS  3 
                                      GP16C2T1  1 
GP16C2T0_CH2IN_SEL Bit 9   R/W 0
                                      1 PIS  2 
GP16C2T0_CH1IN_SEL Bit 8    -- 
                                      GP16C2T0  2 
Reserved  Bit 7-5          R/W 0
                                      1 PIS  1 
AD16C4T0_BRKIN_SEL Bit 4              GP16C2T0  1 
                           R/W 0
AD16C4T0_CH4IN_SEL Bit 3              1 PIS  0 
                            -- 
AD16C4T0_CH3IN_SEL Bit 2              AD16C4T0 
                           R/W 0
AD16C4T0_CH2IN_SEL Bit 1              1 PIS  0 
                                      AD16C4T0  4 
AD16C4T0_CH1IN_SEL Bit 0   R/W 0
                                      1 PIS  3 
                                      AD16C4T0  3 
                           R/W 0
                                      1 PIS  2 
                                      AD16C4T0  2 
                           R/W 0
                                      1 PIS  1 
                                      AD16C4T0  1 
                           R/W 0
                                      1 PIS  0 

V1.6                                             180/578
©                          http://www.essemi.com
                                                                                                        ES32F0100/0101/0131 

11. 5. 2. 9 PIS 1PIS_TAR_CON1

PIS  1PIS_TAR_CON1
48H
00000000_00000000_00000000_00000000B

31 30 29 28 27 26 25 24 23 22 21 20 19 18 17 16 15 14 13 12 11 10 9 8 7 6 5 4 3 2 1 0

                 Reserved
                                                                                              SPI_CLK_SEL
                                                                                                     SPI_RX_SEL
                                                                                                                             Reserved
                                                                                                                                                    USART1_RXD_SEL
                                                                                                                                                           USART0_RXD_SEL

   Reserved      Bit 31-10   -- 
SPI_CLK_SEL         Bit9               SPI CLK 

    SPI_RX_SEL    Bit 8     R/W 0
       Reserved  Bit 7-2               1 PIS  1 
                  Bit 1                SPI RX 
USART1_RXD_SEL
                            R/W 0
USART0_RXD_SEL   Bit 0                 1 PIS  0 

                             -- 
                                       USART1 RXD 

                            R/W 0 RXD 
                                       1 PIS  4 
                                       USART0 RXD 

                            R/W 0 RXD 
                                       1 PIS  1 

11. 5. 2. 10 USART0 USART0_TXMCR

USART0 USART0_TXMCR
60H
00000000_00000000_00000000_00000000B

31 30 29 28 27 26 25 24 23 22 21 20 19 18 17 16 15 14 13 12 11 10 9 8 7 6 5 4 3 2 1 0

                           Reserved
                                                                                                TXMLVLS
                                                                                                              TXMSS
                                                                                                                                     TXSIGS

Reserved         Bit 31-9    -- 
TXMLVLS            Bit 8                TX 
                                        0TX 

                            R/W 
                                        1TX 
                                        

V1.6                                              181/578
©                           http://www.essemi.com
TXMSS   Bit 7-4                                            ES32F0100/0101/0131 
TXSIGS  Bit 3-0
                             TX 
                             0000
                             0001AD16C4T0
                             0010BUZ
                 R/W
                             0011GP16C2T0
                             0100GP16C2T1
                             0101GP16C2T2
                             
                             TX 
                             TXMSS=0000
                             TXSIGS 
                             TXMSS=0001, 0011,0100,0101 
                             =AD16C4T0, GP16C2T0,
                             GP16C2T1,GP16C2T2
                 R/W
                             0000TIMER  1
                             0001TIMER  2
                             0010TIMER  3
                             0011TIMER  4
                             TXMSS=0010=BUZ
                              BUZ 

V1.6                                   182/578
©                http://www.essemi.com
                                                                                                        ES32F0100/0101/0131 

                             12 IWDT

12. 1 

         IWDT 
        
         IWDT LRC 
        IWDT
         IWDT 

12. 2 

       
                CFG_WORD0.IWDTEN  1 IWDT
                CFG_WORD0.IWDTEN  0 IWDT
                      IWDT
               
                IWDT  32KHz LRC 

       IWDT 
                IWDT_LOAD 
                IWDT 

       IWDT  STOP  IWDT  STOP 

12. 3 

                                                          IWDT

                                            IWDT_LOAD

            0      
                 
 IWDTINT
IWDT_RST

       12-1 

V1.6                                       183/578
©                    http://www.essemi.com
                                                                                                        ES32F0100/0101/0131 

12. 3. 1 

            IWDT  CFG_WORD0.IWDTEN 
             32KHz LRC 
            IWDT 

             32KHz LRC IWDT
             IWDT_LOAD  0x0000_8000 1s 2s
            

             0 IWDT 
            IWDT_LOAD 0  IWDT 
            IWDT 

            IWDT_INTCLR 

            
             IWDT_LOAD.LOAD 
             IWDG_IRQn  IWDT IWDT_CON.IE=1
            IWDT_RIS.WDTIF
             IWDT_RIS.WDTIF 

12. 3. 2 

             IWDT_CON.EN=1 
            
             IWDT_LOAD  0 IWDT
             IWDT_LOAD
             0  IWDT IWDT 
            IWDT_INTCLR 


1.  IWDT  IWDT IWDT_CON.IE=1
2.  IWDT_LOAD.LOAD 
3.  IWDT  IWDT_CON.CLKS
4.  IWDT_CON.IE=1
5. IWDT_RIS.WDTIF
6.  IWDT_RIS.WDTIF 

V1.6                        184/578
©     http://www.essemi.com
                                                                                                        ES32F0100/0101/0131 

 IWDT_CON.CLKS  LRC  PCLK 

12. 3. 3 

             DBG_APB2FZ.IWDT_STOP  CPU 
             IWDT 

12. 3. 4 

            IWDT_LOADIWDT_CONIWDT_INTCLR 
             IWDT_LOCK  0x1ACCE551  IWDT_LOCK 
            

V1.6                        185/578
©     http://www.essemi.com
12. 4                                                 ES32F0100/0101/0131 

12. 4. 1                                            
               0000H  IWDT 
IWDT           0004H  IWDT 
               0008H  IWDT 
               000CH  IWDT 
IWDT_LOAD      0010H  IWDT 
IWDT_VALUE     0100H  IWDT 
IWDT_CON
IWDT_INTCLR
IWDT_RIS
IWDT_LOCK

V1.6                                        186/578
©                     http://www.essemi.com
                                                                                                        ES32F0100/0101/0131 LOAD

12. 4. 2 

12. 4. 2. 1 IWDTIWDT_LOAD

IWDT IWDT_LOAD
00H
00000000_00000000_10000000_00000000B

31 30 29 28 27 26 25 24 23 22 21 20 19 18 17 16 15 14 13 12 11 10 9 8 7 6 5 4 3 2 1 0

                                              IWDT 
 LOAD<31:0> Bit 31-0 W  0x0000_0001~0xFFFF_FFFF 0IWDT 

                                              

12. 4. 2. 2 IWDTIWDT_VALUE

IWDT IWDT_VALUE
04H
11111111_ 11111111_ 11111111 _ 11111111B

31 30 29 28 27 26 25 24 23 22 21 20 19 18 17 16 15 14 13 12 11 10 9 8 7 6 5 4 3 2 1 0

          VALUE

VALUE                            IWDT 
          Bit 31-0 R

                                  IWDT 

12. 4. 2. 3 IWDTIWDT_CON

IWDT IWDT_CON
08H
00000000_00000000_00000000_00000000B

31 30 29 28 27 26 25 24 23 22 21 20 19 18 17 16 15 14 13 12 11 10 9 8 7 6 5 4 3 2 1 0

          Reserved
                                                                                             CLKS
                                                                                                   RSTEN
                                                                                                         IE
                                                                                                               EN

Reserved  Bit 31-4 -- 
  CLKS                           IWDT  CFG_WORD0.IWDTEN=0

            Bit 3 R/W 
                                 0PCLK

V1.6                                                           187/578
©                                        http://www.essemi.com
                            ES32F0100/0101/0131 

RSTEN  Bit 2           1LRC 32KHz
   IE  Bit 1           IWDT  CFG_WORD0.IWDTEN=0 
   EN  Bit 0           
              R/W
                       0
                       1IWDT  0 
                       IWDT  CFG_WORD0.IWDTEN=0 
                       
              R/W
                       0
                       1IWDT  0 
                       IWDT  CFG_WORD0.IWDTEN=0 
                       
              R/W
                       0
                       1

 1IWDT_CON  CFG_WORD  IWDTEN=0 
 2 IWDT  LRC  3  LRC 

         IWDT  3  LRC 
         IWDT  IWDT  IWDT 
         PCLK 
 3 IWDT  STOP  IWDT  IWDT 

12. 4. 2. 4 IWDTIWDT_INTCLR

IWDT IWDT_INTCLR
0CH
00000000_00000000_00000000_00000000B

31 30 29 28 27 26 25 24 23 22 21 20 19 18 17 16 15 14 13 12 11 10 9 8 7 6 5 4 3 2 1 0

              INTCLR[31:0]

                                               IWDT  0 
                                                IWDT_INTCLR IWDT 
INTCLR<31:0> Bit 31-0 W
                                                IWDT_LOAD 
                                               

V1.6                                              188/578
©                           http://www.essemi.com
                                                                                                        ES32F0100/0101/0131 

12. 4. 2. 5 IWDTIWDT_RIS

IWDT IWDT_RIS
10H
00000000_00000000_00000000_00000000B

31 30 29 28 27 26 25 24 23 22 21 20 19 18 17 16 15 14 13 12 11 10 9 8 7 6 5 4 3 2 1 0

                         Reserved
                                                                                                                     WDTIF

Reserved  Bit 31-1 -- 
 WDTIF
                         IWDT 

          Bit 0            0
                    R

                           1IWDT  0

                          IWDT_INTCLR IWDT 

12. 4. 2. 6 IWDTIWDT_LOCK

IWDT IWDT_LOCK
14H
00000000_00000000_00000000_00000001B

31 30 29 28 27 26 25 24 23 22 21 20 19 18 17 16 15 14 13 12 11 10 9 8 7 6 5 4 3 2 1 0

                         Reserved
                                                                                                                     LOCK

Reserved  Bit 31-1   --  
  LOCK      Bit 0   R/W  IWDT 
                         0IWDT 
                         1IWDT 
                          IWDT_LOCK  0x1ACCE551
                         

V1.6                                                       189/578
©                                    http://www.essemi.com
                                                                                                        ES32F0100/0101/0131 

                            13 WWDT

13. 1 

         WWDT 
        

         WWDT  WWDT 
        

13. 2 

         WWDT 
       
       

                WWDT_CON.WWDTWIN 
                WWDT 
                WWDT 

                  - WWDT 
       

                CFG_WORD0.WWDTEN  1 
       WWDT 

                WWDT_LOAD.LOAD 
                WWDT 
       WWDT  STOP WWDT 
             STOP 

13. 3 

13. 3. 1 

             WWDT WWDT 
             WWDT 
            

            
            

            
             WWDT  LRC  PCLK  WWDT
            

             WWDT_CON.CLKS 

V1.6                        190/578
©     http://www.essemi.com
                                                                                                        ES32F0100/0101/0131 

            
             WWDT_LOAD.LOAD
            WWDT_CON.CLKS  WWDT_CON.EN 
            WWDT  WWDT_LOAD.LOAD  1/4 0
             1
             WWDT_LOAD.LOAD  1/4
            
            WWDTWIN  25% 1 WWDT 
            WWDTWIN  50% 2 WWDT 
            WWDTWIN  75% 3 WWDT 
            WWDT  4  WWDT_LOAD
             WWDT 
             WWDT_INTCLR.INTCLR 
            

 CFG_WORD0.WWDTEN  1
     

                                                            WWDT

WWDT_LOAD

¾ WWDT_LOAD

½ WWDT_LOAD

¼ WWDT_LOAD                   
                      0
                            
           WWDTINT        
        WWDT_RST

 13-1 WWDTWIN  25%

V1.6                                                  191/578
©                               http://www.essemi.com
                                 ES32F0100/0101/0131 

                     WWDT
    WWDT_LOAD
¾ WWDT_LOAD

                         0       
WR_WWDT_INTCLR
                               
                             

WWDT_RST

 13-2 WWDTWIN  25%

13. 3. 2 

             DBG_APB2FZ.WWDT_STOP 
             CPU  WWDT 
            

13. 3. 3 

            WWDT_LOADWWDT_CONWWDT_INTCLR 
             WWDT_LOCK  0x1ACCE551  WWDT_LOCK 
            

V1.6                                                     192/578
©                                  http://www.essemi.com
                          ES32F0100/0101/0131 

13. 4                                                   
                   0000H  WWDT 
13. 4. 1           0004H  WWDT 
                   0008H  WWDT 
WWDT               000CH  WWDT 
                   0010H  WWDT 
                   0100H  WWDT 
WWDT_LOAD
WWDT_VALUE
WWDT_CON
WWDT_INTCLR
WWDT_RIS
WWDT_LOCK

V1.6                                                                            193/578
©                                                         http://www.essemi.com
                                                                                                        ES32F0100/0101/0131 

13. 4. 2 

13. 4. 2. 1 WWDTWWDT_LOAD

WWDT WWDT_LOAD
00H
00000000_00000010_00000000_00000000B

31 30 29 28 27 26 25 24 23 22 21 20 19 18 17 16 15 14 13 12 11 10 9 8 7 6 5 4 3 2 1 0

       LOAD[31:0]

LOAD                          WWDT 
       Bit 31-0 W  0x0000_0001~0xFFFF_FFFF 0WWDT 

                              

13. 4. 2. 2 WWDTWWDT_VALUE

WWDT WWDT_VALUE
04H
00111111_ 11111111_ 11111111 _ 11111111B

31 30 29 28 27 26 25 24 23 22 21 20 19 18 17 16 15 14 13 12 11 10 9 8 7 6 5 4 3 2 1 0

       VALUE

VALUE                         WWDT 
       Bit 31-0 R  WWDT 

                              

13. 4. 2. 3 WWDTWWDT_CON

WWDT WWDT_CON
08H
00000000_00000000_00000000_00000000B

31 30 29 28 27 26 25 24 23 22 21 20 19 18 17 16 15 14 13 12 11 10 9 8 7 6 5 4 3 2 1 0

       Reserved
                                                                                        WWDTWIN
                                                                                                CLKS
                                                                                                      RSTEN
                                                                                                            IE
                                                                                                                 EN

   Reserved Bit 31-6 --                           194/578
 WWDTWIN Bit 5-4 R/W WWDT   http://www.essemi.com

V1.6
©
                                ES32F0100/0101/0131 

 CLKS   Bit 3              0025%
RSTEN   Bit 2              0150%
        Bit 1              1075%
   IE   Bit 0              11
   EN                      WWDT 
                  R/W 0PCLK
                           1LRC 32KHz
                           WWDT 
                  R/W 0
                           1WWDT  0 
                           WWDT 
                  R/W 0
                           1WWDT  0 
                           WWDT 
                  R/W 0
                           1

 WWDT  LRC  3  LRC 
      WWDT 

13. 4. 2. 4 WWDTWWDT_INTCLR

WWDT WWDT_INTCLR
0CH
00000000_00000000_00000000_00000000B

31 30 29 28 27 26 25 24 23 22 21 20 19 18 17 16 15 14 13 12 11 10 9 8 7 6 5 4 3 2 1 0

                  INTCLR[31:0]

INTCLR  Bit 31-0         WWDT  0 
                          WWDT_INTCLR WWDT 
                  W
                          WWDT_LOAD 
                         

V1.6                                                  195/578
©                               http://www.essemi.com
                                                                                                        ES32F0100/0101/0131 

13. 4. 2. 5 WWDTWWDT_RIS

WWDT WWDT_RIS
10H
00000000_00000000_00000000_00000000B

31 30 29 28 27 26 25 24 23 22 21 20 19 18 17 16 15 14 13 12 11 10 9 8 7 6 5 4 3 2 1 0

                         Reserved
                                                                                                                     WWDTIF

Reserved  Bit 31-1 -- 
WWDTIF
                         WWDT 

          Bit 0            0
                    R

                           1WWDT  0

                          WWDT_INTCLR WWDT 

13. 4. 2. 6 WWDTWWDT_LOCK

WWDT WWDT_LOCK
100H
00000000_00000000_00000000_00000001B

31 30 29 28 27 26 25 24 23 22 21 20 19 18 17 16 15 14 13 12 11 10 9 8 7 6 5 4 3 2 1 0

                         Reserved
                                                                                                                     LOCK

Reserved  Bit 31-1   --  
  LOCK      Bit 0   R/W  WWDT 
                         0WWDT 
                         1WWDT 
                          WWDT_LOCK  0x1ACCE551
                         

V1.6                                                       196/578
©                                    http://www.essemi.com
                                                                                                        ES32F0100/0101/0131 

                         14 IOGPIO

14. 1 

         GPIO  16 
        
        

        GPIO  PWM USART 
        GPIO  16 
        IO 

14. 2 

       
       

               /
               /
       
               
               /
               
       
       
       
        16 
       

V1.6                        197/578
©     http://www.essemi.com
                                                                                                    ES32F0100/0101/0131 

14. 3 

Alternate function output

GPIO output     Output data                                                Pullup enable                 VDD
data register  Output enable
                                                                                                                      ESD
               Open drain enable                                            Push-pull,              VDD            protection
                                                                            Open-drain              VSS
               Open source enable                                           or disable                                ESD
                                                                                                                   protection
                   Pullup enable                    IOMUX                  Push-pull,
               Pulldown enable                                             Open-source                   VSS
               Drive strength select                                 PORT  or disable
                                                                  CONTROL
PORT
Control                                                                    Pulldown enable
register

                   Filter enable                                           Digital on/off

               Alternate function
                      select

                                                                           Filter enable

                                        GPIO_FUNCx                                          Filter

GPIO input
data register

  Alternate function input

Interrupt      GPIO interrupt                                     Digital filter

                                      GPIO EXTI Control Register

Analog

                                                     14-1 GPIO 

14. 4 

14. 4. 1 

             GPIO  16 

             GPIO_MODE
            
            

             GPIO_PUPD/

             GPIO_OD
            
            

             GPIO_ODRV

             GPIO_FLT
            

V1.6                                                                                                                           198/578
©                                                                                                        http://www.essemi.com
                                                                                                        ES32F0100/0101/0131 

             GPIO_TYPE TTL  CMOS 

                GPIO_FUNC       GPIO          FUNC_ALT0 ~
            FUNC_ALT7 GPIO 
            GPIO  GPIO 
            

             GPIO_LOCK CPU 
            

14. 4. 2 

             GPIO_DIN 
            

             GPIO_DOUT
            

             GPIO_BSRR 1 
             0 
            1  0 
            

             GPIO_BIR 1 
             0 

14. 4. 3 

             GPIO_EXTIRER 16bit 
             16bit 

             GPIO_EXTIFER 16bit 
             16bit 

             GPIO_EXTIEN 16bit 
             bit  1  0  16bit 

             GPIO_EXTIFLAG  bit  1 
             0 

             GPIO_EXTISFR 16bit 
             1  0  16bit 

             GPIO_EXTICFR 16bit 
             1  0  16bit 

             GPIO_EXTIPSR0  GPIO_EXTIPSR1  GPIO 
             2  GPIO PAn~PBn

             GPIO_EXTIFLTCRGPIO_EXTIFLTCR.FLTEN 
             GPIO_EXTIFLTCR.FLTSEL 

V1.6                        199/578
©     http://www.essemi.com
                                      ES32F0100/0101/0131 

14. 4. 4 GPIO

             GPIO 
            GPIO 



                   MODEn[1:0]  PUPDn[1:0]     ODOSn[1:0]
                          1x         xx             0x
                          1x         xx             1x
                         01          00              xx
                         01          01              xx
                         01          10              xx
                         01                          xx
  
  

  

                    14-1 

   GPIO 
   GPIO  GPIO  CMOS  TTL 
  

  ODRVn[1:0]                               
        00                            
        01                             
        10
        11                                  
                                            

                    14-2 

14. 4. 5 

             GPIO GPIO 

            
            

            EXTI 
               
               
                16 
               

            

              PAn              EXTIn

              PBn

                   n0~15

               14-2  GPIO 

V1.6                                                             200/578
©                                          http://www.essemi.com
                                                                                                        ES32F0100/0101/0131 

            
            
            
             1
             1

            

            1.  GPIO 
            2.  0  1  GPIO 
            3. 
            

            4. 
            5. 

14. 4. 6 

             GPIO  0  GPIO  1 
            

               
                     

               
                     GPIO 

            
            GPIO 

14. 4. 7 GPIO

             GPIO  GPIO
            

14. 4. 8 GPIO

             GPIO 

               
               
                GPIO 
                GPIO  GPIOn 

14. 4. 9 GPIO

             GPIO 

               
               

V1.6                        201/578
©     http://www.essemi.com
                                                                                                        ES32F0100/0101/0131 

                GPIO 
                GPIOn 
               

14. 4. 10 

             GPIO 
               
               
               
                0

V1.6                        202/578
©     http://www.essemi.com
                               ES32F0100/0101/0131 

14. 5 

14. 5. 1 

GPIO 

                               



GPIOA_BASE000H GPIOB_BASE040H

GPIO_DIN        000H  GPIO 

GPIO_DOUT       004H  GPIO 

GPIO_BSRR       008H  GPIO 

GPIO_BIR        00CH  GPIO 

GPIO_MODE       010H  GPIO 

GPIO_OD         014H  GPIO 

GPIO_PUPD       018H  GPIO 

GPIO_ODRV       01CH  GPIO 

GPIO_FLT        020H  GPIO 

GPIO_TYPE       024H  GPIO 

GPIO_FUNC0      028H  GPIO  0

GPIO_FUNC1      02CH  GPIO  1

GPIO_LOCK       030H  GPIO 

EXTI_BASE300H

GPIO_EXTIRER    000H  

GPIO_EXTIFER    008H  

GPIO_EXTIEN     010H  

GPIO_EXTIFLAG   018H  

GPIO_EXTISFR    020H  

GPIO_EXTICFR    028H  

GPIO_EXTIPSR0   030H   0

GPIO_EXTIPSR1   034H   1

GPIO_EXTIFLTCR  040H  

V1.6                                                   203/578
©                                http://www.essemi.com
                                                                                                        ES32F0100/0101/0131 

14. 5. 2 

14. 5. 2. 1 GPIOGPIO_DIN

GPIO GPIO_DIN
00H
00000000_00000000_00000000_00000000B

31 30 29 28 27 26 25 24 23 22 21 20 19 18 17 16 15 14 13 12 11 10 9 8 7 6 5 4 3 2 1 0

          Reserved
                                                           DIN15
                                                                DIN14
                                                                      DIN13
                                                                            DIN12
                                                                                  DIN11
                                                                                        DIN10
                                                                                             DIN9
                                                                                                   DIN8
                                                                                                         DIN7
                                                                                                               DIN6
                                                                                                                     DIN5
                                                                                                                          DIN4
                                                                                                                                DIN3
                                                                                                                                      DIN2
                                                                                                                                            DIN1
                                                                                                                                                 DIN0

Reserved  Bit 31-16  -- 
 DIN<y>   Bit 15-0   R GPIO 

14. 5. 2. 2 GPIOGPIO_DOUT

GPIO GPIO_DOUT
04H
00000000_00000000_00000000_00000000B

31 30 29 28 27 26 25 24 23 22 21 20 19 18 17 16 15 14 13 12 11 10 9 8 7 6 5 4 3 2 1 0

          Reserved
                                                           DOUT15
                                                                DOUT14
                                                                      DOUT13
                                                                            DOUT12
                                                                                  DOUT11
                                                                                        DOUT10
                                                                                             DOUT9
                                                                                                   DOUT8
                                                                                                         DOUT7
                                                                                                               DOUT6
                                                                                                                     DOUT5
                                                                                                                          DOUT4
                                                                                                                                DOUT3
                                                                                                                                      DOUT2
                                                                                                                                            DOUT1
                                                                                                                                                 DOUT0

Reserved  Bit 31-16   -- 
DOUT<y>   Bit 15-0   R/W GPIO 

V1.6                                                  204/578
©                               http://www.essemi.com
                                                                                                        ES32F0100/0101/0131 

14. 5. 2. 3 GPIOGPIO_BSRR

GPIO GPIO_BSRR
08H
00000000_00000000_00000000_00000000B

31 30 29 28 27 26 25 24 23 22 21 20 19 18 17 16 15 14 13 12 11 10 9 8 7 6 5 4 3 2 1 0

BRR15
     BRR14
           BRR13
                 BRR12
                      BRR11
                            BRR10
                                  BRR 9
                                        BRR 8
                                              BRR 7
                                                   BRR 6
                                                         BRR 5
                                                               BRR 4
                                                                     BRR 3
                                                                           BRR 2
                                                                                BRR 1
                                                                                      BRR 0
                                                                                            BSR15
                                                                                                  BSR14
                                                                                                        BSR13
                                                                                                             BSR12
                                                                                                                   BSR11
                                                                                                                         BSR10
                                                                                                                               BSR9
                                                                                                                                     BSR8
                                                                                                                                          BSR7
                                                                                                                                                BSR6
                                                                                                                                                      BSR5
                                                                                                                                                            BSR4
                                                                                                                                                                 BSR3
                                                                                                                                                                       BSR2
                                                                                                                                                                             BSR1
                                                                                                                                                                                   BSR0

BRR<y>    Bit 31-16           GPIO 
BSR<y>    Bit 15-0            0
                     W 1
                               GPIO 
                              
                              GPIO 
                     W 0
                              1

14. 5. 2. 4 GPIOGPIO_BIR

GPIO GPIO_BIR
0CH
00000000_00000000_00000000_00000000B

31 30 29 28 27 26 25 24 23 22 21 20 19 18 17 16 15 14 13 12 11 10 9 8 7 6 5 4 3 2 1 0

          Reserved
                                                           BIR15
                                                                BIR14
                                                                      BIR13
                                                                            BIR12
                                                                                  BIR11
                                                                                        BIR10
                                                                                             BIR 9
                                                                                                   BIR 8
                                                                                                         BIR 7
                                                                                                               BIR 6
                                                                                                                     BIR 5
                                                                                                                          BIR 4
                                                                                                                                BIR 3
                                                                                                                                      BIR 2
                                                                                                                                            BIR 1
                                                                                                                                                 BIR 0

Reserved  Bit 31-16  -- 
 BIR<y>   Bit 15-0            GPIO 

                     W 0
                              1

V1.6                                                       205/578
©                                    http://www.essemi.com
                                                                                                        ES32F0100/0101/0131 

14. 5. 2. 5 GPIOGPIO_MODE

GPIO GPIO_MODE
10H
00000000_00000000_00000000_00000000B

31 30 29 28 27 26 25 24 23 22 21 20 19 18 17 16 15 14 13 12 11 10 9 8 7 6 5 4 3 2 1 0

MODE15
           MODE14
                       MODE13
                                  MODE12
                                              MODE11
                                                         MODE10
                                                                     MODE9
                                                                                 MODE8
                                                                                            MODE7
                                                                                                        MODE6
                                                                                                                   MODE5
                                                                                                                               MODE4
                                                                                                                                           MODE3
                                                                                                                                                      MODE2
                                                                                                                                                                  MODE1
                                                                                                                                                                             MODE0

MODE<y>  Bit 31-0             GPIO 
                              00
                   R/W
                              0110
                              1x

14. 5. 2. 6 GPIOGPIO_OD

GPIO GPIO_OD
14H
00000000_00000000_00000000_00000000B

31 30 29 28 27 26 25 24 23 22 21 20 19 18 17 16 15 14 13 12 11 10 9 8 7 6 5 4 3 2 1 0

ODOS15
           ODOS14
                       ODOS13
                                  ODOS12
                                              ODOS11
                                                         ODOS10
                                                                     ODOS9
                                                                                 ODOS8
                                                                                            ODOS7
                                                                                                        ODOS6
                                                                                                                   ODOS5
                                                                                                                               ODOS4
                                                                                                                                           ODOS3
                                                                                                                                                      ODOS2
                                                                                                                                                                  ODOS1
                                                                                                                                                                             ODOS0

ODOS<y>  Bit 31-0             GPIO 
                   R/W 0x

                              1x

V1.6                                                       206/578
©                                    http://www.essemi.com
                                                                                                        ES32F0100/0101/0131 

14. 5. 2. 7 GPIOGPIO_PUPD

GPIO GPIO_PUPD
18H
00000000_00000000_00000000_00000000B

31 30 29 28 27 26 25 24 23 22 21 20 19 18 17 16 15 14 13 12 11 10 9 8 7 6 5 4 3 2 1 0

PUPD15
           PUPD14
                       PUPD13
                                  PUPD12
                                              PUPD11
                                                          PUPD10
                                                                     PUPD9
                                                                                 PUPD8
                                                                                            PUPD7
                                                                                                        PUPD6
                                                                                                                    PUPD5
                                                                                                                               PUPD4
                                                                                                                                           PUPD3
                                                                                                                                                      PUPD2
                                                                                                                                                                  PUPD1
                                                                                                                                                                             PUPD0

PUPD<y>  Bit 31-0              GPIO 
                               00
                    R/W 01
                               10
                               11

14. 5. 2. 8 GPIOGPIO_ODRV

GPIO GPIO_ODRV
1CH
10101010_10101010_10101010_10101010B

31 30 29 28 27 26 25 24 23 22 21 20 19 18 17 16 15 14 13 12 11 10 9 8 7 6 5 4 3 2 1 0

ODRV15
           ODRV14
                       ODRV13
                                  ODRV12
                                              ODRV11
                                                         ODRV10
                                                                     ODRV9
                                                                                 ODRV8
                                                                                            ODRV7
                                                                                                        ODRV6
                                                                                                                   ODRV5
                                                                                                                               ODRV4
                                                                                                                                           ODRV3
                                                                                                                                                      ODRV2
                                                                                                                                                                  ODRV1
                                                                                                                                                                             ODRV0

ODRV<y>  Bits 31-0             GPIO 
                    R/W x0

                               x1

V1.6                                                        207/578
©                                     http://www.essemi.com
                                                                                                        ES32F0100/0101/0131 

14. 5. 2. 9 GPIOGPIO_FLT

GPIO GPIO_FLT
20H
00000000_00000000_00000000_00000000B

31 30 29 28 27 26 25 24 23 22 21 20 19 18 17 16 15 14 13 12 11 10 9 8 7 6 5 4 3 2 1 0

          Reserved
                                                           FLT15
                                                                FLT14
                                                                      FLT13
                                                                            FLT12
                                                                                  FLT11
                                                                                        FLT10
                                                                                             FLT9
                                                                                                   FLT8
                                                                                                         FLT7
                                                                                                               FLT6
                                                                                                                     FLT5
                                                                                                                          FLT4
                                                                                                                                FLT3
                                                                                                                                      FLT2
                                                                                                                                            FLT1
                                                                                                                                                 FLT0

Reserved  Bit 31-16   -- 
 FLT<y>   Bit 15-0              GPIO 

                     R/W 0
                                1

14. 5. 2. 10 GPIOGPIO_TYPE

GPIO GPIO_TYPE
24H
00000000_00000000_00000000_00000000B

31 30 29 28 27 26 25 24 23 22 21 20 19 18 17 16 15 14 13 12 11 10 9 8 7 6 5 4 3 2 1 0

          Reserved
                                                           TYPE15
                                                                TYPE14
                                                                      TYPE13
                                                                            TYPE12
                                                                                  TYPE11
                                                                                        TYPE10
                                                                                             TYPE9
                                                                                                   TYPE8
                                                                                                         TYPE7
                                                                                                               TYPE6
                                                                                                                     TYPE5
                                                                                                                          TYPE4
                                                                                                                                TYPE3
                                                                                                                                      TYPE2
                                                                                                                                            TYPE1
                                                                                                                                                 TYPE0

Reserved  Bit 31-16   -- 
TYPE<y>   Bit 15-0              GPIO 

                     R/W 0CMOS
                                1TTL

V1.6                                                         208/578
©                                      http://www.essemi.com
                                                                                                        ES32F0100/0101/0131 

14. 5. 2. 11 GPIO 0GPIO_FUNC0

GPIO  0GPIO_FUNC0
28H
00000000_00000000_00000000_00000000B

31 30 29 28 27 26 25 24 23 22 21 20 19 18 17 16 15 14 13 12 11 10 9 8 7 6 5 4 3 2 1 0

FSEL_IO7
                       FSEL_IO6
                                              FSEL_IO5
                                                                     FSEL_IO4
                                                                                            FSEL_IO3
                                                                                                                   FSEL_IO2
                                                                                                                                           FSEL_IO1
                                                                                                                                                                  FSEL_IO0

FSEL_IO7  Bit 31-28             GPIO<7>
FSEL_IO6  Bit 27-24  R/W
FSEL_IO5  Bit 23-20
FSEL_IO4  Bit 19-16             
FSEL_IO3  Bit 15-12             GPIO<6>
FSEL_IO2  Bit 11-8   R/W
FSEL_IO1                        
FSEL_IO0   Bit 7-4              GPIO<5>
           Bit 3-0   R/W
                                
                                GPIO<4>
                     R/W
                                
                                GPIO<3>
                     R/W
                                
                                GPIO<2>
                     R/W
                                
                                GPIO<1>
                     R/W
                                
                                GPIO<0>
                     R/W
                                

V1.6                                                           209/578
©                                        http://www.essemi.com
                                                                                                        ES32F0100/0101/0131 

14. 5. 2. 12 GPIO 1GPIO_FUNC1

GPIO  1GPIO_FUNC1
2CH
00000000_00000000_00000000_00000000B

31 30 29 28 27 26 25 24 23 22 21 20 19 18 17 16 15 14 13 12 11 10 9 8 7 6 5 4 3 2 1 0

FSEL_IO15
                       FSEL_IO14
                                              FSEL_IO13
                                                                     FSEL_IO12
                                                                                            FSEL_IO11
                                                                                                                    FSEL_IO10
                                                                                                                                           FSEL_IO9
                                                                                                                                                                  FSEL_IO8

FSEL_IO15  Bit 31-28             GPIO<15>
FSEL_IO14  Bit 27-24  R/W
FSEL_IO13  Bit 23-20
FSEL_IO12  Bit 19-16             
FSEL_IO11  Bit 15-12             GPIO<14>
FSEL_IO10  Bit 11-8   R/W
FSEL_IO9                         
FSEL_IO8    Bit 7-4              GPIO<13>
            Bit 3-0   R/W
                                 
                                 GPIO<12>
                      R/W
                                 
                                 GPIO<11>
                      R/W
                                 
                                 GPIO<10>
                      R/W
                                 
                                 GPIO<9>
                      R/W
                                 
                                 GPIO<8>
                      R/W
                                 

V1.6                                                             210/578
©                                          http://www.essemi.com
                                                                                                        ES32F0100/0101/0131 

14. 5. 2. 13 GPIOGPIO_LOCK

GPIO GPIO_LOCK
30H
00000000_00000000_00000000_00000000B

31 30 29 28 27 26 25 24 23 22 21 20 19 18 17 16 15 14 13 12 11 10 9 8 7 6 5 4 3 2 1 0

         KEY
                                                          LOCK15
                                                               LOCK14
                                                                     LOCK13
                                                                           LOCK12
                                                                                 LOCK11
                                                                                       LOCK10
                                                                                            LOCK9
                                                                                                  LOCK8
                                                                                                        LOCK7
                                                                                                              LOCK6
                                                                                                                    LOCK5
                                                                                                                         LOCK4
                                                                                                                               LOCK3
                                                                                                                                     LOCK2
                                                                                                                                           LOCK1
                                                                                                                                                LOCK0

   KEY   Bit 31-16             GPIO 
LOCK<y>  Bit 15-0    W  0x55AA LOCK<y>

                                0
                               GPIO<y>
                               0
                               1
                    R/W
                               
                               LOCK<y> CPU 
                               

V1.6                                      211/578
©                   http://www.essemi.com
                                                                                                        ES32F0100/0101/0131 

14. 5. 2. 14 GPIO_EXTIRER

GPIO_EXTIRER
00H
00000000_00000000_00000000_00000000B

31 30 29 28 27 26 25 24 23 22 21 20 19 18 17 16 15 14 13 12 11 10 9 8 7 6 5 4 3 2 1 0

            Reserved
                                                             EXTIRER15
                                                                  EXTIRER14
                                                                        EXTIRER13
                                                                              EXTIRER12
                                                                                    EXTIRER11
                                                                                          EXTIRER10
                                                                                               EXTIRER9
                                                                                                     EXTIRER8
                                                                                                           EXTIRER7
                                                                                                                 EXTIRER6
                                                                                                                       EXTIRER5
                                                                                                                            EXTIRER4
                                                                                                                                  EXTIRER3
                                                                                                                                        EXTIRER2
                                                                                                                                              EXTIRER1
                                                                                                                                                   EXTIRER0

  Reserved  Bit 31-16    
EXTIRER<y>  Bit 15-0              EXTI<y>

                       R/W 0
                                  1

14. 5. 2. 15 GPIO_EXTIFER

GPIO_EXTIFER
08H
00000000_00000000_00000000_00000000B

31 30 29 28 27 26 25 24 23 22 21 20 19 18 17 16 15 14 13 12 11 10 9 8 7 6 5 4 3 2 1 0

            Reserved
                                                             EXTIFER15
                                                                  EXTIFER14
                                                                        EXTIFER13
                                                                              EXTIFER12
                                                                                    EXTIFER11
                                                                                          EXTIFER10
                                                                                               EXTIFER9
                                                                                                     EXTIFER8
                                                                                                           EXTIFER7
                                                                                                                 EXTIFER6
                                                                                                                       EXTIFER5
                                                                                                                            EXTIFER4
                                                                                                                                  EXTIFER3
                                                                                                                                        EXTIFER2
                                                                                                                                              EXTIFER1
                                                                                                                                                   EXTIFER0

  Reserved  Bit 31-16    
EXTIFER<y>  Bit 15-0              EXTI<y>

                       R/W 0
                                  1

V1.6                                         212/578
©                      http://www.essemi.com
                                                                                                        ES32F0100/0101/0131 

14. 5. 2. 16 GPIO_EXTIEN

GPIO_EXTIEN
10H
00000000_00000000_00000000_00000000B

31 30 29 28 27 26 25 24 23 22 21 20 19 18 17 16 15 14 13 12 11 10 9 8 7 6 5 4 3 2 1 0

             Reserved
                                                              EXTIEN15
                                                                   EXTIEN14
                                                                         EXTIEN13
                                                                               EXTIEN12
                                                                                     EXTIEN11
                                                                                           EXTIEN10
                                                                                                EXTIEN9
                                                                                                      EXTIEN8
                                                                                                            EXTIEN7
                                                                                                                  EXTIEN6
                                                                                                                        EXTIEN5
                                                                                                                             EXTIEN4
                                                                                                                                   EXTIEN3
                                                                                                                                         EXTIEN2
                                                                                                                                               EXTIEN1
                                                                                                                                                    EXTIEN0

 Reserved    Bit 31-16    
EXTIEN<y>    Bit 15-0              EXTI<y>

                        R/W 0
                                   1

14. 5. 2. 17 GPIO_EXTIFLAG

GPIO_EXTIFLAG
18H
00000000_00000000_00000000_00000000B

31 30 29 28 27 26 25 24 23 22 21 20 19 18 17 16 15 14 13 12 11 10 9 8 7 6 5 4 3 2 1 0

             Reserved
                                                              EXTIFLAG15
                                                                   EXTIFLAG14
                                                                         EXTIFLAG13
                                                                               EXTIFLAG12
                                                                                     EXTIFLAG11
                                                                                           EXTIFLAG10
                                                                                                EXTIFLAG9
                                                                                                      EXTIFLAG8
                                                                                                            EXTIFLAG7
                                                                                                                  EXTIFLAG6
                                                                                                                        EXTIFLAG5
                                                                                                                             EXTIFLAG4
                                                                                                                                   EXTIFLAG3
                                                                                                                                         EXTIFLAG2
                                                                                                                                               EXTIFLAG1
                                                                                                                                                    EXTIFLAG0

   Reserved  Bit 31-16   
EXTIFLAG<y>  Bit 15-0            EXTI<y>

                        R 0
                                 1

V1.6                                                              213/578
©                                           http://www.essemi.com
                                                                                                        ES32F0100/0101/0131 

14. 5. 2. 18 GPIO_EXTISFR

GPIO_EXTISFR
20H
00000000_00000000_00000000_00000000B

31 30 29 28 27 26 25 24 23 22 21 20 19 18 17 16 15 14 13 12 11 10 9 8 7 6 5 4 3 2 1 0

            Reserved
                                                             EXTISFR15
                                                                  EXTISFR14
                                                                        EXTISFR13
                                                                              EXTISFR12
                                                                                    EXTISFR11
                                                                                          EXTISFR10
                                                                                               EXTISFR9
                                                                                                     EXTISFR8
                                                                                                           EXTISFR7
                                                                                                                 EXTISFR6
                                                                                                                       EXTISFR5
                                                                                                                            EXTISFR4
                                                                                                                                  EXTISFR3
                                                                                                                                        EXTISFR2
                                                                                                                                              EXTISFR1
                                                                                                                                                   EXTISFR0

  Reserved  Bit 31-16   
EXTISFR<y>  Bit 15-0             EXTI<y>
                                 0

                       W1
                                 1
                                  1  0 

14. 5. 2. 19 GPIO_EXTICFR

GPIO_EXTICFR
28H
00000000_00000000_00000000_00000000B

31 30 29 28 27 26 25 24 23 22 21 20 19 18 17 16 15 14 13 12 11 10 9 8 7 6 5 4 3 2 1 0

            Reserved
                                                             EXTICFR15
                                                                  EXTICFR14
                                                                        EXTICFR13
                                                                              EXTICFR12
                                                                                    EXTICFR11
                                                                                          EXTICFR10
                                                                                               EXTICFR 9
                                                                                                     EXTICFR 8
                                                                                                           EXTICFR 7
                                                                                                                 EXTICFR 6
                                                                                                                       EXTICFR 5
                                                                                                                            EXTICFR 4
                                                                                                                                  EXTICFR 3
                                                                                                                                        EXTICFR 2
                                                                                                                                              EXTICFR 1
                                                                                                                                                   EXTICFR 0

  Reserved  Bit 31-16   
EXTICFR<y>  Bit 15-0             EXTI<y>
                                 0

                       W1
                                 1
                                  1  0 

V1.6                                         214/578
©                      http://www.essemi.com
                                                                                                        ES32F0100/0101/0131 

14. 5. 2. 20  0GPIO_EXTIPSR0

 0GPIO_EXTIPSR0
30H
00000000_00000000_00000000_00000000B

31 30 29 28 27 26 25 24 23 22 21 20 19 18 17 16 15 14 13 12 11 10 9 8 7 6 5 4 3 2 1 0

EXTIS7
                       EXTIS6
                                              EXTIS5
                                                                     EXTIS4
                                                                                            EXTIS3
                                                                                                                   EXTIS2
                                                                                                                                           EXTIS1
                                                                                                                                                                  EXTIS0

EXTIS7  Bit 31-28             EXTI<7>
EXTIS6  Bit 27-24             0000PA7
EXTIS5  Bit 23-20  R/W
EXTIS4  Bit 19-16             0001PB7
EXTIS3  Bit 15-12             
EXTIS2  Bit 11-8              EXTI<6>
EXTIS1                        0000PA6
         Bit 7-4   R/W
                              0001PB6
                              
                              EXTI<5>
                              0000PA5
                   R/W 0001PB5
                              1111PIS5
                              
                              EXTI<4>
                              0000PA4
                   R/W 0001PB4
                              1111PIS4
                              
                              EXTI<3>
                              0000PA3
                   R/W 0001PB3
                              1111PIS3
                              
                              EXTI<2>
                              0000PA2
                   R/W 0001PB2
                              1111PIS2
                              
                              EXTI<1>
                              0000PA1
                   R/W 0001PB1
                              1111PIS1
                              

V1.6                                                          215/578
©                                       http://www.essemi.com
EXTIS0  Bit 3-0                                           ES32F0100/0101/0131 

                            EXTI<0>
                            0000PA0
                 R/W 0001PB0
                            1111PIS0
                            

V1.6                                   216/578
©                http://www.essemi.com
                                                                                                        ES32F0100/0101/0131 

14. 5. 2. 21  1GPIO_EXTIPSR1

 1GPIO_EXTIPSR1
34H
00000000_00000000_00000000_00000000B

31 30 29 28 27 26 25 24 23 22 21 20 19 18 17 16 15 14 13 12 11 10 9 8 7 6 5 4 3 2 1 0

EXTIS15
                       EXTIS14
                                              EXTIS13
                                                                     EXTIS12
                                                                                            EXTIS11
                                                                                                                   EXTIS10
                                                                                                                                           EXTIS9
                                                                                                                                                                  EXTIS8

EXTIS15  Bit 31-28             EXTI<15>
EXTIS14  Bit 27-24             0000PA15
EXTIS13  Bit 23-20  R/W
EXTIS12  Bit 19-16             0001PB15
EXTIS11  Bit 15-12             
EXTIS10  Bit 11-8              EXTI<14>
EXTIS9                         0000PA14
          Bit 7-4   R/W 0001PB14
                               1111PIS5
                               
                               EXTI<13>
                               0000PA13
                    R/W 0001PB13
                               1111PIS4
                               
                               EXTI<12>
                               0000PA12
                    R/W
                               0001PB12
                               
                               EXTI<11>
                               0000PA11
                    R/W 0001PB11
                               1111PIS3
                               
                               EXTI<10>
                               0000PA10
                    R/W 0001PB10
                               1111PIS2
                               
                               EXTI<9>
                               0000PA9
                    R/W 0001PB9
                               1111PIS1
                               

V1.6                                                           217/578
©                                        http://www.essemi.com
EXTIS8  Bit 3-0                                           ES32F0100/0101/0131 

                            EXTI<8>
                            0000PA8
                 R/W 0001PB8
                            1111PIS0
                            

V1.6                                   218/578
©                http://www.essemi.com
                                                                                                        ES32F0100/0101/0131 

14. 5. 2. 22 GPIO_EXTIFLTCR

GPIO_EXTIFLTCR
40H
00000000_00000000_00000000_00000000B

31 30 29 28 27 26 25 24 23 22 21 20 19 18 17 16 15 14 13 12 11 10 9 8 7 6 5 4 3 2 1 0

Reserved
                                              FLTSEL
                                                                        FLTEN15
                                                                              FLTEN14
                                                                                   FLTEN13
                                                                                         FLTEN12
                                                                                               FLTEN11
                                                                                                     FLTEN10
                                                                                                           FLTEN9
                                                                                                                FLTEN8
                                                                                                                      FLTEN7
                                                                                                                            FLTEN6
                                                                                                                                  FLTEN5
                                                                                                                                        FLTEN4
                                                                                                                                             FLTEN3
                                                                                                                                                   FLTEN2
                                                                                                                                                         FLTEN1
                                                                                                                                                               FLTEN0

Reserved  Bits 31-24   -- 
 FLTSEL   Bit 23-16              EXTI 

FLTEN<y>   Bit 15-0   R/W  = (FLTSEL<7:0> + 1)×2  LRC 
                                 
                                 EXTI<y>
                                 0

                      R/W 1
                                 
                                 

V1.6                                        219/578
©                     http://www.essemi.com
                                                ES32F0100/0101/0131 

                            15 CRC

15. 1 

        CRC CRC 
         

15. 2 

       CRC-CCITTCRC-8CRC-16  CRC-32
               CRC-CCITTX16 + X12 + X5 + 1
               CRC-8X8 + X2 + X +1
               CRC-16X16 + X15 + X2 +1
               CRC-32X32 + X26 + X23 + X22 + X16 + X12 + X11 + X10 + X8 + X7 + X5 + X4 + X2 + X
                     +1

       
        CRC 
        CRC 
        8/16/32 

               8-bit 1  AHB 
               16-bit 2  AHB 
               32-bit 4  AHB 
        DMA  CRC 

15. 3 

              CRC
         CHECKSUM

AHB Bus  CRC Control
           Register

          CRC Seed                BYTE3  CCITT  DQ  Checksum
           Register               BYTE2  CRC8         Inverse
  Slave                           BYTE1  CRC16       Reverse
Wrapper                  Data in  BYTE0  CRC32
                         Inverse
                        Reverse

         CRC Control
              FSM

                                   15-1 CRC 

V1.6                                                                  220/578
©                                               http://www.essemi.com
        ES32F0100/0101/0131 

15. 4 

15. 4. 1 

            CRC  CRC  CRC-CCITT
            CRC-8CRC-16  CRC-32 MODE  CRC 
            
            1.  CRC_CR.EN  CRC 
            2. CRC 

                  a.  CRC_CR.CHSINV  CRC 
                  b.  CRC_CR.CHSREV  CRC 
                  c.  CRC_CR.DATINV  CRC 
                  d.  CRC_CR.DATREV  CRC 
                  e.  CRC_CR.MODE  CRC 
                  f.  CRC_CR.DATLEN  CRC 
            3.  CRC_CR.RST  CRC CRC  CRC 
                  
            4.  CRC_DATA  CRC 
            5.  CRC_CHECKSUM  CRC 

15. 4. 2 DMA

            DMA  MCU  DMA 
             CRC DMA  CRC_CHECKSUM 
            
            
            1.  CRC_CR.EN  CRC 
            2. CRC 

                  a.  CRC_CR.CHSINV  CRC 
                  b.  CRC_CR.CHSREV  CRC 
                  c.  CRC_CR.DATINV  CRC 
                  d.  CRC_CR.DATREV  CRC 
                  e.  CRC_CR.MODE  CRC 
                  f.  CRC_CR.DATLEN  CRC 
            3.  CRC_CR.RST  CRC CRC  CRC 

V1.6                          221/578
©       http://www.essemi.com
                                                                                         ES32F0100/0101/0131 

      

4.                          DESCR  
      DMA_CTRLBASE+x  DMA 

5.  CRC_DATA  DESCR.DST CRC  DMA 
       CRC 
      CRC_DATA 

6.  DESCR.DSR_INC CRC  DMA 
      

7.  DESCR.SRC CRC  DMA
       CRC_DR 

8.  DESCR.SRC_INC, CRC  DMA 
      

9.  1  DESCR.N_MINUS_1 CRC  DMA 
       1024 

10.  DMA_CHx_SELCON.MSEL  DMA  CRC
11.  DMA_CHPRSET  DMA_CHPRCLR 
12.                          DMA     

      DMA_CHENSET 
13.  CRC_CR.DMAEN 

V1.6                        222/578
©     http://www.essemi.com
                              ES32F0100/0101/0131 

15. 5 

15. 5. 1                      
                 0000H
CRC              0004H  CRC 
                 0008H  CRC 
                 000CH  CRC 
CRC_CR                  CRC 
CRC_DATA
CRC_SEED
CRC_CHECKSUM

V1.6                                                  223/578
©                               http://www.essemi.com
                                                                                                        ES32F0100/0101/0131 

15. 5. 2 

15. 5. 2. 1 CRCCRC_CR

CRC CRC_CR
00H
00000000_00000000_00000000_00000000B

31 30 29 28 27 26 25 24 23 22 21 20 19 18 17 16 15 14 13 12 11 10 9 8 7 6 5 4 3 2 1 0

Reserved
                       BYTORD
                               DATLEN
                                           MODE
                                                    CHSINV
                                                         DATINV
                                                               CHSREV
                                                                     DATREV
                                                                                                        Reserved
                                                                                                                                          DMAEN
                                                                                                                                                CWERR
                                                                                                                                                      WERR
                                                                                                                                                            RST
                                                                                                                                                                 EN

Reserved  Bit 31-25   -- 
                                
BYTORD    Bit 24                0
                                1
DATLEN    Bit 23-22
                     R/W
MODE      Bit 21-20             Bit 7-0
                                16-bitBit 15-832-bit
CHSINV    Bit 19                Bit 31-248-bit
                                
DATINV    Bit 18                00 CRC_DATA 

CHSREV    Bit 17     R/W 01 8-bitCRC_DATA[7:0]
                                10 16-bitCRC_DATA[15:0]
DATREV     Bit 16               11 32-bitCRC_DATA[31:0]
Reserved  Bit 15-5              
 DMAEN                          00CRC-CCITT 
            Bit 4
                     R/W 01CRC-8 
V1.6                            10CRC-16 
©                               11CRC-32 
                                

                     R/W 0
                                1
                                

                     R/W 0
                                1
                                

                     R/W 0
                                1
                                

                     R/W 0
                                1

                      -- 
                                DMA 

                     R/W
                                0

                                                                                                   224/578
                                                                            http://www.essemi.com
CWERR  Bit 3                                              ES32F0100/0101/0131 
 WERR  Bit 2
       Bit 1                1
  RST  Bit 0                CRC 
   EN            W1 0
                            1
                            CRC 
                            0
                            1
                  R
                             DATLEN 
                            
                            
                            CRC 
                            0
                 W1 1
                            CRCDMAEN
                            
                            CRC 
                 R/W 0
                            1

15. 5. 2. 2 CRCCRC_DATA

CRC CRC_DATA
04H
00000000_00000000_00000000_00000000B

31 30 29 28 27 26 25 24 23 22 21 20 19 18 17 16 15 14 13 12 11 10 9 8 7 6 5 4 3 2 1 0

                 DATA

DATA   Bit 31-0             CRC 
                             CPU  DMA 
                             CRC 
                             1 8-bit 
                             DATA[7:0] 16-bit 
                 R/W
                             DATA[15:0]
                            
                            
                             2
                             WERR

V1.6                                         225/578
©                      http://www.essemi.com
                                                                                                        ES32F0100/0101/0131 

15. 5. 2. 3 CRCCRC_SEED

CRC CRC_SEED
08H
11111111_11111111_11111111_11111111B

31 30 29 28 27 26 25 24 23 22 21 20 19 18 17 16 15 14 13 12 11 10 9 8 7 6 5 4 3 2 1 0

                    SEED

SEED      Bit 31-0             CRC 
                    R/W

                                CRC 

15. 5. 2. 4 CRCCRC_CHECKSUM

CRC CRC_CHECKSUM
0CH
00000000_00000000_00000000_00000000B

31 30 29 28 27 26 25 24 23 22 21 20 19 18 17 16 15 14 13 12 11 10 9 8 7 6 5 4 3 2 1 0

                    CHECKSUM

CHECKSUM  Bit 31-0           CRC 
                    R

                              CRC 

V1.6                                                        226/578
©                                     http://www.essemi.com
                                                                                                        ES32F0100/0101/0131 

                          16 AD16C4T

16. 1 

        AD16C4T 16-bit
        , PWM 
        

16. 2 

       16 /
       16  1  65536 

             
       

               
               
               PWM 
               
        1~3 
       
       
       /DMA
               /
               
               
               
               
               
       
       PIS

V1.6                        227/578
©     http://www.essemi.com
                                                ES32F0100/0101/0131 

16. 3 

                                 PCLK

ET                         ETFP
               

                                                            TRGOUT

               0~3                           
          IT0/1/2/3PIS
                                       TI    
                       I1
                                             

                 I1
                 I2

                                                            
                                                   

                                   

                                                            

          I1                               
        

                                                                     CH1O
                                                                     CH1ON
CH1_IN                                                               CH2O
                                                                     CH2ON
          I2                                                         CH3O
                                                                     CH3ON
CH2_IN                                               1/2/3
                                                                     CH4O
                                             /              
                                                               
CH3_IN    I3  1/2/3/4  1/2/3/4  1/2/3/4
                                                            1/2/3/4

CH4_IN    I4                               

        
        CMU

                           

BRK

        ET
        ETFP
        IT
        TI
        TRGOUT

                                          16-1 

16. 4 

16. 4. 1 

             16-bit AD16C4Tn_COUNT
            AD16C4Tn_PRESAD16C4Tn_AR
            AD16C4Tn_REPAR

            AD16C4Tn_AR AD16C4Tn_CON1 
             ARPEN AD16C4Tn_AR AD16C4Tn_AR 
            ARPEN AD16C4Tn_AR UEV
            AD16C4Tn_AR 

             AD16C4Tn_CON1  DISUE  0 
            UEVAD16C4Tn_CON1 
            CNTEN 

V1.6                                                                              228/578
©                                                           http://www.essemi.com
                                  ES32F0100/0101/0131 

 CNTEN  1 

               AD16C4Tn_PRES     +1      
AD16C4Tn_PRES 
UEV





        2A  2B 2C  2D    0        1        2

        0                1  2  0  1  2  0     1

            
            
        0
              2


 CNTEN                 
                       

             16-1 

V1.6                                                       229/578
©                                    http://www.essemi.com
                                                                                                        ES32F0100/0101/0131 

16. 4. 2 

            
            

               
               
                128 

                     PWM  PWM 
            AD16C4Tn_REPAR  AD16C4Tn_SGE 
             SGU 
            AD16C4Tn_REPAR 
            AD16C4Tn_REPAR 
                  AD16C4Tn_REPAR                    
            AD16C4Tn_REPAR UEV UEV

         AD16C4Tn_REPAR = 2 

           

             

            

             

        /

             

                                             16-2 

 AD16C4Tn_SGE  SGU 

V1.6                        230/578
©     http://www.essemi.com
                                                                            ES32F0100/0101/0131 

16. 4. 3 

            (INT_CLK) 1I1I2I3I4
             2ETIT1IT2IT3IT4

16. 4. 3. 1 INT_CLK
              AD16C4Tn_SMCON  SMODS= "000" CNTEN
              AD16C4Tn_CON1.DIRSEL  AD16C4Tn_SGE.SGU 
              SGU  CNTEN '1'
               INT_CLK 
              

      INT_CLK

        CNTEN

     SGUG
    

           11         12 13 14 15 16 00 01 02 03 04 05 06 07

                                              16-3 

16. 4. 3. 2  1
              AD16C4Tn_SMCON  SMODS= "111" 1
              

                                             ITn   0xx                      I1FI2F
                                                                                                       
                                             
                                                                   100          TI
                                                                                                       1
I1         I1F          
                                          0
                                                   101                                                    
                        
                                          1  CH2_IN
                                                                       110
                                                                            ETFP

                                                                                   2

                                             ETFP  111

    CHMR1.I1FLT[3:0]                                                        PCLK1

                        CCEP.CC1POL                                                

                                                  SMCON.TSSEL[2:0]

                                                                                   SMCON.SMODS

                         16-4 I1 

V1.6                                                                                                     231/578
©                                                                                  http://www.essemi.com
                                                                                                        ES32F0100/0101/0131 

               1
              1. AD16C4Tn_SMCON  SMODS = "111" 1
              2.  AD16C4Tn_SMCON  TSSEL 
              3.  I1 AD16C4Tn_CHMR1  CC1SSEL = "01"

                     1  I1  AD16C4Tn_CCEP  CC1POL = '0'
                    
              4.  AD16C4Tn_CHMR1  I1FLT[30]
                     I1FLT = "0000"
              5. AD16C4Tn_CON1  CNTEN = '1'
               I1  TRGIF 

16. 4. 3. 3  2
               AD16C4Tn_SMCON  ECM2EN  2
               ET 
              

                                   I1FI2F   
                                        TI  1

            0                                  
                                 
ET                                 ETFP
            1
                                            2
      SMCON.ETPOL
                                   PCLK     

                                                                                                                 SMCON.SMODS

                                    16-5 
     2
    1.  AD16C4Tn_SMCON  ETFLT[30]
    2.  AD16C4Tn_SMCON  ETPSEL[10]
    3.  AD16C4Tn_SMCON  ETPOL ET 
    4.  AD16C4Tn_SMCON  ECM2EN = '1' 2
    5.  AD16C4Tn_CON1  CNTEN = '1'
    

V1.6                                                              232/578
©                                           http://www.essemi.com
                                                                                                        ES32F0100/0101/0131 

16. 4. 3. 4 ITn
               AD16C4Tn_SMCON  SMODS= "111" 1
              

      IT0/1/2/3
                         0xx

      I1                      TI
                        100

      I1
                       101

      I2
                       110

                                                                                                       TSSEL[2:0]

                                               16-6 ITn 

               ITn 
              1. AD16C4Tn_SMCON  SMODS = "111" 1
              2. AD16C4Tn_SMCON  TSSEL = "0xx" ITn 
              3. AD16C4Tn_CON1  CNTEN = '1'
              ITn ITn  ITn 
              

16. 4. 4 

16. 4. 4. 1 
             AD16C4Tn_REPAR  0  0 
             AD16C4Tn_AR  0 UEV
            AD16C4Tn_REPAR  0  AD16C4Tn_REPAR+1 
            
                   UEV                          
            AD16C4Tn_RIF  UEVTIF  UERSEL 
                AD16C4Tn_REPAR 
                AD16C4Tn_AR 
                AD16C4Tn_PRES 
              AD16C4Tn_AR = 0x16 2 

V1.6                                                    233/578
©                                 http://www.essemi.com
                                          ES32F0100/0101/0131 

                  0014  0015  0016  0000  0001  0002  0003
   CNTEN

 

 

 

   
    (UEV)


  (UEVTIF)

                         16-7 

ARPEN=0()

CNTEN

              F0        F1 F2 F3 F4 F5 00 01 02 03 04 05 06 07




   
     (UEV)

                        
    (UEVTIF)            

                  F5          16
AR

                         16-8  ARPEN=0 

V1.6                                                                  234/578
©                                               http://www.essemi.com
                        ES32F0100/0101/0131 

ARPEN=1()
CNTEN

            F0  F1 F2 F3 F4 F5 00 01 02 03 04 05 06 07

                        AR
                        

   
     (UEV)


  (UEVTIF)

                AR

                F5

AR                  16

                                       16-9  ARPEN=1 

16. 4. 4. 2 
             AD16C4Tn_REPAR      0                 
            AD16C4Tn_AR  0UEV
            AD16C4Tn_REPAR  0  AD16C4Tn_REPAR+1 

             AD16C4Tn_SGE  SGU 
            

                   UEV                          
            AD16C4Tn_RIF  UEVTIF  UERSEL 

             AD16C4Tn_AR = 0x27 1 

V1.6                                              235/578
©                           http://www.essemi.com
                  ES32F0100/0101/0131 

              05  04 03 02 01 00 27 26 25 24 23 22 21

   CNTEN
  



  
    (UEV)

 
    (UEVTIF)

                                           16-10 

16. 4. 4. 3 
             AD16C4Tn_CON1  CMSEL "00"
             0  AD16C4Tn_AR 
             1UEV AD16C4Tn_AR  1
             1CMSEL=''01''
             2CMSEL=''10'' 3
            CMSEL=''11''

            AD16C4Tn_CON1  DIRSEL 
            

             AD16C4Tn_SGE  SGU 
             0 

             AD16C4Tn_CON1  DISUE UEV
            UEVDISUE 
             0 
             0  AD16C4Tn_CON1  UERSEL
             SGU UEV UEVTIF 
             DMA 
            

                   UEV                          
            AD16C4Tn_RIF  UEVTIF  UERSEL 



V1.6                                    236/578
©                 http://www.essemi.com
                                                   ES32F0100/0101/0131 

 AR=0x5     04           03 02 01 00 01 02 03 04 05 04 03           02

                                                                  

 CNTEN

  

  
    
     (UEV)


  (UEVTIF)

                          16-11 

16. 4. 5 /

             3 /

             In  InF
             In 
            

                                                          I1
                                                   

  I1        1   I1F                   0 I1
                            
fDTS                     1            1            01
                                                                                              
                                               I2  10                  1
                                                                  CHMR1.IC1PRES
            CHMR1.I1FLT  CCEP.CC1POL            11

                            I2F                    CHMR1.CC1SSEL
                                            0

                            I2F 1

                                    16-12 /


V1.6                                                                                    237/578
©                                                                 http://www.essemi.com
                                                              ES32F0100/0101/0131 

                               APB

                               /

                                                           
                                                           
                                                           

                               /

                     1                                        
                                         

                      16-13 / 1 

                                                           

                                  0        x0                        0                          CHnO
                                                                     1                            
                                           01                 CCEP.CCnPOL
                                                                                           CCEP.CCnEN
                                           11                        0
                                                                     1                         CHnON
ETFP                                                                                             
              
                                                                                          CCEP.CCnNEN

                                           

                                                       x0

                                           01

      CHMRn.CHnOMOD               0        11

                                                                            CCEP.CCnNPOL
                               nn=1,2,3

                                                           

                               0     0

      ETFP                                                 0     CH4O
                                                                   
                                     1
                                                           1  CCEP.CC4EN

                CHMR2.CH4OMOD              CCEP.CC4POL

                                     4

                                         16-14 /                                                                238/578
                                                                                          http://www.essemi.com
V1.6
©
                                                                                                        ES32F0100/0101/0131 

16. 4. 6 

             In /
                AD16C4Tn_CCVALn                 CHnIF   
            AD16C4Tn_RIF DMA
            CHnIF  CHnOVIF AD16C4Tn_RIF'0'
             AD16C4Tn_CCVALn  CHnIF  CHnOVIF
            '0'

             I1 

            1.         AD16C4Tn_CCVAL1      I1        
                  AD16C4Tn_CHMR1  CC1SSEL "01" CC1SSEL "00"
                   AD16C4Tn_CCVAL1 

            2.  5
                   5 
                   I1  8 

            3.  I1 AD16C4Tn_CCEP  CC1POL '0' 

            4. 

            5.  AD16C4Tn_CCEP  CC1EN 

            6.  AD16C4Tn_IER  CC1IT 
                  AD16C4Tn_DMAEN  CC1DS  DMA 

                  

            1. AD16C4Tn_CCVAL1 

            2. CH1IF  2 
                   CH1OVIF 

            3.  CC1IT 

            4. DMA  CC1DS 

            
            

 AD16C4Tn_SGE  SGCCnE 

V1.6                        239/578
©     http://www.essemi.com
                                                                                                        ES32F0100/0101/0131 

16. 4. 6. 1 PWM
               I1  PWM 
              1.  AD16C4Tn_CCVAL1         AD16C4Tn_CHMR1     
              CC1SSEL "01"I1 
              2.  I1  AD16C4Tn_CCVAL1 
              CC1POL '0'
              3.  AD16C4Tn_CCVAL2 AD16C4Tn_CHMR1  CC2SEL 
              "10"I1 
              4.  I1  AD16C4Tn_CCVAL2CC2POL 
              '1'
              5. AD16C4Tn_SMCON  TSSEL "101"I1 
              
              6. AD16C4Tn_SMCON  SMODS "100"
              7. AD16C4Tn_CCEP  CC1EN  CC2EN '1'

         I1    2     1
 000A                

             0000 0001 0002 0003 0004 0000

CCVAL1         000A  0004

CCVAL2         0002

                                             16-15 PWM 

16. 4. 7 PWM

             AD16C4Tn_AR AD16C4Tn_CCVALn 
            

             PWM  CHnO  PWMAD16C4Tn_CHMRn
             CHnOMOD "110"PWM  1"111"PWM  2
             AD16C4Tn_CHMRn  CHnOPEN 
            AD16C4Tn_CON1  ARPEN 

            
             AD16C4Tn_SGE  SGU 

            CHnO  AD16C4Tn_CCEP  CCnPOL 
               CHnO       CCnEN  CCnNE  GOEN  OFFSSI  OFFSSR 

V1.6                                       240/578
©                    http://www.essemi.com
                                                                                                        ES32F0100/0101/0131 

            AD16C4Tn_CCEP  AD16C4Tn_BDCFG 
             PWM 1  2AD16C4Tn_COUNT  AD16C4Tn_CCVALn 
                    AD16C4Tn_CCVALn<= AD16C4Tn_COUNT 
            AD16C4Tn_CCVALn>= AD16C4Tn_COUNT
             PWM  AD16C4Tn_CON1 
            CMSEL 

16. 4. 7. 1 PWM
            1. 
             AD16C4Tn_CON1  DIRSEL 
             AD16C4Tn_AR = 8  PWM 

                      0  1  2  3  4  5  6  7  8  0  1

CCVALn=4
              CHnIF

CCVALn=8
             CHnIF

CCVALn>8
               CHnIF

CCVALn=0
              CHnIF

                                     16-16  PWM AR=8

            2. 
             AD16C4Tn_CON1  DIRSEL 

16. 4. 7. 2 PWM
             AD16C4Tn_CON1  CMSEL "00"
             CMSEL 
            AD16C4Tn_CON1 DIRSEL
             PWM 

V1.6                                                                   241/578
©                                                http://www.essemi.com
                                         ES32F0100/0101/0131 

        AD16C4Tn_AR=8
        PWM  1

           - AD16C4Tn_CON1  CMSEL= "01" 1 
               

                   ............

       0  1  2  3  ............  3D  3E  3F  3E  3D  3C

CNTEN

 
  

CHnO                             
CHnIF

                                     16-17  PWM AR=8

            

               
                     AD16C4Tn_CON1  DIRSEL  DIRSEL  CMSEL
                     

               
                     

                  - AD16C4Tn_COUNT>AD16C4Tn_AR
                      

                  -  0  AD16C4Tn_AR 
                      UEV

               
                     AD16C4Tn_SGE  SGU 

16. 4. 8 

            

            /

                   AD16C4Tn_CHMRn  CHnOMOD 
                        AD16C4Tn_CCEP  CCnPOL 

                   AD16C4Tn_RIF  CHnIF 
                   AD16C4Tn_IER  CCnIT 
                   AD16C4Tn_DMAEN  CCnDS 

                        AD16C4Tn_CON2  CCDMASEL  DMA 

V1.6                                                               242/578
©                                            http://www.essemi.com
                                                                                                        ES32F0100/0101/0131 

                        DMA 
            AD16C4Tn_CHMRn  CHnOPEN  AD16C4Tn_CCVALn 
            

             UEV  CHnO 
            

            

            1. 

            2. AD16C4Tn_AR  AD16C4Tn_CCVALn 

            3.  AD16C4Tn_IER  CCnIT 

            4. 

                  - CHnOMOD = "011" CNTV  CCRVn CHnO 
                  - CHnOPEN = '0'
                  - CCnPOL = '0'
                  - CCnEN = '1'
            5. AD16C4Tn_CON1  CNTEN 

            CHnOPEN = '0' AD16C4Tn_CCVALn 
            AD16C4Tn_CCVALn 
            

16. 4. 8. 1 
              ETFP AD16C4Tn_CHMRn  CHnOCLREN '1'
              UEV
               PWM 

              ET ET 

              1. AD16C4Tn_SMCON  ETPSEL[10]
              "00"

              2.  2 AD16C4Tn_SMCON  ECM2EN '0'
              3. ETPOLETFLT

16. 4. 8. 2 
              AD16C4Tn_CHMRn  CCnSSEL = "00"
              CHnO/CHnON
              

              CHnO AD16C4Tn_CHMRn 
               CHnOMOD "101" CHnO
               CCnPOL 

              CCnPOL= '0'CHnO  CHnO 

V1.6                        243/578
©     http://www.essemi.com
                                                                                                        ES32F0100/0101/0131 

               AD16C4Tn_CHMRn  CHnOMOD "100"

              AD16C4Tn_CCVALn 
              

16. 4. 9 

            SPMEN
            
             PWM  AD16C4Tn_CON1  SPMEN 
             UEV 

            
            

               CNT < CCVALn AR0 < CCVALn
               CNT > CCVALn
               PWM 

                AD16C4Tn_CHMRn  CHnOMOD  PWM  1  2
                AD16C4Tn_CCEPn  CCnPOL  CHnO 
                AD16C4Tn_CON1  DIRSELCMSELSPMEN 

                     PWM 
                AD16C4Tn_CHMR1  CH1OPREN =1AD16C4Tn_CON1 

                     ARPEN =1
                     
                AD16C4Tn_CCVALn  AD16C4Tn_AR 
                     
                AD16C4Tn_SGE  SGU 
                AD16C4Tn_CON1  CNTEN=1 
                      CNTEN=1

                    ............

        0  1  2  3  ............  3D  3E  3F  0

CNTEN

 
   

CHnO

                                              
UEVTIF
                                                                      244/578
                  16-18                        http://www.essemi.com

V1.6
©
                                                                                                        ES32F0100/0101/0131 

16. 4. 10 

            
             CHnO  CHnON
            AD16C4Tn_CCEP  CCnPOL  CCnNPOL 
             CHnO  CHnON  AD16C4Tn_CCEP 
             CCnEN  CCnNE AD16C4Tn_BDCFG  AD16C4Tn_CON2  GOEN
            OISSnOISSnNOFFSSI  OFFSSR 
            GOEN  0
             CCnEN  CCnNE  GOEN 
            AD16C4Tn_BDCFG  DT[70]
             CHnO  CHnON  CHnO  CHnON 

               CHnO CHnO
                     

               CHnON CHnON
                     

            CHnO  CHnON
             CCnPOL = 0CCnNPOL
            = 0GOEN = 1CCnEN = 1 CCnNE = 1

            

CHnO

CHnON

                

        16-19 

 PWM CHnOMODCCnEN
 CCnNE

   AD16C4Tn_SGE     SGCOM=1             
AD16C4Tn_SMCON  TSSEL 

V1.6                                    245/578
©                 http://www.essemi.com
      ES32F0100/0101/0131 

16. 4. 11 

            AD16C4Tn_BDCFG  GOEN
            OFFSSI  OFFSSR AD16C4Tn_CON2  OISSn  OISSnN 
            

             AD16C4Tn_SGE 
            SGBRK CMUCSS
            CSS

             GOEN  AD16C4Tn_BDCFG 
            BRKEN BRKEN 
            BRKEN  BRKP  BRKEN  BRKP 1  APB 
             1  APB 
            

             GOEN 
            AD16C4Tn_BDCFG 
             GOEN  GOEN  1 
            

            

               GOEN OFFSSI 
                      MCU 

                GOEN=0AD16C4Tn_CON2 
                     OISSn  OFFSSI=0
                     

               

                  - 
                      

                  - 
                      OISSn  OISSnN CHnO  CHnON 
                      

                  - 
                       GOEN 
                       2  TIMER 

                  -  OFFSSI = 0 CCnEN
                       CCnNE 

               AD16C4Tn_RIF  BRKIF 
                     AD16C4Tn_IER  BRKIT 

                AD16C4Tn_BDCFG  AOEN UEV
                     GOEN GOEN 
                     '1'
                     

GOEN
     BRKIF 

V1.6                        246/578
©     http://www.essemi.com
                                                                                         ES32F0100/0101/0131 


CHnO/CHnON CHnOMOD 
 AD16C4Tn_BDCFG  LOCKLVL 
MCU LOCKLVL 

  BRK              
CHnO               
CHnON
          
 BRKIF
                   

                 
                 

         16-20 

V1.6                                     247/578
©                  http://www.essemi.com
                                           ES32F0100/0101/0131 

16. 4. 12 

             I2  AD16C4Tn_SMCON
             SMODS = "001" I1  AD16C4Tn_SMCON
                 SMODS = "010"          I1  I2        
            AD16C4Tn_SMCON  SMODS = "011"

   AD16C4Tn_CCEP  CC1POL  CC2POL  I1  I2 
  

  CH1_IN  CH2_IN  I1  I2
  I1  I2 
  AD16C4Tn_CON1 
  DIRSEL 

   0 
  AD16C4Tn_AR 
  AD16C4Tn_AR 
   2 

  
  

   I1  I2 

                                      I1    I2 

 I1  I2,I2                                     

           I1

                                               
 I1                                            
                                         
                                                
                                                
                                                
 I2                                             

                                    

 I1  I2   

          

           16-1 

   MCU 
  
  

  
  

V1.6                                                              248/578
©                                           http://www.essemi.com
                              ES32F0100/0101/0131 

                                

I1

I2



                                  

                              16-21 

     I1  CC1POL = '1'
    

                                

I1

I2

                                
                  

                         16-22 I1 

    
    
    
    
    
    DMA 

V1.6                                                  249/578
©                               http://www.essemi.com
                                                                                                        ES32F0100/0101/0131 

16. 4. 13 

             AD16C4Tn_CON2  I1FSEL  1  XOR 
            XOR  CH1_INCH2_IN  CH3_IN 

            XOR 
            

16. 4. 14 

             PWM """
            " 3 CH1_INCH2_INCH3_IN
             I1  AD16C4Tn_CON2  I1FSEL 

            3  3 
             0 
            

16. 4. 15 

            AD16C4Tn 

16. 4. 15. 1 
              
              AD16C4Tn_CON1  UERSEL  UEV
              AD16C4Tn_ARAD16C4Tn_CCVALn UEV 

              I1 

                1  I1  I1FLT
                     = "0000"CC1SSEL 
                     AD16C4Tn_CHMR1  CC1SSEL = "01"AD16C4Tn_CCEP 
                     CC1POL = 0 

               AD16C4Tn_SMCON  SMODS = "100" I1
                     AD16C4Tn_SMCON  TSSEL = "101"

               AD16C4Tn_CON1  CNTEN = '1'
               I1  I1 
               0 AD16C4Tn_RIF 
              TRGIF  DMA  AD16C4Tn_IER  TRGIT 
              AD16C4Tn_DMAEN  TDS  DMA 

               AD16C4Tn_AR = 0x36  I1 
              I1 

V1.6                        250/578
©     http://www.essemi.com
                                                                                    ES32F0100/0101/0131 

I1
SGU



  30 31 32 33 34 35 36 00 01 02 03 00 01 02 03

                    TRGIF

                                              16-23 

16. 4. 15. 2 
              

               I1 

                1  I1 I1FLT =
                     "0000"AD16C4Tn_CHMR1 
                     CC1SSEL = "01"AD16C4Tn_CCEP  CC1POL = '1'
                     

               AD16C4Tn_SMCON  SMODS = "101" I1
                     AD16C4Tn_SMCON  TSSEL = "101"

               AD16C4Tn_CON1  CNTEN = '1'  CNTEN
                     = '0'

               I1  I1  I1 
              I1 

V1.6                        251/578
©     http://www.essemi.com
                           ES32F0100/0101/0131 

     I1
CNTEN



          32 33 34 35  34            35 36 37 38

TRGIF

                           TRGIC =1

                                              16-24 

16. 4. 15. 3 
              

              I2 
                2  I2 I2FLT =

                     "0000"AD16C4Tn_CHMR1 
                     CC2SEL = "01",AD16C4Tn_CCEP  CC2POL = '1'
                     
               AD16C4Tn_SMCON  SMODS = "110"
                     AD16C4Tn_SMCON  TSSEL = "110"
                     I2  TRGIF 
                      I2 I2 

                      I2

CNTEN

          34               35 36 37 38 39 40


   TRGIF

               16-25 

V1.6                                                       252/578
©                                    http://www.essemi.com
                                                                                                        ES32F0100/0101/0131 

16. 4. 15. 4  2 
               2 ET 
                                             
              AD16C4Tn_SMCON  TSSEL  ET  TI
               I1  ET 
                AD16C4Tn_SMCON 
                     ETFLT = "000"
                     ETPSEL = "00"
                     ETPOL = '0' ET ECM2EN = '1' 2
                1  I 
                     I1FLT = "0000"
                     
                     AD16C4Tn_CHMR1  CC1SSEL = "01"
                     AD16C4Tn_CCEP  CC1POL = '0'
               AD16C4Tn_SMCON  SMODS = "110"
                     AD16C4Tn_SMCON  TSSEL = "101" I1 
              I1  TRGIF  ET 
              
               ETFP ET 

                 I1

          CNTEN

              ET

               34  35     36  37
 

         TRGI

                16-26  2

V1.6                                            253/578
©                         http://www.essemi.com
                                                                                                        ES32F0100/0101/0131 

16. 4. 16 6 PWM

             CHxOMODCCxEN  CCxNEN
            COM 
            COM  AD16C4T_SGE 
             SGCOM  TRGI 

             COM (AD16C4T_RIF  COMIF )
                AD16C4T_IER     COMIT                
            AD16C4T_DMAEN  COMDS  DMA 

             COM  CHx  CHxN 

                  ( CCRx )
      CNT

OCxREF

COM event                                        Write COM to 1   OCxEN =1
                                                                  CCxNEN=0
                    CCxEN = 1   WriteCHxOMOD=100(Force           CHxOMOD =100
                    CCxNEN = 0   inactive)
                 CHxOMOD = 100
CHx

CHxN

         CCxEN = 1                Write CCxEN=0, CCxNEN=1         OCxEN =0
         CCxNEN = 0             and CHxOMOD to 101                CCxNEN=1
        CHxOMOD= 100                                             CHxOMOD =101

CHx
CHxN

         CCxEN = 1               Write CCxEN=1, CCxNEN=0          OCxEN =1
         CCxNEN = 0             and CHxOMOD to 100                CCxNEN=0
        CHxOMOD= 100                                             CHxOMOD =100

CHx
CHxN

                                             16-27 6  PWM 

16. 4. 17 

            CPU AD16C4Tn 

V1.6                                                                                                 254/578
©                                                                              http://www.essemi.com
                             ES32F0100/0101/0131 

16. 5                                           
                       000H   1
16. 5. 1               004H   2
                       008H  
    AD16C4Tn           00CH  
                       010H  
                       014H  
    AD16C4Tn_CON1      018H  
    AD16C4Tn_CON2      01CH  
    AD16C4Tn_SMCON     020H  
    AD16C4Tn_IER       024H  
    AD16C4Tn_IDR       028H  / 1
    AD16C4Tn_IVS       02CH  / 2
    AD16C4Tn_RIF       030H  /
    AD16C4Tn_IFM       034H  
    AD16C4Tn_ICR       038H  
    AD16C4Tn_SGE       03CH  
    AD16C4Tn_CHMR1     040H  
    AD16C4Tn_CHMR2     044H  / 1
    AD16C4Tn_CCEP      048H  / 2
    AD16C4Tn_COUNT     04CH  / 3
    AD16C4Tn_PRES      050H  / 4
    AD16C4Tn_AR        054H  
    AD16C4Tn_REPAR     058H  DMA 
    AD16C4Tn_CCVAL1
    AD16C4Tn_CCVAL2
    AD16C4Tn_CCVAL3
    AD16C4Tn_CCVAL4
    AD16C4Tn_BDCFG
    AD16C4Tn_DMAEN

V1.6                                               255/578
©                            http://www.essemi.com
                      ES32F0100/0101/0131 

16. 5. 2 

16. 5. 2. 1  1AD16C4Tn_CON1

 1AD16C4Tn_CON1
000H
00000000_00000000_00000000_00000000B

31 30 29 28 27 26 25 24 23 22 21 20 19 18 17 16 15 14 13 12 11 10 9 8 7 6 5 4 3 2 1 0

          Reserved
                                                           DBGSEL
                                                                 Reserved
                                                                            OCCISS
                                                                                        OCCISP
                                                                                                 DFCKSEL
                                                                                                         APREN
                                                                                                                  CMSEL
                                                                                                                           DIRSEL
                                                                                                                                SPMEN
                                                                                                                                      UERSEL
                                                                                                                                            DISUE
                                                                                                                                                  CNTEN

Reserved   Bit 31-16    - 
DBGSEL       Bit 15              
Reserved     Bit 14
 OCCISS               R/W 0
 OCCISP    Bit 13-11             1
             Bit 10
DFCKSEL                 - 
            Bit 9-8              
 ARPEN                           000
 CMSEL        Bit 7
            Bit 6-5   R/W
                                 011 2ADC 
                                 
                                 

                      R/W 0OCCISS  0
                                 1
                                  Fdfck 
                                 
                                 INT_CLK, 
                                 ETRIn

                      R/W tDTS
                                 00tDTS=tINT_CLK
                                 01tDTS=2*tINT_CLK
                                 10tDTS=4*tINT_CLK
                                 11
                                 

                      R/W 0AD16C4Tn_AR 
                                 1AD16C4Tn_AR 
                                 
                                 00DIRSEL
                                 

                      R/W
                                 01 1
                                 
                                 AD16C4Tn_CHMRn 

V1.6                                        256/578
©                     http://www.essemi.com
               ES32F0100/0101/0131 

DIRSEL  Bit 4             CCnSSEL=00
SPMEN   Bit 3             
UERSEL  Bit 2             10 2
                          
 DISUE  Bit 1             AD16C4Tn_CHMRn 
                          CCnSSEL=00
                          
                          11 3
                          
                          AD16C4Tn_CHMRn 
                          CCnSSEL=00
                          
                          CNTEN=1, 
                          
                          
                          0
               R/W 1
                          
                          
                          
                          0
               R/W
                          1CNTEN 
                          
                          
                           1  UEV 
                          0 DMA 
                           DMA 
               R/W ­ /
                          ­  SGU 
                          ­ 
                          1 DMA 
                          / DMA 
                          
                           1 / UEV 
                          
                          0UEV UEV
                          
                          ­ /
               R/W
                          ­ SGU 
                          ­
                          
                          1UEV 
                          ARRV, PSCV, CCRVn
                          

V1.6                                 257/578
©              http://www.essemi.com
CNTEN  Bit 0                                           ES32F0100/0101/0131 

                         
                         
                         0
                         1
              R/W
                          CNTEN 
                         
                          CNTEN 

V1.6                                258/578
©             http://www.essemi.com
                                                                                                        ES32F0100/0101/0131 

16. 5. 2. 2  2AD16C4Tn_CON2

 2AD16C4Tn_CON2
004H
00000000_00000000_00000000_00000000B

31 30 29 28 27 26 25 24 23 22 21 20 19 18 17 16 15 14 13 12 11 10 9 8 7 6 5 4 3 2 1 0

          Reserved
                                                              OISS4
                                                                   OISS3N
                                                                         OISS3
                                                                               OISS2N
                                                                                     OISS2
                                                                                           OISS1N
                                                                                                OISS1
                                                                                                      I1FSEL

                                                                                                                  TRGOSEL
                                                                                                                             CCDMASEL

                                                                                                                                   CCUSEL
                                                                                                                                         Reserved
                                                                                                                                               CCPCEN

Reserved  Bit 31-15    - 
  OISS4     Bit 14               4 
 OISS3N     Bit 13
  OISS3     Bit 12   R/W
 OISS2N     Bit 11               OISS1 
  OISS2     Bit 10               3 
 OISS1N      Bit 9
                     R/W
  OISS1      Bit 8               OISS1N 
                                 3  3 
  I1FSEL     Bit 7
TRGOSEL    Bit 6-4   R/W
                                 OISS1 
                                 2 

                     R/W
                                 OISS1N 
                                 2 

                     R/W
                                 OISS1 
                                 1 
                                0 GOEN=0CH1ON=0
                                1 GOEN=0CH1ON=1

                     R/W
                                 AD16C4Tn_BDCFG 
                                LOCKLVL  1,2, 3 
                                OISS1N 
                                 1 
                                0 GOEN=0 CH1ON 
                                CH1O=0
                                1 GOEN=0 CH1ON 

                     R/W
                                CH1O=1
                                 AD16C4Tn_BDCFG 
                                LOCKLVL  1,2, 3 
                                OISS1 
                                 I1 
                                0AD16C4Tn_CH1  I1 

                     R/W
                                1AD16C4Tn_CH1CH2  CH3  I1 
                                XOR
                                 TRGOUT 
                                TRGOUT

                     R/W
                                
                                000­AD16C4Tn_SGE  SGU 

V1.6                                       259/578
©                    http://www.essemi.com
                  ES32F0100/0101/0131 

CCDMASEL   Bit 3             TRGOUT
  CCUSEL   Bit 2             
 Reserved  Bit 1             TRGOUT 
 CCPCEN    Bit 0             001­ CNTEN 
                             TRGOUT
                             
                              CNTEN 
                              OR 
                             TRGOUT 
                             /
                             AD16C4Tn_SMCON  MSCFG 
                             
                             010­
                             TRGOUT
                             
                             011­
                             CH1IF 
                             
                             100-  1 
                             TRGOUT
                             101-  2 
                             TRGOUT
                             110-  3 
                             TRGOUT
                             111-  4 
                             TRGOUT
                             / DMA
                  R/W 0 CCn  CCn DMA 
                             1 CCn DMA 
                             
                             0/CCPCEN=1,
                              SGCOM 
                  R/W 1/CCPCEN=1,
                              SGCOM  TI 
                             
                             
                    - 
                             
                             0CCnEN, CCnNE  CHnOMOD 
                             1CCnEN, CCnNE  CHnOMOD 
                  R/W COM
                             SGCOM  TI 
                             CCUSEL 
                             

V1.6                                    260/578
©                 http://www.essemi.com
                                                                                                        ES32F0100/0101/0131 

16. 5. 2. 3 AD16C4Tn_SMCON

AD16C4Tn_SMCON
008H
00000000_00000000_00000000_00000000B

31 30 29 28 27 26 25 24 23 22 21 20 19 18 17 16 15 14 13 12 11 10 9 8 7 6 5 4 3 2 1 0

          Reserved
                                                           ETPOL
                                                                ECM2EN
                                                                         ETPSEL
                                                                                           ETFLT
                                                                                                         MSCFG
                                                                                                                     TSSEL
                                                                                                                                OCC S
                                                                                                                                            SMODS

Reserved  Bit 31-16     - 
 ETPOL       Bit 15              
ECM2EN       Bit 14
                      R/W 0 ETR,
ETPSEL     Bit 13-12             1 ETR, 
 ETFLT      Bit 11-8              2
                                  2
                                 0 2
                                 1 2 ETRF 
                                 
                                 
                                 1.  ECM2EN  1  TI

                      R/W
                                  ETRF SMODS=111  TSSEL=111
                                 
                                 2.  2 
                                 
                                 TI  ETRF TSSEL  111
                                 3.  1  2 
                                  ETRF
                                 
                                  ETRP  AD16C4TnCLK
                                  1/4 ETRP 
                                 

                      R/W
                                 00
                                 01ETRP  2 
                                 10ETRP  4 
                                 11ETRP  8 
                                 
                                  ETRP 
                                 

                      R/W  N 
                                 
                                 0000 fDTS
                                 0001fSAMPLING = fINT_CLK, N = 2

V1.6                                        261/578
©                     http://www.essemi.com
MSCFG  Bit 7                                             ES32F0100/0101/0131 

TSSEL  Bit 6-4             0010fSAMPLING = fINT_CLK, N = 4
                           0011fSAMPLING = fINT_CLK, N = 8
OCCS   Bit 3               0100fSAMPLING = fDTS / 2, N = 6
                           0101fSAMPLING = fDTS / 2, N = 8
SMODS  Bit 2-0             0110fSAMPLING = fDTS / 4, N = 6
                           0111fSAMPLING = fDTS / 4, N = 8
V1.6                       1000fSAMPLING = fDTS / 8, N = 6
©                          1001fSAMPLING = fDTS / 8, N = 8
                           1010fSAMPLING = fDTS / 16, N = 5
                           1011fSAMPLING = fDTS / 16, N = 6
                           1100fSAMPLING = fDTS / 16, N = 8
                           1101fSAMPLING = fDTS / 32, N = 5
                           1110fSAMPLING = fDTS / 32, N = 6
                           1111fSAMPLING = fDTS / 32, N = 8
                            ETFLT[30] = 1, 2 or 3 
                           fDTS  INT_CLK 
                           /
                           0
                R/W 1In
                           
                           
                           
                           
                           000 0IT0
                           001 1IT1
                           010 2IT2
                           011 3IT3
                R/W
                           100I1 I1F_ED
                           101I1  1
                           110I2  2
                           111
                           
                           SMODS=000
                           
                R/W 0OCCISS 
                           1ETFP
                           
                            TI 
                           
                           
                R/W
                           000­ CNTEN = `1'
                           
                           001 1­/ I2 
                            I1 

                                                                                              262/578
                                                                       http://www.essemi.com
                                  ES32F0100/0101/0131 

      010 2 -/ I1 
       I2 
      011 3 -/ I1 
       I2 
      
      100­
      
      101­ TI 
      
      
      110­ TI 
      
      111 1­ TI 
       I1 
      TSSEL='100'I1 
      I1  1 
      
      
      
      

V1.6                        263/578
©     http://www.essemi.com
                                                                                                        ES32F0100/0101/0131 

16. 5. 2. 4 AD16C4Tn_IER

AD16C4Tn_IER
00CH
00000000_00000000_00000000_00000000B

31 30 29 28 27 26 25 24 23 22 21 20 19 18 17 16 15 14 13 12 11 10 9 8 7 6 5 4 3 2 1 0

                   Reserved
                                                                                           BRKIT
                                                                                                 TRGIT
                                                                                                       COMIT
                                                                                                            CC4IT
                                                                                                                  CC3IT
                                                                                                                        CC2IT
                                                                                                                              CC1IT
                                                                                                                                   UIT

Reserved  Bit31-8  -  
  BRKIT     Bit7
 TRGIT      Bit6      
 COMIT      Bit5
  CC4IT     Bit4   W 0
  CC3IT     Bit3
  CC2IT     Bit2      1
  CC1IT     Bit1
    UIT     Bit0      

                   W 0

                      1

                       COM 

                   W 0

                      1

                      / 4 

                   W 0

                      1

                      / 3 

                   W 0

                      1

                      / 2 

                   W 0

                      1

                      / 1 

                   W 0

                      1

                      

                   W 0

                      1

V1.6                                               264/578
©                            http://www.essemi.com
                                                                                                        ES32F0100/0101/0131 

16. 5. 2. 5 AD16C4Tn_IDR

AD16C4Tn_IDR
0010H
00000000_00000000_00000000_00000000B

31 30 29 28 27 26 25 24 23 22 21 20 19 18 17 16 15 14 13 12 11 10 9 8 7 6 5 4 3 2 1 0

                    Reserved
                                                                                            BRKI
                                                                                                  TRGI
                                                                                                        COMI
                                                                                                             CC4I
                                                                                                                   CC3I
                                                                                                                         CC2I
                                                                                                                               CC1I
                                                                                                                                    UI

Reserved  Bit 31-8  - 
  BRKI      Bit7             
  TRGI      Bit 6
  COMI      Bit 5   W 0
   CC4I     Bit 4            1
   CC3I     Bit 3            
   CC2I     Bit 2
   CC1I     Bit 1   W 0
    UI      Bit 0            1
                              COM 

                    W 0
                             1
                             / 4 

                    W 0
                             1
                             / 3 

                    W 0
                             1
                             / 2 

                    W 0
                             1
                             / 1 

                    W 0
                             1
                             

                    W 0
                             1

V1.6                                                      265/578
©                                   http://www.essemi.com
                                                                                                        ES32F0100/0101/0131 

16. 5. 2. 6 AD16C4Tn_IVS

AD16C4Tn_IVS
0014H
00000000_00000000_00000000_00000000B

31 30 29 28 27 26 25 24 23 22 21 20 19 18 17 16 15 14 13 12 11 10 9 8 7 6 5 4 3 2 1 0

                    Reserved
                                                                                            BKI
                                                                                                  TRGI
                                                                                                        COMI
                                                                                                             CC4I
                                                                                                                   CC3I
                                                                                                                         CC2I
                                                                                                                               CC1I
                                                                                                                                    UEI

Reserved  Bit 31-8  N/A 
    BKI     Bit 7             
  TRGI      Bit 6
  COMI      Bit 5    R 0
   CC4I     Bit 4             1
   CC3I     Bit 3             
   CC2I     Bit 2
   CC1I     Bit 1    R 0
   UEI      Bit 0             1
                              CM

                     R 0
                              1
                               4 /

                     R 0
                              1
                              3/

                     R 0
                              1
                               2 /

                     R 0
                              1
                              2/

                     R 0
                              1
                              

                     R 0
                              1

V1.6                                                      266/578
©                                   http://www.essemi.com
                                                                                                        ES32F0100/0101/0131 

16. 5. 2. 7 AD16C4Tn_RIF

AD16C4Tn_RIF
0018H
00000000_00000000_00000000_00000000B

31 30 29 28 27 26 25 24 23 22 21 20 19 18 17 16 15 14 13 12 11 10 9 8 7 6 5 4 3 2 1 0

          Reserved
                                                                   CH4OVIF
                                                                         CH3OVIF
                                                                               CH2OVIF
                                                                                     CH1OVIF
                                                                                           Reserved

                                                                                                BRKIF
                                                                                                      TRGIF
                                                                                                            COMIF
                                                                                                                  CH4IF
                                                                                                                        CH3IF
                                                                                                                             CH2IF
                                                                                                                                   CH1IF
                                                                                                                                         UEVTIF

Reserved  Bit 31-13  N/A 
CH4OVIF     Bit 12              4 
                               
CH3OVIF     Bit 11              AD16C4Tn_ICR  1 

CH2OVIF     Bit 10    R 
                               0
CH1OVIF      Bit 9             1 CH4IF 
Reserved     Bit 8             AD16C4Tn_CCVAL1 
             Bit 7              3 
  BRKIF                        
                                AD16C4Tn_ICR  1 

                      R 
                               0
                               1 CH3IF 
                               AD16C4Tn_CCVAL1 
                                2 
                               
                                AD16C4Tn_ICR  1 

                      R 
                               0
                               1 CH2IF 
                               AD16C4Tn_CCVAL1 
                                1 
                               
                                AD16C4Tn_ICR  1 

                      R 
                               0
                               1 CH1IF 
                               AD16C4Tn_CCVAL1 

                      R 
                               

                      R
                               

V1.6                                       267/578
©                    http://www.essemi.com
TRGIF   Bit 6                                        ES32F0100/0101/0131 

COMIF   Bit 5            AD16C4Tn_ICR  1 
                        
CH4IF   Bit 4           0
CH3IF   Bit 3           1
CH2IF   Bit 2           
                        
CH1IF   Bit 1           TI 
               R 
UEVTIF  Bit 0           AD16C4Tn_ICR  1 
                        0
V1.6                    1
©                       COM 
                         COM  COM 
                        / CCnEN, CCnNE, CHnOMOD 
               R  AD16C4Tn_ICR
                         1 
                        0 COM 
                        1COM 
                         4 /
               R
                         CH1IF 
                         4 /
               R
                         CH1IF 
                         2 /
               R
                         CH1IF 
                         1 / 1 
                         CC1 
                        
                        AD16C4Tn_CON1  CMSEL 
                        
                         AD16C4Tn_ICR  1 
                        0
                        1AD16C4Tn_COUNT 
                        AD16C4Tn_CCVAL1 
               R AD16C4Tn_CCVAL1 
                        AD16C4Tn_AR 
                        /CH1IF
                        
                         CC1 
                        
                         AD16C4Tn_CCVAL1 
                        0
                        1 AD16C4Tn_CCVAL1 I1
                        
               R 

                                                                                          268/578
                                                                    http://www.essemi.com
                                 ES32F0100/0101/0131 

      
       AD16C4Tn_ICR  1 
      
      0
      1
      
      ­
      =0 AD16C4Tn_CON1 
      DISUE=0
      ­ AD16C4Tn_SGE  SGU 
       CNT 
      AD16C4Tn_CON1  UERSEL=0 
      DISUE=0
      ­ CNT 
      AD16C4Tn_CON1  UERSEL=0 
      DISUE=0

V1.6                        269/578
©     http://www.essemi.com
                                                                                                        ES32F0100/0101/0131 

16. 5. 2. 8 AD16C4Tn_IFM

AD16C4Tn_IFM
001CH
00000000_00000000_00000000_00000000B

31 30 29 28 27 26 25 24 23 22 21 20 19 18 17 16 15 14 13 12 11 10 9 8 7 6 5 4 3 2 1 0

                    Reserved
                                                                                            BRKIM
                                                                                                  TRGI
                                                                                                        COMI
                                                                                                             CH4CCI
                                                                                                                   CH3CCI
                                                                                                                         CH2CCI
                                                                                                                               CH1CCI
                                                                                                                                    UEI

Reserved  Bit 31-8  - 
                             
BRKIM     Bit 7              
                              AD16C4Tn_ICR  1 
TRGI      Bit 6
                    R
COMI      Bit 5              
                             0
CH4CCI    Bit 4              1
                             
CH3CCI    Bit 3              
CH2CCI    Bit 2              TI 

CH1CCI    Bit 1     R 
                             AD16C4Tn_ICR  1 
V1.6                         0
©                            1
                              COM 
                              COM  COM 
                             / CCnEN, CCnNE, CHnOMOD 

                    R  AD16C4Tn_ICR
                              1 
                             0 COM 
                             1COM 
                              4 /

                    R
                              CH1CCI 

                    R  3 / CH1CCI 
                    R  2 / CH1CCI 

                              1 / 1 
                             
                             
                             AD16C4Tn_CON1  CMSEL 
                    R
                             
                              AD16C4Tn_ICR  1 
                             0
                             1AD16C4Tn_COUNT 

                                                                                               270/578
                                                                         http://www.essemi.com
                        ES32F0100/0101/0131 

               AD16C4Tn_CCVAL1 

               AD16C4Tn_CCVAL1 

               AD16C4Tn_AR 

               /CH1IF

               

               

               

                AD16C4Tn_CCVAL1 

               0

               1 AD16C4Tn_CCVAL1 I1

               

               

               

               AD16C4Tn_ICR  1 

               0

               1

               

               ­

UEI  Bit 0  R  =0 AD16C4Tn_CON1 

               DISUE=0

               ­ AD16C4Tn_SGE  SGU 

                CNT 

               AD16C4Tn_CON1  UERSEL=0 

               DISUE=0

               ­ CNT 

               AD16C4Tn_CON1  UERSEL=0 

               DISUE=0

V1.6                                          271/578
©                       http://www.essemi.com
                                                                                                        ES32F0100/0101/0131 

16. 5. 2. 9 AD16C4Tn_ICR

AD16C4Tn_ICR
0020H
00000000_00000000_00000000_00000000B

31 30 29 28 27 26 25 24 23 22 21 20 19 18 17 16 15 14 13 12 11 10 9 8 7 6 5 4 3 2 1 0

                    Reserved
                                                                                            BRKIC
                                                                                                  TRGIC
                                                                                                        COMIC

                                                                                                             CH4CCIC
                                                                                                                   CH3CCIC
                                                                                                                         CH2CCIC
                                                                                                                               CH1CCIC

                                                                                                                                    UEIC

Reserved  Bit 31-8   N/A  
  BRKIC     Bit 7   C_W1  
                          0
  TRGIC     Bit 6   C_W1  1AD16C4Tn_RIF
                          
 COMIC      Bit 5   C_W1  0
CH4CCIC     Bit 4   C_W1  1AD16C4Tn_RIF
CH3CCIC     Bit 3   C_W1   COM 
CH2CCIC     Bit 2   C_W1  0
CH1CCIC     Bit 1   C_W1  1AD16C4Tn_RIF
                           4 /
   UEIC     Bit 0   C_W1   CC1IC 
                           3 /
                           CC1IC 
                          /
                           CC1IC 
                          /
                          0
                          1AD16C4Tn_RIF
                          
                          0
                          1AD16C4Tn_RIF

V1.6                                            272/578
©                         http://www.essemi.com
                                                                                                        ES32F0100/0101/0131 

16. 5. 2. 10 AD16C4Tn_SGE

AD16C4Tn_SGE
0024H
00000000_00000000_00000000_00000000B

31 30 29 28 27 26 25 24 23 22 21 20 19 18 17 16 15 14 13 12 11 10 9 8 7 6 5 4 3 2 1 0

                    Reserved
                                                                                            SGBR K
                                                                                                  SGTRG
                                                                                                        SGCOM
                                                                                                             SGCC4E
                                                                                                                   SGCC3E
                                                                                                                         SGCC2E
                                                                                                                               SGCC1E

                                                                                                                                    SGU

Reserved  Bit 31-8  N/A 
 SGBRK      Bit 7             
                              
 SGTRG      Bit 6             

SGCOM       Bit 5    W
SGCC4E      Bit 4             0
SGCC3E      Bit 3             1GOEN BRKIF 
SGCC2E      Bit 2              DMA 
                              
SGCC1E      Bit 1             
                              

                     W
                              0
                              1AD16C4Tn_RIF  TRGIF 
                               DMA 
                              
                              
                              0

                     W
                              1 CCPCEN  1 CCnEN, CCnNE
                               CHnOMOD
                              
                               4 /

                     W
                               SGCC1E 
                               3 /

                     W
                               SGCC1E 
                               2 /

                     W
                               SGCC1E 
                               1 /
                              
                              0
                              1 1 /

                     W
                               1 
                              CH1IF  DMA 
                              
                               1 

V1.6                                      273/578
©                   http://www.essemi.com
SGU  Bit 0                                         ES32F0100/0101/0131 

                      AD16C4Tn_CCVAL1 
                     CH1IF  DMA 
                     CH1OVIF  CH1IF 
                     
                     
                     
                     0
                     1
            W
                     
                      DIRSEL=0
                      DIRSEL=1
                     

V1.6                              274/578
©           http://www.essemi.com
                                                                                                        ES32F0100/0101/0131 

16. 5. 2. 11 / 1AD16C4Tn_CHMR1
        

 1AD16C4Tn_CHMR1
0028H
00000000_00000000_00000000_00000000B

31 30 29 28 27 26 25 24 23 22 21 20 19 18 17 16 15 14 13 12 11 10 9 8 7 6 5 4 3 2 1 0

            Reserved
                                                             CH2OCLREN

                                                                        CH2OMOD
                                                                                    CH2OPREN
                                                                                          CH2OHSEN
                                                                                                  CC2SSEL
                                                                                                           CH1OCLREN
                                                                                                                       CH1OMOD
                                                                                                                                  CH1OPREN
                                                                                                                                        CH1OHSEN
                                                                                                                                                 CC1SSEL

  Reserved  Bit 31-16    - 
CH2OCLREN     Bit 15               2 

 CH2OMOD    Bit 14-12  R/W
CH2OPREN      Bit 11               CH1OCLREN 
CH2OHSEN      Bit 10               2 

  CC2SSEL    Bit 9-8   R/W
                                   CH1OMOD 
CH1OCLREN      Bit 7               2 
 CH1OMOD     Bit 6-4
                       R/W
                                   CH1OPREN 
                                   2 

                       R/W
                                   CH1OHSEN 
                                   2 
                                  /
                                  
                                  00
                                  01 I2
                                  10 I1

                       R/W 11 ITn  I1 
                                  
                                   TSSEL 
                                  AD16C4Tn_SMCON 
                                  
                                  AD16C4Tn_CCEP
                                   CC2EN = `0'CC2SEL 
                                   1 
                                  0 1  ETRF 

                       R/W
                                  1 ETRF  1 
                                  
                                   1 
                                   1 

                       R/W  1 CH1O  CH1ON 
                                   CC1POL  CC1NPOL 
                                  000­ AD16C4Tn_CCVAL1

V1.6                                         275/578
©                      http://www.essemi.com
CH1OPREN  Bit 3                                           ES32F0100/0101/0131 

                             AD16C4Tn_COUNT 
                            
                            001 1 ­
                             AD16C4Tn_COUNT / 1
                            AD16C4Tn_CCVAL1  1 
                            
                            010 1 
                             AD16C4Tn_COUNT / 1
                            AD16C4Tn_CCVAL1  1 
                            
                            011 -
                            AD16C4Tn_COUNT=AD16C4Tn_CCVAL1
                             1 
                            100 -  1 
                            
                            101-  1 
                            
                            110PWM  1 -
                            AD16C4Tn_COUNT<AD16C4Tn_CCVAL1
                             1  1 
                            
                            AD16C4Tn_COUNT>AD16C4Tn_CCVAL1
                             1  1 =`0'
                             1  1 ='1'
                            111PWM  2 -
                            AD16C4Tn_COUNT<AD16C4Tn_CCVAL1
                             1  1 
                            
                            AD16C4Tn_COUNT>AD16C4Tn_CCVAL1
                             1  1 
                            
                            1 AD16C4Tn_BDCFG  LOCKLVL
                             3 CC1SSEL=00
                            
                            2 PWM  1  2 
                             PWM 
                            
                            3
                             AD16C4Tn_CON2  CCPCEN 
                             1 COM CH1OMOD
                            
                             1 
                 R/W 0AD16C4Tn_CCVAL1 
                            AD16C4Tn_CCVAL1 

V1.6                                   276/578
©                http://www.essemi.com
CH1OHSEN   Bit 2                                            ES32F0100/0101/0131 
 CC1SSEL  Bit 1-0
                              
                              1AD16C4Tn_CCVAL1 /
                              
                              AD16C4Tn_CCVAL1 
                              
                              
                              1 AD16C4Tn_BDCFG  LOCKLVL
                               3 CC1SSEL=00
                              
                              2AD16C4Tn_CON1 
                               SPMEN  1PWM 
                              
                              
                               1 
                               1 
                              
                              0 1 
                              CCRV1 
                   R/W  5  1 
                              1 1 
                               OC  1 
                               1  3 
                               PWM1  PWM2 
                              CH1OHSEN 
                              / 1 
                              
                              00
                              01,  I1
                              10,  I2
                              11,  ITn  I1 
                   R/W
                              
                               TSSEL 
                              AD16C4Tn_SMCON 
                              
                              AD16C4Tn_CCEP 
                               CC1EN = `0'CC1SSEL 

V1.6                                     277/578
©                  http://www.essemi.com
                                                                                                        ES32F0100/0101/0131 

        

 1AD16C4Tn_CHMR1
0028H
00000000_00000000_00000000_00000000B

31 30 29 28 27 26 25 24 23 22 21 20 19 18 17 16 15 14 13 12 11 10 9 8 7 6 5 4 3 2 1 0

          Reserved
                                                                   I2FLT
                                                                                     IC2PRES
                                                                                                CC2SEL
                                                                                                                  I1FLT
                                                                                                                                   IC1PRES
                                                                                                                                               CC1SSEL

Reserved  Bit 31-16    - 
  I2FLT   Bit 15-12              2 
          Bit 11-10
IC2PRES              R/W
                                 I1FLT 
CC2SEL    Bit 9-8                2 

I1FLT     Bit 7-4    R/W
                                 IC1PRES 
V1.6                             2 
©                               
                                00
                                01,  I2
                                10,  I1
                                11,  ITn  I1 

                     R/W
                                
                                 TSSEL 
                                AD16C4Tn_SMCON 
                                
                                AD16C4Tn_CCEP 
                                 CC2EN = `0'CC2SEL 
                                I1 
                                 I1 
                                
                                 N 
                                
                                0000 fDTS
                                0001fSAMPLING = fINT_CLK, N = 2
                                0010fSAMPLING = fINT_CLK, N = 4

                     R/W 0011fSAMPLING = fINT_CLK, N = 8
                                0100fSAMPLING = fDTS / 2, N = 6
                                0101fSAMPLING = fDTS / 2, N = 8
                                0110fSAMPLING = fDTS / 4, N = 6
                                0111fSAMPLING = fDTS / 4, N = 8
                                1000fSAMPLING = fDTS / 8, N = 6
                                1001fSAMPLING = fDTS / 8, N = 8
                                1010fSAMPLING = fDTS / 16, N = 5
                                1011fSAMPLING = fDTS / 16, N = 6

                                                                                                   278/578
                                                                             http://www.essemi.com
IC1PRES  Bit3-2                                            ES32F0100/0101/0131 
CC1SSEL  Bit 1-0
                             1100fSAMPLING = fDTS / 16, N = 8
                             1101fSAMPLING = fDTS / 32, N = 5
                             1110fSAMPLING = fDTS / 32, N = 6
                             1111fSAMPLING = fDTS / 32, N = 8
                              I1FLT [30] = 1, 2  3  fDTS
                              INT_CLK 
                              1 
                              CC1 I1
                              CC1EN='0' AD16C4Tn_CCEP 
                             
                  R/W 00
                             
                             01 2 
                             10 4 
                             11 8 
                              1 
                             
                             00CC1 
                             01CC1 ,  I1
                             10CC1 ,  I2
                             11CC1 ,  ITn  I1 
                  R/W
                             
                              TSSEL 
                             AD16C4Tn_SMCON 
                             
                             AD16C4Tn_CCEP 
                              CC1EN = `0'CC1SSEL 

V1.6                                    279/578
©                 http://www.essemi.com
                                                                                                        ES32F0100/0101/0131 

16. 5. 2. 12 / 2AD16C4Tn_CHMR2
        

 2AD16C4Tn_CHMR2
002CH
00000000_00000000_00000000_00000000B

31 30 29 28 27 26 25 24 23 22 21 20 19 18 17 16 15 14 13 12 11 10 9 8 7 6 5 4 3 2 1 0

            Reserved
                                                             CH4OCLREN

                                                                        CH4OMOD
                                                                                    CH4OPREN
                                                                                          CH4OHSEN
                                                                                                  CC4SSEL
                                                                                                           CH3OCLREN
                                                                                                                       CH3OMOD
                                                                                                                                  CH3OPREN
                                                                                                                                        CH3OHSEN
                                                                                                                                                 CC3SSEL

  Reserved  Bit 31-16    - 
CH4OCLREN     Bit 15              4 

 CH4OMOD    Bit 14-12  R/W
CH4OPREN      Bit 11              CH1OCLREN 
CH4OHSEN      Bit 10              4 

  CC4SSEL    Bit 9-8   R/W
                                  CH1OMOD 
CH3OCLREN     Bit 7               4 
 CH3OMOD     Bit 6-4
CH3OPREN      Bit 3    R/W
CH3OHSEN      Bit 2               CH1OPREN 
  CC3SSEL    Bit 1-0              4 

                       R/W
                                  CH1OHSEN 
                                  4 
                                 /
                                 
                                 00
                                 01 I4
                                 10 I3

                       R/W 11 ITn  I1 
                                 
                                  TSSEL 
                                 AD16C4Tn_SMCON 
                                 
                                 AD16C4Tn_CCEP
                                  CC4EN = `0'CC4SSEL 
                                  3 

                       R/W
                                  CH1OCLREN 
                                  3 

                       R/W
                                  CH1OMOD 
                                  3 

                       R/W
                                  CH1OPREN 
                                  3 

                       R/W
                                  CH1OHSEN 

                       R/W  3 /

V1.6                                         280/578
©                      http://www.essemi.com
                                                                                                        ES32F0100/0101/0131 

                                                                  
                                                                  00
                                                                  01,  I3
                                                                  10,  I4
                                                                  11,  ITn  I1 
                                                                  
                                                                   TSSEL 
                                                                  AD16C4Tn_SMCON 
                                                                  
                                                                  AD16C4Tn_CCEP 
                                                                   CC3EN = `0'CC3SSEL 

        

 2AD16C4Tn_CHMR2
002CH
00000000_00000000_00000000_00000000B

31 30 29 28 27 26 25 24 23 22 21 20 19 18 17 16 15 14 13 12 11 10 9 8 7 6 5 4 3 2 1 0

          Reserved
                                                                   I4FLT
                                                                                     IC4PRES
                                                                                                CC4SSEL
                                                                                                                  I3FLT
                                                                                                                                   IC3PRES
                                                                                                                                               CC3SSEL

Reserved  Bit 31-16    - 
   I4FLT  Bit 15-12              4 
          Bit 11-10
IC4PRES              R/W
           Bit 9-8               I1FLT 
CC4SSEL                          4 
           Bit 7-4
   I3FLT    Bit3-2   R/W
IC3PRES                          IC1PRES 
                                 4 
                                
                                00
                                01,  I4
                                10,  I3
                                11,  ITn  I1 

                     R/W
                                
                                 TSSEL 
                                AD16C4Tn_SMCON 
                                
                                AD16C4Tn_CCEP 
                                 CC4EN = `0'CC4SSEL 
                                 3 

                     R/W
                                 I1FLT 

                     R/W  3 

V1.6                                       281/578
©                    http://www.essemi.com
CC3SSEL  Bit 1-0                                           ES32F0100/0101/0131 

                              IC1PRES 
                              3 
                             
                             00
                             01,  I3
                             10,  I4
                             11,  ITn  I1 
                  R/W
                             
                              TSSEL 
                             AD16C4Tn_SMCON 
                             
                             AD16C4Tn_CCEP 
                              CC3EN = `0'CC3SSEL 

V1.6                                    282/578
©                 http://www.essemi.com
                                                                                                        ES32F0100/0101/0131 

16. 5. 2. 13 /AD16C4Tn_CCEP

/AD16C4Tn_CCEP
0030H
00000000_00000000_00000000_00000000B

31 30 29 28 27 26 25 24 23 22 21 20 19 18 17 16 15 14 13 12 11 10 9 8 7 6 5 4 3 2 1 0

          Reserved
                                                                CC4POL
                                                                      CC4EN
                                                                            CC3NPOL
                                                                                  CC3NE
                                                                                        CC3POL
                                                                                             CC3EN
                                                                                                   CC2NPOL
                                                                                                         CC2NE
                                                                                                               CC2POL
                                                                                                                     CC2EN
                                                                                                                           CC1NPOL
                                                                                                                                CC1NE
                                                                                                                                      CC1POL
                                                                                                                                            CC1EN

Reserved  Bit 31-14    - 
 CC4POL     Bit 13               4 /
 CC4EN      Bit 12
CC3NPOL     Bit 11   R/W
 CC3NE      Bit 10               CC1POL 
 CC3POL      Bit9                4 /
 CC3EN       Bit 8
CC2NPOL      Bit 7   R/W
 CC2NE       Bit 6               CC1EN 
 CC2POL      Bit 5               3 /
 CC2EN       Bit 4
                     R/W
CC1NPOL      Bit 3               CC1NPOL 
                                 3 /

                     R/W
                                 CC1NE 
                                 3 /

                     R/W
                                 CC1POL 
                                 3 /

                     R/W
                                 CC1EN 
                                 2 / 2 

                     R/W
                                 CC1NPOL 
                                 2 /

                     R/W
                                 CC1NE 
                                 2 /

                     R/W
                                 CC1POL 
                                 2 /

                     R/W
                                 CC1EN 
                                 1 /
                                
                                0CH1ON 
                                1CH1ON 
                                
                                 CC1POL 

                     R/W
                                 CC1POL 
                                
                                 AD16C4Tn_CON2  CCPCEN
                                 1 COM 
                                CC1NPOL 
                                 AD16C4Tn_BDCFG 

V1.6                                       283/578
©                    http://www.essemi.com
               ES32F0100/0101/0131 

CC1NE   Bit 2             LOCKLVL  2  3
CC1POL  Bit 1             CC1SSEL=00
CC1EN   Bit 0              1 /
                          0 - CH1ON CH1ON 
                          GOEN, OFFSSI, OFFSSR, OISS1, OISS1N 
                          CC1EN 
                          1 - CH1ON 
               R/W  GOEN, OFFSSI, OFFSSR, OISS1, OISS1N
                           CC1EN 
                          
                           AD16C4Tn_CON2  CCPCEN
                           1 COM CC1NE
                          
                           1 /
                          
                          0CH1O 
                          1CH1O 
                          
                          CC1NPOL/CC1POL  I1 
                           I2 
                          00/
                           In 
                          In 
                          
                          01/
                           In 
                          In 
               R/W
                          
                          10
                          11/
                           In 
                          
                          In 
                          
                          
                           AD16C4Tn_CON2  CCPCEN
                           1 COM CC1POL
                          
                           AD16C4Tn_BDCFG 
                          LOCKLVL  2  3
                          CC1SSEL=00
                           1 /
               R/W 
                          0 - CH1O CH1ON 

V1.6                                 284/578
©              http://www.essemi.com
                                                                                                        ES32F0100/0101/0131 

                                                                 GOEN, OFFSSI, OFFSSR, OISS1, OISS1N 
                                                                 CC1EN 
                                                                 1 - CH1O 
                                                                  GOEN, OFFSSI, OFFSSR, OISS1, OISS1N
                                                                  CC1EN 
                                                                 
                                                                 /
                                                                  1AD16C4Tn_CCVAL1
                                                                 0
                                                                 1
                                                                 
                                                                  AD16C4Tn_CON2  CCPCEN
                                                                  1 COM CC1EN
                                                                 

16. 5. 2. 14 AD16C4Tn_COUNT

AD16C4Tn_COUNT
0034H
00000000_00000000_00000000_00000000B

31 30 29 28 27 26 25 24 23 22 21 20 19 18 17 16 15 14 13 12 11 10 9 8 7 6 5 4 3 2 1 0

          Reserved
                                                                                                      CNT V

Reserved  Bit 31-16    - 
  CNTV    Bit 15-0   R/W 

V1.6                                                                                                                               285/578
©                                                                                                            http://www.essemi.com
                                                                                                        ES32F0100/0101/0131 

16. 5. 2. 15 AD16C4Tn_PRES

AD16C4Tn_PRES
0038H
00000000_00000000_00000000_00000000B

31 30 29 28 27 26 25 24 23 22 21 20 19 18 17 16 15 14 13 12 11 10 9 8 7 6 5 4 3 2 1 0

          Reserved
                                                                                                      PSCV

Reserved  Bit 31-16    - 
  PSCV    Bit 15-0              
                                CK_CNT=fCK_PSC /
                                PSCV[150] + 1

                     R/W 
                                AD16C4Tn_SGE  SGU 
                                PSCV
                                

16. 5. 2. 16 AD16C4Tn_AR

AD16C4Tn_AR
003CH
00000000_00000000_00000000_00000000B

31 30 29 28 27 26 25 24 23 22 21 20 19 18 17 16 15 14 13 12 11 10 9 8 7 6 5 4 3 2 1 0

          Reserved
                                                                                                      ARRV

Reserved  Bit 31-16    - 
  ARRV    Bit 15-0              

                     R/W ARRV 
                                

V1.6                                                                                                                              286/578
©                                                                                                           http://www.essemi.com
                                                                                                        ES32F0100/0101/0131 

16. 5. 2. 17 AD16C4Tn_REPAR

AD16C4Tn_REPAR
0040H
00000000_00000000_00000000_00000000B

31 30 29 28 27 26 25 24 23 22 21 20 19 18 17 16 15 14 13 12 11 10 9 8 7 6 5 4 3 2 1 0

                    Reserved
                                                                                                                REPV

Reserved  Bit 31-8    - 
  REPV    Bit 7-0              
                               
                               
                               
                               REPV_CNT  0
                                REPV 
                                U_RC REPV_CNT 

                    R/W  REPV 
                                AD16C4Tn_REPAR 
                               
                                PWM REPV+1
                               ­REPV+1 PWM
                               
                               ­REPV+1 1/2
                               PWM 

V1.6                                      287/578
©                   http://www.essemi.com
                                                                                                        ES32F0100/0101/0131 

16. 5. 2. 18 / 1AD16C4Tn_CCVAL1

/ 1 AD16C4Tn_CCVAL1
0044H
00000000_00000000_00000000_00000000B

31 30 29 28 27 26 25 24 23 22 21 20 19 18 17 16 15 14 13 12 11 10 9 8 7 6 5 4 3 2 1 0

          Reserved
                                                                                                      CCRV 1

Reserved  Bit 31-16    - 
 CCRV1    Bit 15-0              / 1
                                 CCn 
                                CCRVn /
                                
                                 AD16C4Tn_CHMRn 
                                CCRVn 

                     R/W 
                                //
                                 AD16C4Tn_COUNT 
                                 OCn 
                                 CCn 
                                CCRVn ICn
                                

16. 5. 2. 19 / 2AD16C4Tn_CCVAL2

/ 2AD16C4Tn_CCVAL2
0048H
00000000_00000000_00000000_00000000B

31 30 29 28 27 26 25 24 23 22 21 20 19 18 17 16 15 14 13 12 11 10 9 8 7 6 5 4 3 2 1 0

          Reserved
                                                                                                      CCRV 2

Reserved  Bit 31-16    - 
 CCRV2     Bit15-0              / 2

                     R/W
                                 CCRV1 

V1.6                                                                                                                                288/578
©                                                                                                             http://www.essemi.com
                                                                                                        ES32F0100/0101/0131 

16. 5. 2. 20 / 3AD16C4Tn_CCVAL3

/ 3AD16C4Tn_CCVAL3
004CH
00000000_00000000_00000000_00000000B

31 30 29 28 27 26 25 24 23 22 21 20 19 18 17 16 15 14 13 12 11 10 9 8 7 6 5 4 3 2 1 0

          Reserved                                 CCRV 3

Reserved            Bit 31-16    - 
 CCRV3              Bit 15-0              / 3

                               R/W
                                           CCRV1 

16. 5. 2. 21 / 4AD16C4Tn_CCVAL4

/ 4AD16C4Tn_CCVAL4
0050H
00000000_00000000_00000000_00000000B

31 30 29 28 27 26 25 24 23 22 21 20 19 18 17 16 15 14 13 12 11 10 9 8 7 6 5 4 3 2 1 0

          Reserved                                 CCRV 4

Reserved            Bit 31-16    - 
 CCRV4              Bit 15-0              / 4

                               R/W
                                           CCRV1 

V1.6                                                                             289/578
©                                                          http://www.essemi.com
                                                                                                        ES32F0100/0101/0131 

16. 5. 2. 22 AD16C4Tn_BDCFG

AD16C4Tn_BDCFG
0054H
00000000_00000000_00000000_00000000B

31 30 29 28 27 26 25 24 23 22 21 20 19 18 17 16 15 14 13 12 11 10 9 8 7 6 5 4 3 2 1 0

          Reserved
                                                           GOEN
                                                                AOEN
                                                                      BRKP
                                                                            BRKEN

                                                                                  OFFSSR
                                                                                        OFFSSI
                                                                                                LOCKLVL

                                                                                                                             DT

Reserved  Bit 31-16    - 
                                
GOEN      Bit 15                
                                 1  1 AOEN 
AOEN      Bit 14                

BRKP      Bit 13     R/W
                                0OC  OCN 
BRKEN     Bit 12                1 OC  OCN  1
                                AD16C4Tn_CCEP  CCnEN,
V1.6                            CCnNE OC  OCN 
©                               
                                0GOEN 
                                1

                     R/W GOEN 
                                 AD16C4Tn_BDCFG 
                                LOCKLVL  1
                                
                                
                                0 BRKP 
                                1 BRKP 
                                 AD16C4Tn_BDCFG 

                     R/W
                                LOCKLVL  1
                                
                                 1  APB 
                                
                                
                                0BRKP  CCS 
                                
                                1BRKP  CCS 
                                

                     R/W
                                 AD16C4Tn_BDCFG 
                                LOCKLVL  1
                                
                                 1  APB 
                                

                                                                                                   290/578
                                                                            http://www.essemi.com
                  ES32F0100/0101/0131 

OFFSSR   Bit 11              
 OFFSSI  Bit 10               GOEN=1 
LOCKLVL  Bit 9-8             
         Bit 7-0              OFFSSR 
    DT                       0, OC/OCN OC/OCN 
                             =0
                  R/W
                             1,  CCnEN=1  CCnNE=1 
                              OC/OCN 
                             OC/OCN =1
                              AD16C4Tn_BDCFG 
                             LOCKLVL  2
                             
                             
                              GOEN=0 
                             0, OC/OCN OC/OCN 
                             =0
                             1 CCnEN=1  CCnNE=1
                  R/W
                              OC/OCN 
                             OC/OCN =1
                              AD16C4Tn_BDCFG 
                             LOCKLVL  2
                             
                             
                             
                             00­
                             01 1 = AD16C4Tn_BDCFG 
                              DTAD16C4Tn_CON2  OISSx 
                             OISSxN AD16C4Tn_BDCFG 
                             BRKEN/BRKP/AOEN 
                             10 2 =  1 + CC 
                             AD16C4Tn_CCEP 
                  R/W CCnPOL/CCnNPOL CCnSSEL
                              OFFSSR  OFFSSI 
                             
                             11 3 =  2 + CC 
                             AD16C4Tn_CHMRn  CHnOMOD
                              CHnOPEN CCnSSEL 
                             
                             
                             AD16C4Tn_BDCFG 
                             
                             
                  R/W DT 
                             

V1.6                                    291/578
©                 http://www.essemi.com
                                 ES32F0100/0101/0131 

      DT[75]=0xx => DT=DT[7:0]x tdtg tdtg=tDTS
      DT[75]=10x => DT=64+DT[5:0]xtdtg
      tdtg=2xtDTS
      DT[75]=110=> DT=32+DT[4:0]xtdtg
      tdtg=8xtDTS
      DT[75]=111 => DT=32+DT[40]xtdtg
       tdtg=16xtDTS
       AD16C4Tn_BDCFG 
      LOCKLVL  12  3
      

V1.6                        292/578
©     http://www.essemi.com
                                                                                                        ES32F0100/0101/0131 

16. 5. 2. 23 DMAAD16C4Tn_DMAEN

DMA AD16C4Tn_DMAEN
058H
00000000_00000000_00000000_00000000B

31 30 29 28 27 26 25 24 23 22 21 20 19 18 17 16 15 14 13 12 11 10 9 8 7 6 5 4 3 2 1 0

                    Reserved
                                                                                               TD S

                                                                                                     COMDS
                                                                                                           CC4DS
                                                                                                                 CC3DS
                                                                                                                      CC2DS
                                                                                                                            CC1DS

                                                                                                                                  UD S

Reserved  Bit 31-7    - 
   TDS      Bit 6              DMA
            Bit 5
COMDS       Bit 4   R/W 0DMA
 CC4DS      Bit 3              1DMA
 CC3DS      Bit 2              COM DMA
 CC2DS      Bit 1
 CC1DS      Bit 0   R/W 0DMA
                               1DMA
   UDS                         / 4 DMA 

                    R/W 0DMA 
                               1DMA 
                               / 3 DMA 

                    R/W 0DMA 
                               1DMA 
                               / 2 DMA 

                    R/W 0DMA 
                               1DMA 
                               / 1 DMA 

                    R/W 0DMA 
                               1DMA 
                                DMA 

                    R/W 0DMA 
                               1DMA 

V1.6                                      293/578
©                   http://www.essemi.com
                                                                                                        ES32F0100/0101/0131 

                        17 GP16C2T0~2

17. 1 

         3  16  2 GP16C2T0~2GP16C2Tn  16 
        

         16  2 GP16C2Tn
        PWM  PWM

17. 2 

       16 
       16  1  65536 

             
       

               
               
               PWM 
               
        1 
       
       
       
       /DMA
               /
               /
               
               
               
               

V1.6                        294/578
©     http://www.essemi.com
                                                ES32F0100/0101/0131 

17. 3 

                            PCLK1

                                                     TRGOUT

              0~3                  TI  
               IT0/1/2/3
                                       
                I1

               I1
               I2

                                                     
                                              

                             

                                                     

GP16C2Tn  I1                                                 GP16C2Tn_CH
   _CH1                                                      GP16C2Tn_CH
                                         /           
GP16C2Tn                                          1  1/2     GP16C2Tn_CH2
   _CH2   I2   1/2  1/2  1/2

          
          RCU

GP16C2Tn                  
   _BRK

          IT
          TI
          TRGOUTTRGI
          

                           17-1 GP16C2Tn 

17. 4 

17. 4. 1 

             16-bit GP16C2Tn_COUNT
            GP16C2Tn_PRESGP16C2Tn_AR
            GP16C2Tn_REPAR

            GP16C2Tn_AR GP16C2Tn_CON1 
             ARPEN  0 GP16C2Tn_AR GP16C2Tn_AR 
            ARPEN  1 GP16C2Tn_AR UEV
            GP16C2Tn_AR 

             GP16C2Tn_CON1  DISUE  0 
            UEVGP16C2Tn_CON1  CNTEN 
            

 CNTEN  1 

               GP16C2Tn_PRES     +1      
GP16C2Tn_PRES 
UEV

V1.6                                                                       295/578
©                                                    http://www.essemi.com
                                                                                         ES32F0100/0101/0131 



     

            2A  2B 2C  2D    0                         1        2

            0                1  2                   0  1  2  0     1

                
                
            0
                 2


 CNTEN                     
                           

                                             17-2 

17. 4. 2 

            

            

               
            GP16C2Tn_REPAR  GP16C2Tn_SGE 
             SGU 
            GP16C2Tn_REPAR 

REPAR = 2 





                                             17-3 

 GP16C2Tn_SGE  SGU 

17. 4. 3 

            (INT_CLK) 1I1I2I3I4
            IT0IT1IT2IT3

17. 4. 3. 1 INT_CLK
              GP16C2Tn_SMCON SMODS= "000" CNTEN
              GP16C2Tn_SGE.SGU SGU 

V1.6                                                                            296/578
©                                                         http://www.essemi.com
                                                                                                  ES32F0100/0101/0131 

          CNTEN '1' INT_CLK 
         

INT_CLK
 CNTEN

      SGU
    

           11         12 13 14 15 16 00 01 02 03 04 05 06 07

                                               17-4 

17. 4. 3. 2  1
              GP16C2Tn_SMCON  SMODS= "111" 1
              

                              ITn  0xx I1FI2F 
                            
                                   100
I1         I1F           0              TI
                        1                            1
                                   101                            

                            I2     110  ETF          2

                            ETF    111

    CHMR1.I1FLT<3:0>                    PCLK1 

                      CCEP.CC1POL

                                   SMCON.TSSEL<2:0>

                                                     SMCON.SMODS

                                       17-5 

     1
    1. GP16C2Tn_SMCON  SMODS = "111" 1
    2.  GP16C2Tn_SMCON  TSSEL 
    3.  I1 GP16C2Tn_CHMR1  CC1SSEL = "01"

           1  I1  GP16C2Tn_CCEP  CC1POL = '0'
          

    4.  GP16C2Tn_CHMR1  I1FLT<3:0>
           I1FLT = "0000"

V1.6                                                                       297/578
©                                                    http://www.essemi.com
                                                                                                        ES32F0100/0101/0131 

              5. GP16C2Tn_CON1  CNTEN = '1'
               I1  TRGI 

17. 4. 3. 3 ITn
               GP16C2Tn_SMCON  SMODS= "111"
              

      IT0/1/2/3
                         0xx

      I1                      TI
                        100

      I1
                       101

      I2
                       110

      TSSEL[2:0]

                                               17-6 ITn 

               ITn 
              1. GP16C2Tn_SMCON  SMODS = "111" 1
              2. GP16C2Tn_SMCON  TSSEL = "0xx" ITn 
              3. GP16C2Tn_CON1  CNTEN = '1'
              ITn ITn  ITn 
              

17. 4. 4 

17. 4. 4. 1 
               0  GP16C2Tn_AR 
              0 UEV GP16C2Tn_REPAR  0 
               GP16C2Tn_REPAR+1 
                     UEV                          
              GP16C2Tn_RIF  UI  UERSEL 
                GP16C2Tn_REPAR 
                GP16C2Tn_AR 
                GP16C2Tn_PRES 
               GP16C2Tn_AR = 0x16 2 

V1.6                                                    298/578
©                                 http://www.essemi.com
                                              ES32F0100/0101/0131 

              0014      0015  0016      0000  0001  0002  0003
   CNTEN

 

 

 

  
    (UEV)


      (UI)

                         17-7 

ARPEN=0()

CNTEN

              11    12 13 14 15 16 00 01 02 03 04 05 06 07




   
     (UEV)

                              
        (UI)                  

                    F5              16
AR

                     17-8  ARPEN=0 

V1.6                                                                      299/578
©                                                   http://www.essemi.com
                                                  ES32F0100/0101/0131 

ARPEN=1()

CNTEN

                   F0  F1 F2 F3 F4 F5 00 01 02 03 04 05 06 07

                                             AR
                                             

   
     (UEV)


      (UI)

                   AR

                                         16

AR                     F5

                                       17-9  ARPEN=1 

17. 4. 5 /

             In  InF
             In 
            

                                                   I1
                                             

I1          I1F                      00  I1
                                     01
        1               1

fDTS                                 11 I2   01                 1  
                                                            CHMR1.I1PRES
                       CCEP.CC1NPOL          10
                       CCEP.CC1POL
      CHMR1.I1FLT                             11

                           I2F               CHMR1.CC1SSEL

                           I2F       00
                                     01
                           I2F 11

                                          17-10 /
      

V1.6                                                                              300/578
©                                                           http://www.essemi.com
                                                           ES32F0100/0101/0131 

                                  APB

                                /

                                              
                                              
                                              

                                /

                    1                                      
                                        

                     17-11 / 1 

                                                                 

                                        0     x0            0          CH1
                                                            1            
                                              01     CCEP.CC1POL
                                                                   CCEP.CC1EN

                                              11

                                

                  CH1REF 

                                              x0

                                              01             0         CH1N
                                                             1           
CHMR1.CH1MOD                            0     11     CCEP.CC1NPOL
                                                                   CCEP.CC1NEN

CMP_IN CHREF_CLR

                                                  

                                  0        0

                                                  0                 CH2
                                                                      
                                           1

                                CH2REF            1

                  CHMR1.CH2MOD                CCEP.CC2POL          CCEP.CC2EN

                     17-12 /

17. 4. 6 

             In /

V1.6                                                                                     301/578
©                                                                  http://www.essemi.com
                                                                                                        ES32F0100/0101/0131 

                GP16C2Tn_CCVALn                 CHnI   
            GP16C2Tn_RIF DMA
            CHnI  CHnOVI GP16C2Tn_RIF
            GP16C2Tn_ICR  CHnI  CHnOVI '1' CHnI  CHnOVI 
             I1 
            1.         GP16C2Tn_CCVAL1      I1        

                  GP16C2Tn_CHMR1  CC1SSEL "01" CC1SSEL "00"
                   GP16C2Tn_CCVAL1 
            2.  5
                   5 
                   I1  8 
            3.  I1 GP16C2Tn_CCEP  CC1POL '0' 
            4. 
            5.  GP16C2Tn_CCEP  CC1EN 
            6.    GP16C2Tn_IER   CH1I     
                  GP16C2Tn_DMAEN  CH1DE  DMA 

            

            1. GP16C2Tn_CCVAL1 
            2. CH1I  2 

                   CH1OVI 
            3.  GP16C2Tn_IER  CH1I 
            4. DMA  GP16C2Tn_DMAEN  CH1DE 

            
            

 GP16C2Tn_SGE  SGCHn 

V1.6                        302/578
©     http://www.essemi.com
                     ES32F0100/0101/0131 

17. 4. 6. 1 PWM
               I1  PWM 

              1.  GP16C2Tn_CCVAL1         GP16C2Tn_CHMR1     
                    CC1SSEL "01"I1 

              2.  I1  GP16C2Tn_CCVAL1 
                    CC1POL '0'

              3.  GP16C2Tn_CCVAL2 GP16C2Tn_CHMR1  CC2SSEL
                    "10"I1 

              4.  I1  GP16C2Tn_CCVAL2CC2POL
                    '1'

              5. GP16C2Tn_SMCON  TSSEL "101"I1 
                    

              6. GP16C2Tn_SMCON  SMODS "100"

              7. GP16C2Tn_CCEP  CC1EN  CC2EN '1'

         I1    2     1
 000A                

             0000 0001 0002 0003 0004 0000

CCVAL1         000A  0004

CCVAL2         0002

                                             17-13 PWM 

17. 4. 7 PWM

             GP16C2Tn_AR GP16C2Tn_CCVALn 
            

             PWM  CHn  PWMGP16C2Tn_CHMR1
             CHnMOD "110"PWM  1"111"PWM  2
            GP16C2Tn_CHMR1  CHnPEN 
            GP16C2Tn_CON1  ARPEN 

            
             GP16C2Tn_SGE  SGU 

            CHn  GP16C2Tn_CCEP  CCnPOL 
               CHn       CCnEN  CCnNE  GOEN  OFFSSI  OFFSSR 
            GP16C2Tn_CCEP  GP16C2Tn_BDCFG 

V1.6                                       303/578
©                    http://www.essemi.com
                                                                                                        ES32F0100/0101/0131 

             PWM 1  2GP16C2Tn_COUNT  GP16C2Tn_CCVALn 
             GP16C2Tn_CCVALn<=GP16C2Tn_COUNT  GP16C2Tn_CCVALn>=
            GP16C2Tn_COUNT

17. 4. 7. 1 PWM
               GP16C2Tn_AR=8
               PWM  1
               
               GP16C2Tn_AR = 8  PWM 

                           0  1  2  3  4  5  6  7  8  0  1

                CHn
CCVALn=4

                CHnI

                CHn
CCVALn=8

                CHnI

          CHn         `1'

CCVALn>8

          CHnI

          CHn         `0'

CCVALn=0

          CHnI

                                17-14  PWM AR=8

17. 4. 8 

            

            /

               GP16C2Tn_CHMR1  CHnMOD 
                     GP16C2Tn_CCEP  CCnPOL 

               GP16C2Tn_RIF  CHnI 
               GP16C2Tn_IER  CHnI 
               GP16C2Tn_DMAEN  CHnDE 

                     GP16C2Tn_CON2  CCDMASEL  DMA  DMA
                     
            GP16C2Tn_CHMR1  CHnPEN  GP16C2Tn_CCVALn 
            

             UEV  CHn 
            

V1.6                                                                        304/578
©                                                     http://www.essemi.com
                                                                                         ES32F0100/0101/0131 



1. 

2. GP16C2Tn_AR  GP16C2Tn_CCVALn 

3.  GP16C2Tn_IER  CHnI 

4. 

    - CHnMOD = "011" CNTV  CCRVALn CHn 
    - CHnPEN = '0'
    - CCnPOL = '0'
    - CCnEN = '1'
5. GP16C2Tn_CON1  CNTEN 

CHnPEN = '0' GP16C2Tn_CCVALn 
GP16C2Tn_CCVALn 


        30  31 32  33  ............  3B  3C    3D  3E  3F  40

                                     3ECCVALn

CCVALn      32                           3E

               CHn
                                                                                 CCRVALnCHn

                                         17-15  CHn

17. 4. 8. 1 
              GP16C2Tn_CHMR1  CCnSSEL = "00"
              CHnN/CHnN
              

              CHn GP16C2Tn_CHMR1 
               CHnMOD "101" CHn 
               CCnPOL 

              CCnPOL= '0'CHn  CHn 

               GP16C2Tn_CHMR1  CHnMOD "100"

              GP16C2Tn_CCVALn 
              

17. 4. 9 

            SPMEN
            
             PWM  GP16C2Tn_CON1  SPMEN 

V1.6                                                                     305/578
©                                                  http://www.essemi.com
                                    ES32F0100/0101/0131 

 UEV 




   CNTV < CCVALn AR0 < CCVALn
 PWM 

    GP16C2Tn_CHMR1  CHnMOD  PWM  1  2
    GP16C2Tn_CCEPn  CCnPOL  CHn 
    GP16C2Tn_CON1  SPMEN PWM 

        
    GP16C2Tn_CHMR1  CH1PEN =1GP16C2Tn_CON1 

        ARPEN =1
        
    GP16C2Tn_CCVALn  GP16C2Tn_AR 
        
    GP16C2Tn_SGE  SGU 
    GP16C2Tn_CON1  CNTEN=1 
         CNTEN=1

              ............

  0  1  2  3  ............  3D  3E  3F  0

             CNTEN

              
                

              CHn
                                                                                                                                                     

           
             UI

                                                  17-16 

17. 4. 10 

            

             CHn  CHnN
            GP16C2Tn_CCEP  CCnPOL  CCnNPOL 

             CHn  CHnN  GP16C2Tn_CCEP 
            CCnEN  CCnNE GP16C2Tn_BDCFG  GP16C2Tn_CON2  GOEN
            OISSnOISSnNOFFSSI  OFFSSR 
            GOEN  0

V1.6                                                          306/578
©                                       http://www.essemi.com
                                                                                         ES32F0100/0101/0131 

 CCnEN  CCnNE  GOEN 
GP16C2Tn_BDCFG  DT<7:0>
 CHn  CHnN  CHn  CHnN 

   CHn CHn 
        

   CHnN CHnN
        

CHn  CHnN
 CCnPOL = 0CCnNPOL
= 0GOEN = 1CCnEN = 1 CCnNE = 1

         

CHn

CHnN

        

                             17-17 

 PWM CHnMODCCnEN 
CCnNE

GP16C2Tn_SGE  SGCOM=1  GP16C2Tn_SMCON
 TSSEL 

17. 4. 11 

            GP16C2Tn_BDCFG  GOEN
            OFFSSI  OFFSSR GP16C2Tn_CON2  OISSn  OISSnN 
            

             GP16C2Tn_SGE 
            SGBRK CMUCSS
            CSS

             GOEN  GP16C2Tn_BDCFG 
            BRKEN BRKEN 
            BRKEN  BRKP  BRKEN  BRKP 1  APB 
             1  APB 
            

V1.6                            307/578
©         http://www.essemi.com
                                                                                                        ES32F0100/0101/0131 

             GOEN 
            GP16C2Tn_BDCFG 
             GOEN  GOEN  1 
            

            

               GOEN OFFSSI 
                      MCU 

                GOEN=0GP16C2Tn_CON2 
                     OISSn  OFFSSI=0
                     

               
                - 
                    
                - 
                    OISSn  OISSnN CHn  CHnN 
                    
                -  GOEN  2 
                    TIMER 
                -  OFFSSI = 0 CCnEN
                     CCnNE 

               GP16C2Tn_RIF  BRKI 
                     GP16C2Tn_IER  BRKI 

                GP16C2Tn_BDCFG  AOEN UEV
                     GOEN GOEN 
                     '1'
                     

GOEN
     BRKI 

            
            CHn/CHnN CHnMOD 
             GP16C2Tn_BDCFG  LOCKLVL 
            MCU LOCKLVL 

V1.6                        308/578
©     http://www.essemi.com
          ES32F0100/0101/0131 

BRK         

          

CHn         

        

CHnN                        
BRKI      

                                                 17-18 

17. 4. 12 

            GP16C2Tn 

17. 4. 12. 1 
              
              GP16C2Tn_CON1  UERSEL  UEV
              GP16C2Tn_ARGP16C2Tn_CCVALn UEV 

              I1 

                1  I1  I1FLT
                     = "0000"CC1SSEL 
                     GP16C2Tn_CHMR1  CC1SSEL = "01"GP16C2Tn_CCEP 
                     CC1POL = 0 

               GP16C2Tn_SMCON  SMODS = "100" I1
                     GP16C2Tn_SMCON  TSSEL = "101"

               GP16C2Tn_CON1  CNTEN = '1'
               I1  I1 
               0 GP16C2Tn_RIF 
              TRGI  DMA  GP16C2Tn_IER  TRGI 
              GP16C2Tn_DMAEN  TRGIDE  DMA 

               GP16C2Tn_AR = 0x36  I1 
              I1 

V1.6                              309/578
©           http://www.essemi.com
                                                                                         ES32F0100/0101/0131 

       I1
       SGU



       30 31 32 33 34 35 36 00 01 02 03 00 01 02 03

                       TRGI

                                              17-19 
17. 4. 12. 2 

              

               I1 

                1  I1 I1FLT =
                     "0000"GP16C2Tn_CHMR1 
                     CC1SSEL = "01"GP16C2Tn_CCEP  CC1POL = '1'
                     

               GP16C2Tn_SMCON  SMODS = "101" I1
                     GP16C2Tn_SMCON  TSSEL = "101"

               GP16C2Tn_CON1  CNTEN = '1'  CNTEN
                     = '0'

               I1  I1  I1 
              I1 

                  I1

CNTEN



       32 33 34 35  36                                                                 37 38 39 40

              TRGI                                                                    ICR.TRGI =1
                                                                         ICR.TRGI =1
                                                                                                                310/578
                                              17-20                                      http://www.essemi.com

V1.6
©
                                                                                                        ES32F0100/0101/0131 

17. 4. 12. 3 
              
              I2 
                2  I2 I2FLT =
                     "0000"GP16C2Tn_CHMR1 
                     CC2SEL = "01",GP16C2Tn_CCEP  CC2POL = '0'
                     
               GP16C2Tn_SMCON  SMODS = "110"
                     GP16C2Tn_SMCON  TSSEL = "110"
                     I2  TRGI 
                      I2 I2 

                  I2

             CNTEN



                  34                                      35 36 37 38 39 40

              TRGI

                                              17-21 

17. 4. 13 

            
            
            

                                                          

                                   TRGOUT  TI                                     
                                                        

                  CON2.MMSEL                                       SMCON.SMODS
                                           SMCON.TSSEL

                       17-22 /

V1.6                                                                                                  311/578
©                                                                               http://www.essemi.com
                                                           ES32F0100/0101/0131 

17. 4. 13. 1 
               2  1 
               1  CH1REF  2 

                   1                  (CH1REF)     
              (GP16C2T1_CON2  MMSEL=100)

                1  CH1REF (GP16C2T1_CHMR1 )
                2  1 (GP16C2T2_SMCON 

                     TSSEL=000)
                2 (GP16C2T2_SMCON  SMODS=101)
                GP16C2T2_CON1  CNTEN=1  2
                GP16C2T1_CON1  CNTEN=1  1

 2  1  2 

          1


             30      31  32          33          34        35  36  37

TRGOUT
(CH1REF)

      2

                 20          21  22      23  24      25        26

TRGI

                                             ICR.TRGI = 1          ICR.TRGI = 1

                         17-23  CH1REF

       2 
       1  2 
       GP16C2T1_SGE  SGU
      

       1  2 1  0 
       2       0xE7    2                '0' 
      GP16C2T1_CON1  CNTEN  1 2 

        1  CNTEN (GP16C2T1_CON2 
             MMSEL=001)

        2  1 (GP16C2T2_SMCON 
            TSSEL=000)

        2 (GP16C2T2_SMCON  SMODS=101)

V1.6                                                                                 312/578
©                                                              http://www.essemi.com
                                                                                               ES32F0100/0101/0131 

        GP16C2T1_SGE  SGU=1 1
        GP16C2T2_SGE  SGU=1 2
       '0xE7' 2 (GP16C2T2_COUNT) 0xE7
        GP16C2T2_CON1  CNTEN=1  2
        GP16C2T1_CON1  CNTEN=1  1
        GP16C2T1_CON1  CNTEN=0  1

  1


CNTEN

SGU

      75          00      01  02

2                 E7

          AB  00      E7  E8  E9

SGU

TRGI

                              ICR.TRGI = 1

               17-24  1  2

17. 4. 13. 2 

               1  2 1 
               2 ( 0)
                   2  CNTEN       '1'              '0' 
              GP16C2T1_CON1  CNTEN 

        1 (GP16C2T1_AR )
        2  1 (GP16C2T2_SMCON 

            TSSEL=000)
        2 (GP16C2T2_SMCON  SMODS=110)
        GP16C2T1_CON1  CNTEN=1  1

V1.6                                                313/578
©                             http://www.essemi.com
                                                      ES32F0100/0101/0131 

  1     30  31  32  33  34  35  0  1          2   3   4   5   6   7   8   9


TRGOUT

 2
CNTEN

                    30                        31  32  33  34  35  36  37  38

TRGI

                                ICR.TRGI = 1

                        17-25 
      
      (GP16C2T2_SMCON  SMODS=110)
      

17. 4. 13. 3 
               1  I1  1 1 
              2 1 /( I1 
               2 )

                1 (GP16C2T1_CON2 
                     MMSEL=001)

                1  I1 (GP16C2T1_SMCON 
                     TSSEL='101')

                1 (GP16C2T1_SMCON  SMODS='110')
                1 /GP16C2T1_SMCON  MSCFG='1'
                2  1 (GP16C2T2_SMCON 

                     TSSEL=000)
                2 (GP16C2T2_SMCON  SMODS='110')
               1  I1 
              TRGI 

              ( SGU )
               0 (GP16C2T1_COUNT)
              / 1  CNTEN 
              

V1.6                                                                                314/578
©                                                             http://www.essemi.com
                               ES32F0100/0101/0131 

     1


     I1

CNTEN

             MSCFG=1
            

         0  1  2      3  4  5  6  7  8        9  10  11

TRGOUT

    2
 TRGI

CNTEN

         0  1  2      3  4  5  6  7  8        9  10  11

                          17-26  1  I1  1  2

17. 4. 14 

            (CortexTM-M0 )

V1.6                                                       315/578
©                                    http://www.essemi.com
                              ES32F0100/0101/0131 

17. 5                                                  
                         00H   1
17. 5. 1                 04H   2
                         08H  
GP16C2T0 4000_0800 H     0CH  
GP16C2T1 4000_0C00 H     10H  
GP16C2T2 4000_1000 H     14H  
                         18H  
  GP16C2Tn               1CH  
                         20H  
                         24H  
  GP16C2Tn_CON1          28H  / 1
  GP16C2Tn_CON2          30H  /
  GP16C2Tn_SMCON         34H  
  GP16C2Tn_IER           38H  
  GP16C2Tn_IDR           3CH  
  GP16C2Tn_IVS           40H  
  GP16C2Tn_RIF           44H  / 1
  GP16C2Tn_IFM           48H  / 2
  GP16C2Tn_ICR           54H  
  GP16C2Tn_SGE           58H  DMA 
  GP16C2Tn_CHMR1
  GP16C2Tn_CCEP
  GP16C2Tn_COUNT
  GP16C2Tn_PRES
  GP16C2Tn_AR
  GP16C2Tn_REPAR
  GP16C2Tn_CCVAL1
  GP16C2Tn_CCVAL2
  GP16C2Tn_BDCFG
  GP16C2Tn_DMAEN

V1.6                                                316/578
©                             http://www.essemi.com
                                                                                                        ES32F0100/0101/0131 

17. 5. 2 

17. 5. 2. 1  1GP16C2Tn_CON1

 1GP16C2Tn_CON1
00H
00000000_00000000_00000000_00000000B

31 30 29 28 27 26 25 24 23 22 21 20 19 18 17 16 15 14 13 12 11 10 9 8 7 6 5 4 3 2 1 0

              Reserved
                                                               DBGSEL
                                                                                Reserved
                                                                                                     DFCKSEL
                                                                                                             APREN
                                                                                                                         Reserved
                                                                                                                                    SPMEN
                                                                                                                                          UERSEL
                                                                                                                                                DISUE
                                                                                                                                                      CNTEN

    Reserved  Bits 31-16   -- 
    DBGSEL      Bit 15               OEN
    Reserved                         
DFCKSEL<1:0>  Bits 14-10
               Bits 9-8   R/W
     ARPEN                           0
    Reserved     Bit 7               1
     SPMEN     Bits 6-4
                           -- 
    UERSEL       Bit 3               
                                     (INT_CLK)
      DISUE      Bit 2               (In)

                 Bit 1    R/W 00tDTS=tINT_CLK
                                     01tDTS=2*tINT_CLK
                                     10tDTS=4*tINT_CLK
                                     11
                                     
                                     

                          R/W
                                     0GP16C2Tn_AR 
                                     1GP16C2Tn_AR 

                           -- 
                                     
                                     0

                          R/W
                                     1
                                      CNTEN 
                                     
                                     (UEV)
                                     0 UI  DMA 
                                     

                          R/W ­
                                     ­ SGE  SGU 
                                     ­
                                     1 UI  DMA 
                                     

                          R/W 

V1.6                                            317/578
©                         http://www.essemi.com
CNTEN     Bit 0                                                ES32F0100/0101/0131 

                                 (UEV)
                                 0(UEV) 
                                 
                                 ­
                                 ­ SGE  SGU 
                                 ­
                                 
                                 1(UEV)
                                 ARPRESCCVALn 
                                  SGE  SGU 
                                 
                                 
                                 
                                 
                                 
                      R/W
                                 CNTEN 
                                 0
                                 1

17. 5. 2. 2  2GP16C2Tn_CON2

 2GP16C2Tn_CON2
04H
00000000_00000000_00000000_00000000B

31 30 29 28 27 26 25 24 23 22 21 20 19 18 17 16 15 14 13 12 11 10 9 8 7 6 5 4 3 2 1 0

          Reserved
                                                                         OISS2
                                                                               OISS1N
                                                                                     OISS1

                                                                                           Reserved
                                                                                                      MMSEL
                                                                                                                  CCDMASEL
                                                                                                                        CCUSEL
                                                                                                                              Reserved
                                                                                                                                   CCPCEN

Reserved  Bits 31-11   -- 
  OISS2     Bit 10                2 
OISS1N       Bit 9
                      R/W
  OISS1      Bit 8                OISS1 
                                  1 
                                 0 GOEN=0CH1N=0

                      R/W 1 GOEN=0CH1N=1
                                  BDCFG  LOCKLVL 
                                  1,2, 3 OISS1N 
                                  1 
                                 0 GOEN=0 CH1N 
                                 CH1=0

                      R/W
                                 1 GOEN=0 CH1N 
                                 CH1=1
                                  BDCFG  LOCKLVL 

V1.6                                        318/578
©                     http://www.essemi.com
  Reserved    Bit 7                                            ES32F0100/0101/0131 

MMSEL<2:0>  Bits 6-4              1,2, 3 OISS1N 
                       -- 
CCDMASEL      Bit 3
   CCUSEL     Bit 2              
  Reserved    Bit 1              
  CCPCEN      Bit 0              (TRGOUT) ADC 
                                 000­ SGE 
                                 (TRGOUT)
                                 (TRGOUT)
                                 001­ CNTEN 
                                 (TRGOUT)
                                  CON1  CNTEN
                                 
                                 TRGOUT 
                                  SMCON  MSCFG 
                      R/W 
                                 010­
                                 (TRGOUT)
                                 
                                 011­
                                  CH1I 
                                 (TRGOUT)
                                 100­CH1REF 
                                 (TRGOUT)
                                 101­CH2REF 
                                 (TRGOUT)
                                 110
                                 111
                                 / DMA 
                      R/W 0 CHn  CHnDMA 
                                 1 CHnDMA 
                                 /
                                 
                                 0/(CCPCEN =1)
                      R/W SGE  SGCOM 
                                 1/(CCPCEN =1)
                                 SGE  SGCOM  TRGI 
                                 
                      R/W 
                                 /
                                 (COM) SGE 
                      R/W SGCOM  TI 
                                 0CCnEN, CCnNE  CHnMOD 
                                 1CCnEN, CCnNE  CHnMOD 

V1.6                                        319/578
©                     http://www.essemi.com
                                                                                                        ES32F0100/0101/0131 

17. 5. 2. 3 GP16C2Tn_SMCON

GP16C2Tn_SMCON
08H
00000000_00000000_00000000_00000000B

31 30 29 28 27 26 25 24 23 22 21 20 19 18 17 16 15 14 13 12 11 10 9 8 7 6 5 4 3 2 1 0

                       Reserved
                                                                                               MSCFG
                                                                                                           TSSEL
                                                                                                                      Reserved
                                                                                                                                  SMODS

  Reserved  Bits 31-8   -- 
   MSCFG      Bit 7               /
TSSEL<2:0>                        00
  Reserved  Bits 6-4
              Bit 3    R/W 1TI
SMODS<2:0>                        
            Bits 2-0              
                                  
                                  
                                  000 0 (IT0)
                                  001 1 (IT1)
                                  010 2 (IT2)

                       R/W
                                  011 3 (IT3)
                                  100I1 (I1F_ED)
                                  101I1 
                                  110I2 
                                  111

                        -- 
                                  
                                  000­ CON1  CNTEN 
                                  
                                  001 1­/ I2 
                                   I1 
                                  010 2­/ I1 
                                   I2 
                                  011 3­/ I1 

                       R/W
                                   I2 
                                  
                                  100­(TI)
                                  
                                  101­(TI)
                                  
                                  ()
                                  110­ TI 

V1.6                                         320/578
©                      http://www.essemi.com
                                                                                                        ES32F0100/0101/0131 

                                                                ()
                                                                111 1­(TI) 
                                                                
                                                                 I1 
                                                                TSSEL='100'I1 
                                                                I1  1 
                                                                

17. 5. 2. 4 GP16C2Tn_IER

GP16C2Tn_IER
0CH
00000000_00000000_00000000_00000000B

31 30 29 28 27 26 25 24 23 22 21 20 19 18 17 16 15 14 13 12 11 10 9 8 7 6 5 4 3 2 1 0

          Reserved
                                                                 CH2OVI
                                                                        CH1OVI
                                                                                Reserved

                                                                                       BRKI
                                                                                               TRGI
                                                                                                      COMI
                                                                                                                Reserved
                                                                                                                         CH2I
                                                                                                                                 CH1I

                                                                                                                                        UI

Reserved  Bits 31-11  -- 
CH2OVI      Bit 10               2 

CH1OVI       Bit 9    W1 0 0 
Reserved     Bit 8              1 CH2 
             Bit 7               1 
  BRKI
             Bit 6    W1 0 0 
  TRGI                          1 CH1 
             Bit 5
  COMI     Bits 4-3   -- 
Reserved                        
             Bit 2
   CH2I               W1 0 0 
             Bit 1              1
   CH1I                         

                      W1 0 0 
                                1
                                

                      W1 0 0 
                                1

                      -- 
                                / 2 

                      W1 0 0 
                                1 CH2 
                                / 1 

                      W1 0 0 
                                1 CH1 

V1.6                                                          321/578
©                                       http://www.essemi.com
                               ES32F0100/0101/0131 

                      

UI        Bit 0       W1 0 0 

                      1

17. 5. 2. 5 GP16C2Tn_IDR

GP16C2Tn_IDR
10H
00000000_00000000_00000000_00000000B

31 30 29 28 27 26 25 24 23 22 21 20 19 18 17 16 15 14 13 12 11 10 9 8 7 6 5 4 3 2 1 0

          Reserved
                                                                 CH2OVI
                                                                        CH1OVI
                                                                                Reserved

                                                                                       BRKI
                                                                                               TRGI
                                                                                                      COMI
                                                                                                                Reserved
                                                                                                                         CH2I
                                                                                                                                 CH1I

                                                                                                                                        UI

Reserved  Bits 31-11  -- 
CH2OVI      Bit 10               2 

CH1OVI       Bit 9    W1 0 0 
Reserved     Bit 8              1 CH2 
             Bit 7               1 
  BRKI
             Bit 6    W1 0 0 
  TRGI                          1 CH1 
             Bit 5
  COMI     Bits 4-3   -- 
Reserved                        
             Bit 2
   CH2I               W1 0 0 
             Bit 1              1
   CH1I                         
             Bit 0
    UI                W1 0 0 
                                1
                                

                      W1 0 0 
                                1

                      -- 
                                / 2 

                      W1 0 0 
                                1 CH2 
                                / 1 

                      W1 0 0 
                                1 CH1 
                                

                      W1 0 0 
                                1

V1.6                                                          322/578
©                                       http://www.essemi.com
                                                                                                        ES32F0100/0101/0131 

17. 5. 2. 6 GP16C2Tn_IVS

GP16C2Tn_IVS
14H
00000000_00000000_00000000_00000000B

31 30 29 28 27 26 25 24 23 22 21 20 19 18 17 16 15 14 13 12 11 10 9 8 7 6 5 4 3 2 1 0

          Reserved
                                                                 CH2OVI
                                                                        CH1OVI
                                                                                Reserved

                                                                                       BRKI
                                                                                               TRGI
                                                                                                      COMI
                                                                                                                Reserved
                                                                                                                         CH2I
                                                                                                                                 CH1I

                                                                                                                                        UI

Reserved  Bits 31-11  -- 
CH2OVI      Bit 10              2 
                                IER  IDR 
CH1OVI       Bit 9
Reserved     Bit 8    R
             Bit 7             0 CH2 
  BRKI                         1 CH2 
             Bit 6              1 
  TRGI                          IER  IDR 
             Bit 5
  COMI     Bits 4-3   R
Reserved                       0 CH1 
             Bit 2             1 CH1 
   CH2I
             Bit 1    -- 
   CH1I      Bit 0             
    UI                          IER  IDR 

                      R
                               0
                               1
                               
                                IER  IDR 

                      R
                               0
                               1
                               
                                IER  IDR 

                      R
                               0
                               1

                      -- 
                               / 2 
                                IER  IDR 

                      R
                               0 CH2 
                               1 CH2 
                               / 1 
                                IER  IDR 

                      R
                               0 CH1 
                               1 CH1 

                      R 

V1.6                                        323/578
©                     http://www.essemi.com
                                                                                                        ES32F0100/0101/0131 

                                                                 IER  IDR 
                                                                0
                                                                1

17. 5. 2. 7 GP16C2Tn_RIF

GP16C2Tn_RIF
18H
00000000_00000000_00000000_00000000B

31 30 29 28 27 26 25 24 23 22 21 20 19 18 17 16 15 14 13 12 11 10 9 8 7 6 5 4 3 2 1 0

          Reserved
                                                               CH2OVI
                                                                      CH1OVI
                                                                              Reserved

                                                                                     BRKI
                                                                                             TRGI
                                                                                                    COMI
                                                                                                                Reserved
                                                                                                                           CH2I
                                                                                                                                  CH1I

                                                                                                                                          UI

Reserved  Bits 31-11  -- 
CH2OVI      Bit 10
CH1OVI       Bit 9       2
Reserved     Bit 8
             Bit 7             CH1OVI
  BRKI                R
             Bit 6
  TRGI                         0
             Bit 5
  COMI                   1 CH2 

                         1

                         CH1I

                      R  CCVAL11

                         ICR

                         0
                         1 CH1 

                      -- 

                         

                          1 ICR

                      R 

                         0

                         1

                         

                         (-

                               )
                      R

                                1 ICR 

                         0

                         1

                         

                         (/

                      R  CCnEN, CCnNE, CHnMOD )

                          1 ICR 

                         0

V1.6                                                         324/578
©                                      http://www.essemi.com
Reserved  Bits 4-3                                            ES32F0100/0101/0131 
   CH2I     Bit 2
   CH1I     Bit 1              1
                      -- 
    UI      Bit 0
                               / 2 
                                CH1I 
                      R
                               0
                               1/ 2 
                               / 1 
                                CH1 :
                                CCVAL1  CCVAL1
                                AR 
                                1 ICR 
                               0
                      R 1/ 1 
                                CH1 :
                                CCVAL1 
                                I1  1
                               ICR 
                               0
                               1/ 1 
                               
                                CON1  UERSELDISUE  0
                               
                               -  ( 0 
                               )
                      R
                               -  SGE  SGU 
                               
                               - 
                               0
                               1

17. 5. 2. 8 GP16C2Tn_IFM

GP16C2Tn_IFM
1CH
00000000_00000000_00000000_00000000B

31 30 29 28 27 26 25 24 23 22 21 20 19 18 17 16 15 14 13 12 11 10 9 8 7 6 5 4 3 2 1 0

          Reserved
                                                               CH2OVI
                                                                      CH1OVI
                                                                              Reserved

                                                                                     BRKI
                                                                                             TRGI
                                                                                                    COMI
                                                                                                                Reserved
                                                                                                                           CH2I
                                                                                                                                  CH1I

                                                                                                                                          UI

Reserved  Bits 31-11  -- 
CH2OVI      Bit 10    R 2

V1.6                                             325/578
©                          http://www.essemi.com
                                     ES32F0100/0101/0131 

                       CH1OVI

                       0

                       1 CH2 

                       1

                       IVS1CH1I

CH1OVI    Bit 9     R  CCVAL1
Reserved  Bit 8
          Bit 7        1ICR
  BRKI
                       0
                       1 CH1 

                    -- 

                       

                        IVS  1 

                    R  1 ICR 

                       0

                       1

                       

                        IVS  1 (

                       -

TRGI      Bit 6     R ) 1 ICR 

                       

                       0

                       1

                       

                        IVS  1 (

                       / CCnEN, CCnNE

COMI      Bit 5     R  CH1MOD ) 1 ICR

                       

                       0

                       1

Reserved  Bits 4-3  -- 
   CH2I     Bit 2
                       / 2 

                              CH1I 
                    R

                             0

                       1/ 2 

                       / 1 

                        IVS  1 

                        CH1 :

                        CCVAL1  CCVAL1

CH1I      Bit 1               AR 
                    R

                              1 ICR 

                       0

                       1/ 1 

                        CH1 :

                        CCVAL1 

V1.6                                                       326/578
©                                    http://www.essemi.com
                                  ES32F0100/0101/0131 

                             I1  1

                            ICR 

                            0

                            1/ 1 

                            

                             CON1  UERSELDISUE  0

                            

                            -  ( 0 

UI        Bit 0       R     )

                            -  SGE  SGU 

                            

                            - 

                            0

                            1

17. 5. 2. 9 GP16C2Tn_ICR

GP16C2Tn_ICR
20H
00000000_00000000_00000000_00000000B

31 30 29 28 27 26 25 24 23 22 21 20 19 18 17 16 15 14 13 12 11 10 9 8 7 6 5 4 3 2 1 0

          Reserved
                                                               CH2OVI
                                                                      CH1OVI
                                                                              Reserved

                                                                                     BRKI
                                                                                             TRGI
                                                                                                    COMI
                                                                                                                Reserved
                                                                                                                           CH2I
                                                                                                                                  CH1I

                                                                                                                                          UI

Reserved  Bits 31-11    --  
CH2OVI      Bit 10    C_W1   2 
                            00
CH1OVI       Bit 9    C_W1  1 CH2 
Reserved     Bit 8      --   1 
             Bit 7          00
  BRKI                C_W1  1 CH1 
             Bit 6          
  TRGI                C_W1  
             Bit 5          0 0 
  COMI                C_W1  1
                            
                            0 0 
                            1
                            
                            0 0 
                            1

V1.6                                                    327/578
©                                 http://www.essemi.com
                           ES32F0100/0101/0131 

Reserved  Bits 4-3     --  
   CH2I     Bit 2    C_W1  / 2 
   CH1I     Bit 1    C_W1  0 0 
    UI      Bit 0    C_W1  1 CH2 
                           / 1 
                           0 0 
                           1 CH1 
                           
                           0 0 
                           1

17. 5. 2. 10 GP16C2Tn_SGE

GP16C2Tn_SGE
24H
00000000_00000000_00000000_00000000B

31 30 29 28 27 26 25 24 23 22 21 20 19 18 17 16 15 14 13 12 11 10 9 8 7 6 5 4 3 2 1 0

                     Reserved
                                                                                           SGBR K
                                                                                                 SGTRG
                                                                                                      SGCOM
                                                                                                               Reserved
                                                                                                                       SGCH2
                                                                                                                             SGCH1

                                                                                                                                  SGU

Reserved  Bits 31-8  -- 
 SGBRK      Bit 7              
 SGTRG      Bit 6              
                               
SGCOM       Bit 5
Reserved  Bits 4-3   W1
                               0
                               1GOENBRKI
                               DMA
                               
                               
                               

                     W1
                               0
                               1 RIF  TRGI 
                                DMA 
                               
                               
                               

                     W1 0
                               1 CCPCEN  1 CCnEN, CCnNE
                                CHnMOD
                               

                     -- 

V1.6                                                     328/578
©                                  http://www.essemi.com
                                                                        ES32F0100/0101/0131 

SGCH2                                 Bit 2             2 /
SGCH1                                 Bit 1  W1
                                      Bit 0
 SGU                                                    SGCH1 

                                                  1 /

                                                  CH1 :

                                                 / DMA

                                                 

                                                 

                                                 0 0 

                                             W1  1/ 1 
                                                  CH1 :

                                                  CCVAL1 

                                                  I1  DMA

                                                 

                                                 

                                                 0 0 

                                                 1/ 1 

                                                 

                                                 

                                             W1 0

                                                 1

                                                 

17. 5. 2. 11 / 1GP16C2Tn_CHMR1

/ 1GP16C2Tn_CHMR1
28H
00000000_00000000_00000000_00000000B

31 30 29 28 27 26 25 24 23 22 21 20 19 18 17 16 15 14 13 12 11 10 9 8 7 6 5 4 3 2 1 0

                            Reserved               CH2MOD  CH2PEN       CC2SSEL  Reserved  CH1MOD  CH1PEN       CC1SSEL
                                                                CH2FEN                                  CH1FEN

                  Reserved                         I2FLT   I2PRES                          I1FLT   I1PRES

                            Bits 31-15        -- 
        Reserved            Bits 14-12                   2 

    CH2MOD<2:0>                Bit 11        R/W
        CH2PEN                                           CH1MOD 
                                                         2 

                                             R/W
                                                         CH1PEN 

V1.6                                                                                                             329/578
©                                                                                          http://www.essemi.com
                        ES32F0100/0101/0131 

    CH2FEN     Bit 10               2 
CC2SSEL<1:0>  Bits 9-8  R/W
               Bits 7
    Reserved                        CH1FEN 
              Bits 6-4             / 2 
CH1MOD<2:0>                         CCEP 
                Bit 3               CC2EN  0 
    CH1PEN      Bit 2              00
    CH1FEN              R/W
                                   01 I2
                                   10 I1
                                   11 ITn  I1 
                                   
                         -- 
                                    1 
                                    CH1REF CH1  CH1N 
                                   CH1REF  CCEP 
                                   CC1POL  CC1NPOL 
                                   000­
                                   001­ CCVAL1
                                   CH1REF  1
                                   010­ CCVAL1
                                   CH1REF  0
                                   011­ CCVAL1 
                                   CH1REF (/
                        R/W
                                   /)
                                   100­CH1REF 
                                   101­CH1REF 
                                   110PWM  1­
                                   CCVAL1 
                                    CCVAL1 
                                   
                                   111PWM  2­
                                   CCVAL1 
                                    CCVAL1 
                                   
                                    1 
                                    CCVAL1
                        R/W  CCVAL1 
                                   0CCVAL1 
                                   1CCVAL1 
                                    1 
                                   
                                   0CH1  CCVAL1 
                        R/W
                                   
                                    CH1  5 
                                   

V1.6                                          330/578
©                       http://www.essemi.com
                           ES32F0100/0101/0131 

CC1SSEL<1:0>   Bits 1-0               1
                                      CH1 
                                       CH1 
                                       3 CH1FEN 
                                       PWM1  PWM2 
                                      / 1 
                                       CCEP 
                                       CC1EN  0 
                                      00
                           R/W
                                      01 I1
                                      10 I2
                                      11 ITn  I1 
                                      



    Reserved   Bits 31-16   -- 
   I2FLT<3:0>  Bits 15-12             2
 I2PRES<1:0>   Bits 11-10
CC2SSEL<1:0>               R/W
                Bits 9-8              I1FLT
   I1FLT<3:0>                          2 
                Bits 7-4
                           R/W
                                       I1PRES 
                                      / 2 
                                       CCEP 
                                       CC2EN  0 
                                      00

                           R/W
                                      01 I2
                                      10 I1
                                      11 ITn  I1 
                                      
                                       1 
                                       I1 
                                       N 
                                      
                                      0000 fDTS
                                      0001 fINT_CLK, N = 2
                                      0010 fINT_CLK, N = 4

                           R/W 0011 fINT_CLK, N = 8
                                      0100 fDTS / 2, N = 6
                                      0101 fDTS / 2, N = 8
                                      0110 fDTS / 4, N = 6
                                      0111 fDTS / 4, N = 8
                                      1000 fDTS / 8, N = 6
                                      1001 fDTS / 8, N = 8
                                      1010 fDTS / 16, N = 5

V1.6                                             331/578
©                          http://www.essemi.com
 I1PRES<1:0>  Bits 3-2                                            ES32F0100/0101/0131 
CC1SSEL<1:0>  Bits 1-0
                                    1011 fDTS / 16, N = 6
                                    1100 fDTS / 16, N = 8
                                    1101 fDTS / 32, N = 5
                                    1110 fDTS / 32, N = 6
                                    1111 fDTS / 32, N = 8
                                     1 
                                     I1  CCEP 
                                     CC1EN 
                         R/W 00
                                    01 2 
                                    10 4 
                                    11 8 
                                    / 1 
                                     CCEP 
                                     CC1EN  0 
                                    00
                         R/W
                                    01 I1
                                    10 I2
                                    11 ITn  I1 
                                    

17. 5. 2. 12 /GP16C2Tn_CCEP

/GP16C2Tn_CCEP
30H
00000000_00000000_00000000_00000000B

31 30 29 28 27 26 25 24 23 22 21 20 19 18 17 16 15 14 13 12 11 10 9 8 7 6 5 4 3 2 1 0

                         Reserved
                                                                                               CC2NPOL
                                                                                                     Reserved
                                                                                                          CC2POL

                                                                                                                CC2EN
                                                                                                                      CC1NPOL

                                                                                                                           CC1NE
                                                                                                                                 CC1POL
                                                                                                                                      CC1EN

Reserved      Bits 31-8   -- 
CC2NPOL         Bit 7               / 2 
Reserved        Bit 6
 CC2POL         Bit 5    R/W
                Bit 4                CC1NPOL 
 CC2EN
                Bit 3     -- 
CC1NPOL                             / 2 

                         R/W
                                     CC1POL 
                                    / 2 

                         R/W
                                     CC1EN 
                                    / 2 

                         R/W  CH1 :
                                    0CH1N 

V1.6                                           332/578
©                        http://www.essemi.com
               ES32F0100/0101/0131 

CC1NE   Bit 2             1CH1N 
CC1POL  Bit 1              CH1 :
CC1EN   Bit 0              CC1POL 
                           CC1POL 
                          
                           GP16C2Tn_CON2  CCPCEN 
                           1 COM CC1NPOL
                          
                           GP16C2Tn_BDCFG 
                          LOCKLVL  2  3
                          CC1SSEL=00
                          / 1 
                          0 - CH1N CH1N  GOEN,
                          OFFSSI, OFFSSR, OISS1, OISS1N  CC1EN 
                          
                          1 - CH1N 
               R/W  GOEN, OFFSSI, OFFSSR, OISS1, OISS1N 
                          CC1EN 
                          
                           GP16C2Tn_CON2  CCPCEN 
                           1 COM CC1NE
                          
                          / 1 
                           CH1 :
                          0CH1 
                          1CH1 
                           CH1 :
                          CC1NPOL/CC1POL 
                           I1  I2 
                          00/
                          01/
               R/W
                          10
                          11/+
                          
                           GP16C2Tn_CON2  CCPCEN 
                           1 COM CC1POL
                          
                           GP16C2Tn_BDCFG  LOCKLVL
                           2  3 CC1SSEL=00
                          
                          / 1 
                           CH1 :
               R/W
                          0 - CH1 CH1  GOEN,
                          OFFSSI, OFFSSR, OISS1, OISS1N  CC1NE 

V1.6                                 333/578
©              http://www.essemi.com
                                                                                                        ES32F0100/0101/0131 

                                                                
                                                                1 - CH1 
                                                                GOEN, OFFSSI, OFFSSR, OISS1, OISS1N 
                                                                CC1NE 
                                                                 CH1 :
                                                                0
                                                                1
                                                                
                                                                 GP16C2Tn_CON2  CCPCEN 
                                                                 1 COM CC1EN
                                                                

17. 5. 2. 13 GP16C2Tn_COUNT

GP16C2Tn_COUNT
34H
00000000_00000000_00000000_00000000B

31 30 29 28 27 26 25 24 23 22 21 20 19 18 17 16 15 14 13 12 11 10 9 8 7 6 5 4 3 2 1 0

            Reserved                    CNT V

  Reserved            Bits 31-16   -- 
CNTV<15:0>            Bits 15-0   R/W 

17. 5. 2. 14 GP16C2Tn_PRES

GP16C2Tn_PRES
38H
00000000_00000000_00000000_00000000B

31 30 29 28 27 26 25 24 23 22 21 20 19 18 17 16 15 14 13 12 11 10 9 8 7 6 5 4 3 2 1 0

            Reserved                    PSCV

  Reserved            Bits 31-16   -- 
PSCV<15:0>            Bits 15-0              
                                             fINT_CLK/(PSCV<15:0>

                                  R/W
                                             + 1)PSCV
                                             

V1.6                                                                 334/578
©                                              http://www.essemi.com
                                                                                                        ES32F0100/0101/0131 

17. 5. 2. 15 GP16C2Tn_AR

GP16C2Tn_AR
3CH
00000000_00000000_11111111_11111111B

31 30 29 28 27 26 25 24 23 22 21 20 19 18 17 16 15 14 13 12 11 10 9 8 7 6 5 4 3 2 1 0

           Reserved
                                                                                                     ARV

 Reserved  Bits 31-16   -- 
ARV<15:0>  Bits 15-0              

                       R/W  0 
                                  

17. 5. 2. 16 GP16C2Tn_REPAR

GP16C2Tn_REPAR
40H
00000000_00000000_00000000_00000000B

31 30 29 28 27 26 25 24 23 22 21 20 19 18 17 16 15 14 13 12 11 10 9 8 7 6 5 4 3 2 1 0

                       Reserved
                                                                                                                 REPV

 Reserved  Bits 31-8    -- 
REPV<7:0>  Bits 7-0               
                                  
                                  
                                  
                                  REPV_CNT  0
                                   REPV 
                                  REPV_CNT 

                       R/W REPV 
                                   GP16C2Tn_REPAR 
                                  
                                   PWM REPV+1
                                  ­ REPV+1 PWM
                                  
                                  ­ REPV+11/2
                                  PWM

V1.6                                                                                                                            335/578
©                                                                                                         http://www.essemi.com
                                                                                                        ES32F0100/0101/0131 

17. 5. 2. 17 / 1GP16C2Tn_CCVAL1

/ 1GP16C2Tn_CCVAL1
44H
00000000_00000000_00000000_00000000B

31 30 29 28 27 26 25 24 23 22 21 20 19 18 17 16 15 14 13 12 11 10 9 8 7 6 5 4 3 2 1 0

             Reserved
                                                                                                       CCRV 1

   Reserved  Bits 31-16   -- 
CCRV1<15:0>  Bits 15-0              / 1
                                     CHn 
                                    CCRVn /
                                    
                                    GP16C2Tn_CHMR1
                                    CCRVn

                         R/W 
                                    //
                                    GP16C2Tn_COUNT
                                    CHn
                                    CHn
                                    CCRVnIn
                                    

17. 5. 2. 18 / 2GP16C2Tn_CCVAL2

/ 2GP16C2Tn_CCVAL2
48H
00000000_00000000_00000000_00000000B

31 30 29 28 27 26 25 24 23 22 21 20 19 18 17 16 15 14 13 12 11 10 9 8 7 6 5 4 3 2 1 0

             Reserved
                                                                                                       CCRV 2

   Reserved  Bits 31-16   -- 
CCRV2<15:0>  Bits 15-0              /2
                                    CCRVn /

                         R/W 
                                    GP16C2Tn_CHMR1
                                    CCRVn

V1.6                                                                                                                                 336/578
©                                                                                                              http://www.essemi.com
                                                                                                        ES32F0100/0101/0131 

                                                                
                                                                //
                                                                GP16C2Tn_COUNT
                                                                CHn
                                                                CHn
                                                                CCRVnIn
                                                                

17. 5. 2. 19 GP16C2Tn_BDCFG

GP16C2Tn_BDCFG
54H
00000000_00000000_00000000_00000000B

31 30 29 28 27 26 25 24 23 22 21 20 19 18 17 16 15 14 13 12 11 10 9 8 7 6 5 4 3 2 1 0

          Reserved
                                                         GOEN
                                                               AOEN
                                                                     BRKP
                                                                          BRKEN

                                                                                OFFSSR
                                                                                      OFFSSI
                                                                                              LOCKLVL

                                                                                                                          DT

Reserved  Bits 31-16   -- 
  GOEN      Bit 15               
  AOEN       Bit14               
  BRKP      Bit 13               11AOEN
                                 

                      R/W
                                 0CHnCHnN
                                 1CHnCHnN1
                                 GP16C2Tn_CCEPCCnEN,
                                 CCnNECHnCHnN
                                 
                                  GOEN 
                                 0GOEN 
                                 1

                      R/W
                                 GOEN 
                                  GP16C2Tn_BDCFG 
                                 LOCKLVL  1
                                 
                                 
                                 0 BRKP 
                                 1 BRKP 

                      R/W  GP16C2Tn_BDCFG 
                                 LOCKLVL  1
                                 
                                  1  APB 

V1.6                                        337/578
©                     http://www.essemi.com
                        ES32F0100/0101/0131 

     BRKEN     Bit 12              
    OFFSSR     Bit 11              
     OFFSSI    Bit 10              0BRKP  CCS 
                                   1BRKP  CCS 
LOCKLVL<1:0>  Bits 9-8              GP16C2Tn_BDCFG 
                        R/W
                                   LOCKLVL  1
                                   
                                    1  APB 
                                   
                                   
                                    GOEN  1 
                                   CCnEN  1  CCnNE  1 
                                   CHn/CHnN  CCxPOL/CCxNPOL
                        R/W 0CHn/CHnN 
                                   =0
                                   1 CCxPOL/CCxNPOL
                                    GP16C2Tn_BDCFG  LOCKLVL
                                    2
                                   
                                    GOEN  0 
                                   CCnEN  1  CCnNE  1 CHn/CHnN
                                   
                                   0CHn/CHnN 
                        R/W
                                   =0
                                   1(OISSx
                                   /OISSxN)
                                    GP16C2Tn_BDCFG  LOCKLVL
                                    2
                                   
                                   
                                   00­
                                   01 1 = BDCFG  DTCON2
                                    OISSx  OISSxN BDCFG 
                                    BRKEN/BRKP/AOEN 
                                   10 2 =  1 + CC CCEP
                                    CCnPOL/CCnNPOL
                        R/W
                                    CCnSSEL  OFFSSR 
                                   OFFSSI 
                                   11 3 =  2 + CC 
                                   CHMR1  CHnMOD  CHnPEN
                                    CCnSSEL 
                                   
                                    BDCFG 
                                   

V1.6                                          338/578
©                       http://www.essemi.com
                          ES32F0100/0101/0131 

DT<7:0>   Bits 7-0   R/W  
                          
                          DT 
                          DT<7:5>=0xx => DT=DT<7:0>x tdtg
                          tdtg=tDTS
                          DT<7:5>=10x => DT=64+DT<5:0>xtdtg
                          tdtg=2xtDTS
                          DT<7:5>=110=> DT=32+DT<4:0>xtdtg
                          tdtg=8xtDTS
                          DT<7:5>=111 => DT=32+DT<4:0>xtdtg
                          tdtg=16xtDTS
                           GP16C2Tn_BDCFG 
                          LOCKLVL  12  3
                          

17. 5. 2. 20 DMAGP16C2Tn_DMAEN

DMA GP16C2Tn_DMAEN
58H
00000000_00000000_00000000_00000000B

31 30 29 28 27 26 25 24 23 22 21 20 19 18 17 16 15 14 13 12 11 10 9 8 7 6 5 4 3 2 1 0

                     Reserved
                                                                                              TRGIDE
                                                                                                   COMDE
                                                                                                            Reserved
                                                                                                                    CH2DE
                                                                                                                          CH1DE

                                                                                                                                UD E

Reserved  Bits 31-7   -- 
TRGIDE      Bit 6               DMA

COMDE       Bit 5    R/W 0DMA
Reserved  Bits 4-3              1DMA
 CH2DE                           DMA 
            Bit 2
 CH1DE               R/W 0 DMA 
            Bit 1               1 DMA 
   UDE
            Bit 0     -- 
                                / 2 DMA 

                     R/W 0/ 2 DMA 
                                1/ 2 DMA 
                                / 1 DMA 

                     R/W 0/ 1 DMA 
                                1/ 1 DMA 
                                 DMA 

                     R/W 0 DMA 
                                1 DMA 

V1.6                                            339/578
©                         http://www.essemi.com
                                                                                                        ES32F0100/0101/0131 

                                    18 (BS16T)
18. 1 

        BS16T 16 
         APB 
        

18. 2 

       16 
       16  1  65536 
       /DMA 

18. 3 

PCLK1                               
                                       +/- 
                                  
       

                                          18-1 

18. 4 

18. 4. 1 

                   16-bit      BS16Tn_COUNT            
            BS16Tn_PRESBS16Tn_AR
            BS16Tn_AR BS16Tn_CON1 
            ARPEN  0 BS16Tn_AR BS16Tn_AR 
            ARPEN  1 BS16Tn_AR UEV
            BS16Tn_AR 
             BS16Tn_CON1  DISUE  0 

V1.6                                                      340/578
©                                   http://www.essemi.com
                                                                                                        ES32F0100/0101/0131 

            UEVBS16Tn_CON1  CNTEN
            

 CNTEN  1 

                           BS16Tn_PRES     +1      
            BS16Tn_PRES 
            UEV
            



        2A  2B 2C  2D  0                    1        2

        0              1  2  0              1  2  0     1

            
            
        0
              2


 CNTEN                                    
                                          

                    18-2 

18. 4. 2 

            PCLK1

              CNTEN BS16Tn_CON1  SGU BS16Tn_SGE 
              SGU  CNTEN '1'
               PCLK1 

18. 4. 3 

             0 BS16Tn_AR 
             0 

             BS16Tn_CON1  DISUE UEV
            UEVDISUE
            '0' 0
             BS16Tn_CON1  UERSEL
             SGU UEV UEVTIF 
             DMA 

            BS16Tn_RIF 
            UEVTIF  UERSEL 

                    BS16Tn_AR 

V1.6                                                                    341/578
©                                                 http://www.essemi.com
                                                                                                        ES32F0100/0101/0131 

                    BS16Tn_PRES 

18. 4. 4 

            CortexTM-M ,

18. 5 

18. 5. 1 

BS16T                                     
                 000H   1
                 004H  
BS16Tn_CON1      00CH  
Reserved         010H  
BS16Tn_IER       014H  
BS16Tn_IDR       018H  
BS16Tn_IVS       01CH  
BS16Tn_RIF       020H  
BS16Tn_IFM       024H  
BS16Tn_ICR       034H  
BS16Tn_SGE       038H  
BS16Tn_COUNT     03CH  
BS16Tn_PRES      058H  DMA 
BS16Tn_AR
BS16Tn_DMAEN

V1.6                                         342/578
©                      http://www.essemi.com
                                                                                                        ES32F0100/0101/0131 

18. 5. 2 

18. 5. 2. 1  1BS16Tn_CON1

 1BS16Tn_CON1
000H
00000000_00000000_00000000_00000000B

31 30 29 28 27 26 25 24 23 22 21 20 19 18 17 16 15 14 13 12 11 10 9 8 7 6 5 4 3 2 1 0

                    Reserved
                                                                                            APREN
                                                                                                       Reserved
                                                                                                                   SPMEN
                                                                                                                         UERSEL
                                                                                                                               DISUE
                                                                                                                                    CNTEN

Reserved  Bit 31-8    - 
 APREN      Bit7               
Reserved
 SPMEN    Bit 6-4   R/W 0BS16Tn_AR 
            Bit 3              1BS16Tn_AR 

UERSEL    Bit 2       - 
                               
DISUE     Bit1                 0

CNTEN     Bit0      R/W
                               1CNTEN 
V1.6                           
©                              
                                1  UEV 
                               0 DMA 
                                DMA 

                    R/W ­/
                               ­ SGU 
                               ­
                               1 DMA 
                               / DMA 
                               
                                1 / UEV 
                               
                               0UEV . UEV
                               
                               ­ /

                    R/W ­ SGU 
                               ­
                               
                               1UEV .
                               ARPSCV
                               
                               

                    R/W CNTEN

                                                                                                  343/578
                                                                           http://www.essemi.com
                                  ES32F0100/0101/0131 

      0
      1
       CNTEN 
      
       CNTEN 

V1.6                        344/578
©     http://www.essemi.com
                                                                                                        ES32F0100/0101/0131 

18. 5. 2. 2 BS16Tn_IER

BS16Tn_IER
00CH
00000000_00000000_00000000_00000000B

31 30 29 28 27 26 25 24 23 22 21 20 19 18 17 16 15 14 13 12 11 10 9 8 7 6 5 4 3 2 1 0

                    Reserved     UIT

Reserved  Bit 31-1   - 
    UIT     Bit 0             

                    W1 0
                              1

18. 5. 2. 3 BS16Tn_IDR

BS16Tn_IDR
010H
00000000_00000000_00000000_00000000B

31 30 29 28 27 26 25 24 23 22 21 20 19 18 17 16 15 14 13 12 11 10 9 8 7 6 5 4 3 2 1 0

                    Reserved     UI

Reserved  Bit 31-1   - 
    UI      Bit 0             

                    W1 0
                              1

V1.6                                                   345/578
©                                http://www.essemi.com
                                                                                                        ES32F0100/0101/0131 

18. 5. 2. 4 BS16Tn_IVS

BS16Tn_IVS
014H
00000000_00000000_00000000_00000000B

31 30 29 28 27 26 25 24 23 22 21 20 19 18 17 16 15 14 13 12 11 10 9 8 7 6 5 4 3 2 1 0

                    Reserved
                                                                                                                UEI

Reserved  Bit 31-1  - 
   UEI      Bit 0            
                             0

                    R
                             1
                             IER/IDR  1 

V1.6                                      346/578
©                   http://www.essemi.com
                                                                                                        ES32F0100/0101/0131 

18. 5. 2. 5 BS16Tn_RIF

BS16Tn_RIF
018H
00000000_00000000_00000000_00000000B

31 30 29 28 27 26 25 24 23 22 21 20 19 18 17 16 15 14 13 12 11 10 9 8 7 6 5 4 3 2 1 0

                    Reserved
                                                                                                                UEVTIF

Reserved  Bit 31-1  - 
 UEVTIF     Bit 0            
                             
                              BS16Tn_ICR  1 
                             .
                             0.
                             1. 
                             
                             ­

                    R
                             =0 BS16Tn_CON1 
                             DISUE=0
                             ­ BS16Tn_SGE  SGU 
                              CNT  BS16Tn_CON1
                              UERSEL=0  DISUE=0
                             ­ CNT 
                             BS16Tn_CON1  UERSEL=0 
                             DISUE=0

V1.6                                      347/578
©                   http://www.essemi.com
                                                                                                        ES32F0100/0101/0131 

18. 5. 2. 6 BS16Tn_IFM

BS16Tn_IFM
01CH
00000000_00000000_00000000_00000000B

31 30 29 28 27 26 25 24 23 22 21 20 19 18 17 16 15 14 13 12 11 10 9 8 7 6 5 4 3 2 1 0

                          Reserved
                                                                                                                      UEI

Reserved  Bit 31-1  - 
   UEI      Bit 0            
                             
                              BS16Tn_ICR  1 
                             .
                             0.
                             1. 
                             :
                             ­

                    R
                             =0 BS16Tn_CON1 
                             DISUE=0
                             ­ BS16Tn_SGE  SGU 
                              CNT  BS16Tn_CON1
                              UERSEL=0  DISUE=0
                             ­ CNT 
                             BS16Tn_CON1  UERSEL=0 
                             DISUE=0

18. 5. 2. 7 BS16Tn_ICR

BS16Tn_ICR
020H
00000000_00000000_00000000_00000000B

31 30 29 28 27 26 25 24 23 22 21 20 19 18 17 16 15 14 13 12 11 10 9 8 7 6 5 4 3 2 1 0

                          Reserved
                                                                                                                      UEIC

Reserved  Bit 31-1     -  
  UEIC      Bit 0   C_W1  
                          0
                          1BS16Tn_RIF

V1.6                                            348/578
©                         http://www.essemi.com
                                                                                                        ES32F0100/0101/0131 

18. 5. 2. 8 BS16Tn_SGE

BS16Tn_SGE
024H
00000000_00000000_00000000_00000000B

31 30 29 28 27 26 25 24 23 22 21 20 19 18 17 16 15 14 13 12 11 10 9 8 7 6 5 4 3 2 1 0

                     Reserved
                                                                                                                 SGU

Reserved  Bit 31-1    - 
   SGU      Bit 0              
                               .

                     W1 0
                               1
                               

18. 5. 2. 9 BS16Tn_COUNT

BS16Tn_COUNT
034H
00000000_00000000_00000000_00000000B

31 30 29 28 27 26 25 24 23 22 21 20 19 18 17 16 15 14 13 12 11 10 9 8 7 6 5 4 3 2 1 0

          Reserved
                                                                                                      CNT V

Reserved  Bit 31-16    - 
  CNTV    Bit 15-0   R/W 

V1.6                                                                                                                               349/578
©                                                                                                            http://www.essemi.com
                                                                                                        ES32F0100/0101/0131 

18. 5. 2. 10 BS16Tn_PRES

BS16Tn_PRES
038H
00000000_00000000_00000000_00000000B

31 30 29 28 27 26 25 24 23 22 21 20 19 18 17 16 15 14 13 12 11 10 9 8 7 6 5 4 3 2 1 0

          Reserved
                                                                                                      PSCV

Reserved  Bit 31-16    - 
  PSCV    Bit 15-0              
                                CK_CNT= fCK_PSC /
                                PSCV<15:0> + 1

                     R/W 
                                BS16Tn_SGE  SGU 
                                PSCV 
                                

18. 5. 2. 11 BS16Tn_AR

BS16Tn_AR
03CH
00000000_00000000_11111111_11111111B

31 30 29 28 27 26 25 24 23 22 21 20 19 18 17 16 15 14 13 12 11 10 9 8 7 6 5 4 3 2 1 0

          Reserved
                                                                                                      ARRV

Reserved  Bit 31-16    - 
  ARRV    Bit 15-0              

                     R/W AR 
                                

V1.6                                                                                                                              350/578
©                                                                                                           http://www.essemi.com
                                                                                                        ES32F0100/0101/0131 

18. 5. 2. 12 DMABS16Tn_DMAEN

DMA BS16Tn_DMAEN
058H
00000000_00000000_00000000_00000000B

31 30 29 28 27 26 25 24 23 22 21 20 19 18 17 16 15 14 13 12 11 10 9 8 7 6 5 4 3 2 1 0

                    Reserved
                                                                                                                UDEN

Reserved  Bit 31-1    - 
  UDEN      Bit 0              DMA 

                    R/W 0DMA 
                               1DMA 

V1.6                                                        351/578
©                                     http://www.essemi.com
      ES32F0100/0101/0131 

                              19 I2C0~1

19. 1 

        I2C  I2C 
         100kHz  400kHz  SMBus 2.0
         CRC  I2C  DMA  CPU 

19. 2 

       
       
        I2C 

             
        7 10 
       100kHz  400kHz 
       

                 /
                 
                  I2C 
       
                 
                 
                 
                 
        2 
                 /
                 
       
        DMA  1 
       PEC PEC 
            PEC  PEC 
        SMBus 2.0 
                 SCL  25ms
                  SCL  10ms
                  SCL  25ms
                  PEC  PEC 
                 

V1.6                        352/578
©     http://www.essemi.com
                                     ES32F0100/0101/0131 

                  SMBus

19. 3 

                                SCL  SCL
           CKCFG                     SMBA
                                      SDA
DMA                       CON1CON2
DMA ACK
                               
                         STAT1STAT2

                         SDA
         

 PEC           
PEC
         
          

                          19-1 I2C 

V1.6                                                       353/578
©                                    http://www.essemi.com
                       ES32F0100/0101/0131 

19. 4 

        I2C SCLSDA
        100kHz 400kHz 

19. 4. 1 

            I2C 

            
            
            
            
            7  10 
            
            I2C 8 MSB 
            7  10 1
             2  8 MSB 7 
            10  8
             9 
            ACK

            

SDA

            MSB        ACK

SCL

            1    2  8  9

     Start                  Stop

                                                  19-2 I2C 

            

19. 4. 2 I2C

             I2C  I2C_CON1.START 
            
            

            I2C 
            

V1.6                                              354/578
©                           http://www.essemi.com
                                                                    ES32F0100/0101/0131 
I2C_CON2

I2C_CKCFG
I2C_RT


I2C_CON1

I2C_CON1.START

                                             19-3 I2C 

 2MHz 4MHz

            
             I2C_STAT2.BSYF  0  I2C_CON1.START
              1             I2C               
            I2C_STAT2.MASTER 

             I2C  I2C_CON1.START  1 
            

            I2C_STAT1.SENDSTR  1 I2C_CON2.EVTIE 
            1  I2C_STAT1 
             I2C_DATA 

            

             SDA 

                  10 
                  - I2C_STAT1.SENDADD10  1  I2C_CON2.EVTIE  1 
                       I2C_STAT1
                       I2C_DATA 
                  - I2C_STAT1.ADDR  1  I2C_CON2.EVTIE  1 
                       I2C_STAT1  I2C_STAT2 
                      

                  7 
                  - I2C_STAT1.ADDR  1  I2C_CON2.EVTIE  1 
                       I2C_STAT1  I2C_STAT2 

V1.6                                  355/578
©               http://www.essemi.com
                                                                                         ES32F0100/0101/0131 

           LSB 
          

      7 
          
           1

      10  8 
          
           8 
          
          I2C_STAT2.TRF 


 I2C_STAT1.ADDR  1
I2C_STAT1.ADDR  0 I2C_DATA 
 SDA  I2C_STAT1.ADDR  0 
I2C_DATA

I2C_STAT1.TXBE  1
         I2C_CON2.EVTIE  I2C_CON2.BUFIE    1  
I2C_STAT1.TXBE  1 

I2C_STAT1.TXBE                           
I2C_DATA  I2C_STAT1.BTC  I2C_STAT1.BTC
 0 SCL I2C_STAT1.BTC  0  I2C_STAT1
 I2C_DATA  I2C_STAT1.BTC
 0

 I2C_DATA  I2C_CON1.STOP  1 


 I2C_STAT1.TXBE  I2C_STAT1.BTC  1  EV8_2 


V1.6                        356/578
©     http://www.essemi.com
                       ES32F0100/0101/0131 

   7                   10                                                                                        

       S+EV5                 S+EV5
            /W                  

    A+EV6+EV8                 +EV9
          1+EV8                   /W
            
          2+EV8         A+EV6+EV8_1
                               1+EV8
                                  
                               2+EV8
                                  
                                                                                                    ...... ...
   ...... ...

          N                   N
    +EV8_2              +EV8_2

        P                   P

                                                                                                                             .

                                            19-4 

 1S=SR=P=A=
 2EVx= EVTIE=1 
 3EV5 I2C_STAT1.SENDSTR=1  I2C_STAT1  I2C_DATA 

        
 4EV6 I2C_STAT1.ADDR=1  I2C_STAT1  I2C_STAT2 
 5EV8_1 I2C_STAT1.TXBE=1  I2C_DATA  1
 6EV8_2 I2C_STAT1.TXBE=1I2C_STAT1.BTC=1I2C_STAT1.TXBE 

        I2C_STAT1.BTC 
 7EV9 I2C_STAT1.SENDADD10=1  I2C_STAT1 , I2C_DATA 
 8EV5EV6EV9EV8_1  EV8_2  SCL 
 9EV8  SCL 

V1.6                                                                                                                                  357/578
©                                                                                                               http://www.essemi.com
                                                                                         ES32F0100/0101/0131 


 I2C_STAT1.ADDR  1 I2C_STAT1.ADDR
 0 I2C  SDA 
 I2C_DATA  ACK 
 I2C_STAT1.RXBNE  1
                       I2C_CON2.EVTIE 
I2C_CON2.BUFIE  I2C_STAT1.RXBNE  1 

 I2C_STAT1.RXBNE  1  I2C_DATA 
 I2C_STAT1.BTC  1 SCL 
 I2C_DATA  I2C_STAT1.BTC 

 NACK ACK
 SCL  SDA 


1. 
       I2C_CON1.ACKEN 

2. / I2C_CON1.STOP 
      I2C_CON1.START  1

3.  EV6  I2C_STAT1.ADDR 
       EV6 



V1.6                        358/578
©     http://www.essemi.com
                ES32F0100/0101/0131 

  7             10                                                                                                 

  S+EV5                                                                                                  S+EV5
        /R                                                                                                  

  A+EV6                                                                                                   +EV9
        1                                                                                                      /R

                                                                                                          +EV6
     2+EV7                                                                                                SR+EV1
                                                                                                            
                                                                                                         A+EV6

                                                                                                .........      1
  .........                                                                                                  
   N+EV7_1                                                                                                  2+EV7
                                                                                                          +EV7

  P+EV7                                                                                                   N+EV7_1
                                                                                                            

                                                                                                         P+EV7

                                           19-5 

 1S=SR=P=A=NA=
 2EVx= EVTIE=1 
 3EV5 I2C_STAT1.SENDSTR=1  I2C_STAT1  I2C_DATA 

        
 4EV6 I2C_STAT1.ADDR=1  I2C_STAT1 , I2C_STAT2  10 

         I2C_CON1.START=1  I2C_CON2 1 
         EV6  I2C_STAT1.ADDR 
 5EV7 I2C_STAT1.RXBNE=1  I2C_DATA 
 6EV7_1 I2C_STAT1.RXBNE=1  I2C_DATA  I2C_CON1.ACKEN=0 
        I2C_CON1.STOP 
 7EV9 I2C_STAT1.SENDADD10=1  I2C_STAT1 , I2C_DATA 
 8 NA
 9EV5EV6  EV9  SCL 
 10EV7  SCL 
 11EV7_1  ACK 

             EV7_1  ACK 

            

                  I2C_CON1.ACKEN 

V1.6                                                                                                                             359/578
©                                                                                                          http://www.essemi.com
                                                                                         ES32F0100/0101/0131 

      I2C_CON1.STOP 
2 

              I2C_STAT1.ADDR = 1
              SCLI2C_STAT1.ADDR

               I2C_CON1.ACKENI2C_CON1.POSAP 

              I2C_STAT1.ADDR

              I2C_STAT1.BTC = 1
              1I2C_DATA2SCL
              1

              I2C_CON1.STOP

              12
                               19-6 I2C  2 

N > 2  N-2 

V1.6                        360/578
©     http://www.essemi.com
                                                                        ES32F0100/0101/0131 

I2C_STAT1.BTC = 1N-
2I2C_DATA N-1SCL
N-2

I2C_CON1.ACKEN

 N-2

I2C_STAT1.BTC = 1N-
1I2C_DATANSCL
N-1

I2C_CON1.STOP

                                               19-7 I2C  2

19. 4. 3 I2C

            I2C 
             I2C_CON2.CLKF 
             2MHz
             4MHz
             1  2  10
             I2C_ADDR1  I2C_ADDR2 I2C_ADDR2.DUALEN=1
             I2C_CON1.GCEN=1

 10 2 11110xx0 8  xx 
     

            

             1  2 
             10  I2C_CON1.ACKEN  1
             8 

            

            1. I2C_CON1.ACKEN  1
            2. I2C_STAT1.ADDR   1                      

                  I2C_CON2.EVTIE  1

V1.6                                 361/578
©              http://www.essemi.com
                                                                                         ES32F0100/0101/0131 

3.  I2C_ADDR2.DUALEN=1 I2C_STAT2.DMF 
      



I2C_STAT2.TRF 


I2C_STAT1.ADDR  I2C_STAT1.ADDR
 I2C_DATA  SDA 

 SCL  I2C_STAT1.ADDR  I2C_DATA 


I2C_STAT1.TXBE 
 I2C_CON2.EVTIE  I2C_CON2.BUFIE 
 1 I2C_STAT1.TXBE  1 

I2C_STAT1.TXBE                           
I2C_DATA  I2C_STAT1.BTC  I2C_STAT1.BTC
 0 SCL I2C_STAT1.BTC  0  I2C_STAT1
 I2C_DATA  I2C_STAT1.BTC
 0

   7                   10                                                                                        

             S                 S
               /R             

    A+EV1+EV3_1                 
           1+EV3                /R
              
           2+EV3           A+EV1
                              SR

                              
                       +EV1+EV3_1

                             1+EV3
                                

                             2+EV3
                                
                                                                                                    ...... ...
   ...... ...
           N
                                                            N
    P+EV3_2                                               
                                                     P+EV3_2

                                         19-8 I2C                                                                                     362/578
                                                                                                                http://www.essemi.com
 1S=SR=P=A=NA=

V1.6
©
                                                                                                        ES32F0100/0101/0131 

 2EVx= EVTIE=1 
 3EV1 I2C_STAT1.ADDR=1  I2C_STAT1  I2C_STAT2  I2C_STAT1.ADDR

        
 4EV3_1 I2C_STAT1.TXBE=1  I2C_DATA  1
 5EV3 I2C_STAT1.TXBE=1  I2C_DATA 
 6EV3_2 ACKERR=1  I2C_STAT1.ACKERR  0 
 7EV1  EV3_1  SCL 
 8EV3  SCL 

            
            I2C_STAT1.ADDR  I2C_STAT1.ADDR
             SDA  I2C_DATA 
             ACK 
             I2C_STAT1.RXBNE  1
             I2C_CON2.EVTIE  I2C_CON2.BUFIE  I2C_STAT1.RXBNE  1
            

             I2C_CON1.ACKEN  1

            I2C_STAT1.RXBNE  1  I2C_CON2.EVTIE  I2C_CON2.BUFIE 
             1 

             I2C_STAT1.RXBNE  1  I2C_DATA 
             I2C_STAT1.BTC  1 SCL 
             I2C_DATA  I2C_STAT1.BTC 

             I2C_STAT1.RXBNE I2C_DATA 
             I2C_STAT1.BTC  I2C_STAT1.BTC
             0 SCL I2C_STAT1.BTC  0  I2C_STAT1
             I2C_DATA  I2C_STAT1.BTC
             0

V1.6                        363/578
©     http://www.essemi.com
                ES32F0100/0101/0131 

   7             10                                                                                                      

       S                                                                                                          S
         /W                                                                                                       

    A+EV1                                                                                                          
          1                                                                                                         /W
                                                                                                               A+EV1
     +EV2                                                                                                            1
          2                                                                                                     +EV2
                                                                                                                     2
     +EV2                                                                                                       +EV2

                                                                                                    ...... ...      N
   ...... ...                                                                                                   +EV2
                                                                                                               P+EV4
         N
     +EV2
    P+EV4

                                            19-9 

 1S=SR=P=A=NA=
 2EVx= EVTIE=1 
 3EV1 I2C_STAT1.ADDR=1  I2C_STAT1  I2C_STAT2  I2C_STAT1.ADDR

        
 4EV2 I2C_STAT1.RXBNE=1  I2C_DATA  I2C_STAT1.RXBNE 
 5EV4 DETSTP=1  I2C_STAT1  I2C_CON1 
 6EV1  SCL 
 7EV2  SCL 
 8 I2C_STAT1  

        I2C_STAT1.ADDR  I2C_STAT1.DETSTP  I2C   I2C_STAT1
         if I2C_STAT1.ADDR == 1 { I2C_STAT1  I2C_STAT2 } if
        I2C_STAT1.DETSTP == 1 { I2C_STAT1  I2C_CON1 }
         I2C_STAT1.ADDR  I2C_STAT1.DETSTP 

            
            I2C_STAT1.DETSTP  1  I2C_CON2.EVTIE  1 

                 I2C_STAT1        I2C_CON1       
            I2C_STAT1.DETSTP  EV4

19. 4. 4 

            

V1.6                                                                                                                                  364/578
©                                                                                                               http://www.essemi.com
                                                                                                        ES32F0100/0101/0131 

             BUSERR
             I2C 
             I2C_STAT1.BUSERR  1 I2C_CON2.ERRIE
             1
            
            
            

            ACKERR
            
            I2C_STAT1.ACKERR  1 I2C_CON2.ERRIE  1
             1  NACK 
            

             LARB
             I2C                              
            I2C_STAT1.LARB  1 I2C_CON2.ERRIE  1
             I2C 
            

            / ROUERR
             I2C 
            I2C_STAT1.RXBNE=1 I2C_DATA 
            
             I2C_STAT1.RXBNE  0

            
             I2C_DATA 
             I2C_DATA 
            
            I2C 

             I2C_STAT1.ADDR  SCL 
             I2C_DATA 

19. 4. 5 SDA/SCL

            
             I2C_STAT1.TXBE=1  I2C_STAT1.BTC=1 
                          I2C_DATA              
            I2C_STAT1.RXBNE=1  I2C_STAT1.BTC=1
             I2C_DATA 

             I2C_DATA 
             I2C_DATA 

            

V1.6                        365/578
©     http://www.essemi.com
                                                                                                        ES32F0100/0101/0131 

19. 4. 6 SMBus

            SMBus
             I2C SMBus 
             SMBus 
            
             CPU 
             SMBus 

            
            SMBus
            

            SMBus 
            1 1  SMBus 

                 
                 
                 SMBus  I2C  7 
                  10KHz~100KHz
                 
                 
            
            
            UDID

V1.6                        366/578
©     http://www.essemi.com
      ES32F0100/0101/0131 

ARP
 SMBus
ARP

      SMBus 
     
      SMBus 

          
      SMBus 
SMBus 
SMBus 
SMBA  SMBus 
SMBus  2 

 I2C_CON1  ALARM
 SMBA 
 ARA 0001 100X
SMBA  SMBA 
 I2C_STAT1  SMBALARM 
 7  7 
 8  0  1

 SMBA 
 SMBA
 SMBA  ARA SMBA 
 ARA


SMBus  I2C SMBus 
35ms TimeoutSMBus  TlowSEXT 
SMBus  TlowMEXT 

I2C_STAT1  Timeout  Tlow 

SMBus 
 I2C  SMBus 

      I2C_CON1  PMOD  1 SMBus 
      I2C_CON1  SMBMOD  ARPEN 
 I2C


 SMBus 

     ARPEN=1  SMBMOD=0  SMB 
     ARPEN=1  SMBMOD=1  SMB 
SMBALARM=1  SMB 

V1.6                        367/578
©     http://www.essemi.com
                                                                                                        ES32F0100/0101/0131 

19. 4. 7 DMA

            DMA 
                 DMA      I2C                 DMA 
            I2C_CON2.DMAEN  ADDR  1
            I2C_CON2.DMAEN  ADDR  I2C_STAT1.ADDR 
             1 DMA  DMA
            DMA  I2C 
            

             I2C  MCU  DMA 
             I2C_STAT1.TXBE=1  I2C_STAT1.RXBNE=1  DMA
            DMA  I2C_DATA  I2C_DATA 
            

                  DMA 
                      I2C_STAT1.BTC 

                 
                  -  2 DMA 
                      N - 1 
                      I2C_CON2.LDMA  1I2C  DMA 
                       NACK DMA 
                      

                  -  ADDR  I2C_STAT1.ADDR 
                       I2C_CON1.ACKEN    I2C_STAT1.ADDR=1  
                      I2C_CON1.ACKEN=0 I2C_STAT1.ADDR 
                       DMA 

             DMA 
             DMA I2C_STAT1.TXBE=1  DMA  DMA
             I2C  I2C_CON2.DMAEN  1  DMA I2C_STAT1.TXBE=1 
             DMA  I2C_DATA 
             DMA  I2C 

V1.6                        368/578
©     http://www.essemi.com
                                                                      ES32F0100/0101/0131 


DESCRDMA_CTRLBASE+x
DMA

I2C_DATADESCR.DST
TXBE
I2C_DATA

DESCR.DSR_INCTXBE


DESCR.SRC
TXBE
I2C_DATA

DESCR.SRC_INC,TXBE


1DESCR.N_MINUS_1
TXBE
1024

DMA_CHx_SELCON.MSELDMA
I2C0I2C1

DMA_CHxSELCON.MSIGSEL
DMA

DMA_CHPRSETDMA_CHPRC
LR


DMADMA_CHENSET

                  19-10 I2C  DMA 

V1.6                                                     369/578
©                                  http://www.essemi.com
                                                                                                        ES32F0100/0101/0131 

            DMA  MCU DMA  DMA 
            

 1x  DMA 
 2 DMA  I2C_CON2  BUFIE 

             DMA 
             DMA I2C_STAT1.RXBNE=1  DMA  DMA
             I2C  I2C_CON2.DMAEN  1  DMA I2C_STAT1.RXBNE=1 
             DMA  I2C_DATA 
             DMA  I2C 

V1.6                        370/578
©     http://www.essemi.com
                                                                      ES32F0100/0101/0131 


DESCRDMA_CTRLBASE+x
DM
A

DESCR.DST
RXBNE
I2C_DATA

DESCR.DSR_INCRXBN
E

I2C_DATADESCR.SRC
RXBNEI2C
_DATA

DESCR.SRC_INC,RXBNE


1DESCR.N_MINUS_1
RXBNE
1024

DMA_CHx_SELCON.MSELDMA
I2C0I2C1

DMA_CHxSELCON.MSIGSEL
DMA

DMA_CHPRSETDMA_CHPRC
LR


DMADMA_CHENSET

                                              19-11 I2C  DMA                         371/578
                                                               http://www.essemi.com
V1.6
©
                                                                                                        ES32F0100/0101/0131 

            DMA  MCU DMA  DMA 
            

 1x  DMA 
 2 DMA  I2C_CON2  BUFIE 

19. 4. 8 

            PEC
             CRC-8  Cx = x8 + x2 + x + 1 

                  I2C_CON1.PECEN  1  PEC PEC 
                       R/W  CRC-8 

                  -  I2C_CON1.PECEN
                       1PEC 

                  -  I2C_CON1.PECEN
                       1 PEC 
                      NACKPEC  NACK
                       CRC  ACK  I2C_CON1.PECEN 

             I2C_CON1.ACKEN  I2C_CON1.PECEN 

                  PEC  I2C_STAT1.PECERR 
                      

                  DMA  I2C  PEC 
                  -  I2C  DMA 
                       PEC
                  -  I2C  DMA 
                       PEC  PEC  DMA 

                  PEC  I2C_CON2.LDMA 
                       DMA  DMA 
                       NACK

            PEC 

V1.6                        372/578
©     http://www.essemi.com
                                                           ES32F0100/0101/0131 

19. 4. 9 I2C

             I2C 

                                                              
                             SENDSTR                             EVTIE
                             ADDR
10                           SENDADD10                     EVTIE  BUFIE
                             DETSTP                              ERRIE
                             BTC
                             RXBNE
                             TXBE
                             BUSERR
                             LARB
                             ACKERR
/                            ROUERR
PEC                          PECERR
/Tlow                        SMBTO
SMBus                        SMBALARM

            19-1 I2C 

 1I2C_STAT1.SENDSTRI2C_STAT1.ADDRI2C_STAT1.SENDADD10I2C_STAT1.DETSTP
        I2C_STAT1.BTCI2C_STAT1.RXBNE  I2C_STAT1.TXBE 

 2I2C_STAT1.BUSERRI2C_STAT1.LARBI2C_STAT1.ACKERRI2C_STAT1.ROUERR
        I2C_STAT1.PECERRI2C_STAT1.SMBTO  I2C_STAT1.SMBALARM 
        

                             EVTIE

 SENDSTR                                                   it_event
    ADDR
                             ERRIE
SENDADD10
                                                           it_error
  DETSTP
     BTC
    TXBE
    BUFIE

   RXBNE

  BUSERR
    LARB

  ACKERR
  ROUERR
  PECERR
   SMBTO
SMBALARM

                                               19-12 I2C                         373/578
                                                           http://www.essemi.com
V1.6
©
                         ES32F0100/0101/0131 

19. 4. 10 I2C

            SMBUS  DBGC 
            

19. 5 

19. 5. 1 

            16 32 

I2C                                           
                  0000H  I2C  1
                  0004H  I2C  2
I2C_CON1          0008H  I2C  1
I2C_CON2          000CH  I2C  2
I2C_ADDR1         0010H  I2C 
I2C_ADDR2         0014H  I2C  1
I2C_DATA          0018H  I2C  2
I2C_STAT1         001CH  I2C 
I2C_STAT2         0020H  I2C 
I2C_CKCFG
I2C_RT

V1.6                                           374/578
©                        http://www.essemi.com
                                                                                                        ES32F0100/0101/0131 

19. 5. 2 

19. 5. 2. 1 I2C 1I2C_CON1

I2C  1 I2C_CON1
00H
00000000_00000000_00000000_00000000B

31 30 29 28 27 26 25 24 23 22 21 20 19 18 17 16 15 14 13 12 11 10 9 8 7 6 5 4 3 2 1 0

          Reserved
                                                           SRST
                                                                Reserved
                                                                      ALARM
                                                                            TRPEC
                                                                                  POSAP
                                                                                        ACKEN
                                                                                             STOP
                                                                                                   START
                                                                                                         DISCS
                                                                                                               GCEN
                                                                                                                     PECEN
                                                                                                                          ARPEN
                                                                                                                                SMBMOD
                                                                                                                                      Reserved
                                                                                                                                            PMOD
                                                                                                                                                 PEN

Reserved  Bit 31-16   -- 
  SRST      Bit 15               I2C 
            Bit 14                1 I2C 
Reserved    Bit 13                I2C 
 ALARM                           0I2C 
            Bit 12
 TRPEC      Bit 11   R/W 1I2C 
 POSAP                           
                                  BSYF  1  
                                  SRST 
                                 

                      -- 
                                 SMBus 
                                  1  PEN=0 
                                 

                     R/W 0 SMBA 
                                  NACK
                                 1 SMBA 
                                  ACK
                                  1 
                                  PEC 
                                 PEN=0  

                     R/W 
                                 0 PEC
                                 1PEC  Tx  Rx 
                                 PEC 
                                 ACK/PEC 
                                  1  PEN=0 
                                 

                     R/W
                                 0ACKEN 
                                 NACKTRPEC 
                                  PEC

V1.6                                       375/578
©                    http://www.essemi.com
               ES32F0100/0101/0131 

ACKEN  Bit 10              1ACKEN 
                           NACKTRPEC 
 STOP  Bit 9                 PEC
                            POSAP  2 
START  Bit 8               
                            2 
DISCS  Bit 7               
GCEN   Bit 6                1  PEN=0 
PECEN  Bit 5               
ARPEN  Bit 4   R/W
                           0
                           1
                           
                           
                            1 
                             1
                           
                           0
               R/W
                           1
                           
                           
                           0
                           1 SCL  SDA 
                           
                            1 
                            PEN=0 
                           
               R/W 0
                           1
                           
                           0
                           1
                           
                            ADDR  BTC  1 
               R/W 
                           0
                           1
                           
               R/W 0 00h 
                           1 00h 
                           PEC 
               R/W 0 PEC 
                           1 PEC 
                           ARP 
               R/W
                           0 ARP 

V1.6                                 376/578
©              http://www.essemi.com
SMBMOD    Bit 3                                            ES32F0100/0101/0131 
Reserved  Bit 2
          Bit 1              1 ARP
  PMOD                       SMBMOD=0  SMBus 
          Bit 0              SMBMOD=1  SMBus 
   PEN                       SMBus 
                 R/W 0SMBus 
                             1SMBus 
                  -- 
                             
                 R/W 0I2C 
                             1SMBus 
                             
                             0
                             1
                 R/W  0
                              IDLE 
                              PEN=0
                              0

V1.6                                   377/578
©                http://www.essemi.com
                                                                                                        ES32F0100/0101/0131 

19. 5. 2. 2 I2C 2I2C_CON2

I2C  2 I2C_CON2
04
00000000_00000000_00000000_00000000B

31 30 29 28 27 26 25 24 23 22 21 20 19 18 17 16 15 14 13 12 11 10 9 8 7 6 5 4 3 2 1 0

          Reserved
                                                                   LDM A
                                                                         DMAEN
                                                                               BUFI E
                                                                                     EVTI E
                                                                                           ERRI E
                                                                                                   Reserved
                                                                                                                          CLKF

Reserved  Bit 31-13   -- 
  LDMA      Bit 12                DMA 
 DMAEN      Bit 11               0 DMA 
  BUFIE     Bit 10
                     R/W 1 DMA 
  EVTIE     Bit 9                
                                  NACK
 ERRIE      Bit 8                DMA 

                     R/W 0 DMA 
                                 1 TXBE=1  RXBNE =1  DMA 
                                 
                                 0TXBE = 1  RXBNE = 1 

                     R/W
                                 1TXBE = 1  RXBNE = 1 
                                 DMAEN 
                                 
                                 0
                                 1
                                 
                                 1 SENDSTR = 1

                     R/W 2 ADDR = 1/
                                 3 SENDADD10= 1
                                 4 DETSTP = 1
                                 5 BTC = 1 TXBE  RXBNE 
                                 6 BUFIE = 1  TXBE  1
                                 7 BUFIE = 1  RXBNE  1
                                 
                                 0
                                 1
                                 

                     R/W 1 BUSERR = 1
                                 2 LARB = 1
                                 3 ACKERR = 1
                                 4 ROUERR = 1
                                 5 PECERR = 1

V1.6                                       378/578
©                    http://www.essemi.com
Reserved  Bit 7-6                                            ES32F0100/0101/0131 
  CLKF    Bit 5-0
                               6 SMBTO = 1
                               7 SMBALARM = 1
                    -- 
                               
                                APB 
                               I2C  APB 2
                               MHz APB 48 MHz
                                52MHz
                               000000
                               000001
                   R/W 0000102MHz
                               0000113MHz...
                               11000048MHz
                               11000149MHz
                               11001050MHz
                               11001151MHz
                               11010052MHz
                                110100

V1.6                                     379/578
©                  http://www.essemi.com
                                                                                                        ES32F0100/0101/0131 

19. 5. 2. 3 I2C 1I2C_ADDR1

I2C  1 I2C_ADDR1
08
00000000_00000000_00000000_00000000B

31 30 29 28 27 26 25 24 23 22 21 20 19 18 17 16 15 14 13 12 11 10 9 8 7 6 5 4 3 2 1 0

           Reserved
                                                            ADDTYPE
                                                                             Reserved
                                                                                                 ADDH[9:8]
                                                                                                                           ADD[7:1]
                                                                                                                                                  ADDLSB

Reserved   Bit 31-16   -- 
ADDTYPE      Bit 15             
Reserved
ADDH[9:8]  Bit 14-10  R/W 07  10 
 ADD[7:1]   Bit 9-8             110  7 
 ADDLSB     Bit 7-1
             Bit 0    R/W 
                                10  8-9 

                      R/W 7 
                                10  9:8 
                                10  1-7  7 

                      R/W
                                 7:1 
                                10  0 

                      R/W 7 
                                10  0 

19. 5. 2. 4 I2C 2I2C_ADDR2

I2C  2 I2C_ADDR2
0C
00000000_00000000_00000000_00000000B

31 30 29 28 27 26 25 24 23 22 21 20 19 18 17 16 15 14 13 12 11 10 9 8 7 6 5 4 3 2 1 0

                      Reserved
                                                                                                             ADD[7:1]
                                                                                                                                      DUALEN

Reserved   Bit31-8     -- 
ADD[7:1]   Bit7-1                  7 

DUALEN       Bit0     R/W
                                   7:1 
                                  10  7 
                                  07  ADDR1 

                      R/W
                                  17  ADDR1  ADDR2 
                                  

V1.6                                        380/578
©                     http://www.essemi.com
                                                                                                        ES32F0100/0101/0131 

19. 5. 2. 5 I2CI2C_DATA

I2C  I2C_DATA
10H
00000000_00000000_00000000_00000000B

31 30 29 28 27 26 25 24 23 22 21 20 19 18 17 16 15 14 13 12 11 10 9 8 7 6 5 4 3 2 1 0

                    Reserved
                                                                                                                TRBUF

Reserved  Bit 31-8   -- 
 TRBUF    Bit 7-0               
                                
                                 DATA 
                                 TXBE=1
                                 DATA 
                                
                                 DATA 
                                RXBNE=1

                    R/W
                                RXBNE=1 DATA
                                
                                 DATA 
                                TXBE=0 
                                 DATA 
                                 ACK  LARB 
                                 DATA 
                                

V1.6                                      381/578
©                   http://www.essemi.com
                                                                                                        ES32F0100/0101/0131 

19. 5. 2. 6 I2C 1I2C_STAT1

I2C  1 I2C_STAT1
14H
00000000_00000000_00000000_00000000B

31 30 29 28 27 26 25 24 23 22 21 20 19 18 17 16 15 14 13 12 11 10 9 8 7 6 5 4 3 2 1 0

           Reserved
                                                            SMBALARM
                                                                 SMBTO
                                                                       Reserved
                                                                             PECERR
                                                                                   ROUERR
                                                                                         ACKERR
                                                                                              LARB
                                                                                                    BUSERR
                                                                                                          TXBE
                                                                                                                RXBNE
                                                                                                                      Reserved
                                                                                                                           DETSTP
                                                                                                                                 SENDADD10
                                                                                                                                       BTC
                                                                                                                                             ADDR
                                                                                                                                                  SENDSTR

 Reserved  Bit 31-16      -- 
SMBALARM     Bit 15                 SMBus 
                                     SMBus 
   SMBTO     Bit 14                 0 SMBALARM
 Reserved    Bit 13                 1 SMBALARM 
  PECERR     Bit 12
 ROUERR      Bit 11   R/C_W0  SMBus 
                                    0 SMBALARM 
                                    1 SMBALARM  SMBALARM 
                                    
                                     0  PEN=0 
                                    SMBus 
                                    0
                                    1SCL  25 ms
                                     10 ms Tlow:mext 
                                     25 ms

                      R/C_W0
                                    Tlow:sext
                                     1 
                                     1 
                                     0  PEN=0 
                                      SMBus 

                          -- 
                                     PEC 
                                    0 PEC  PEC  ACK
                                     ACKEN=1
                                    1PEC  PEC  NACK
                                     ACK 

                      R/C_W0  0  PEN=0 
                                    
                                     CRC  CRC 
                                     PECEN  1 PECERR 
                                     1 PECV 
                                     CRC 

                      R/C_W0 

V1.6                                        382/578
©                     http://www.essemi.com
                ES32F0100/0101/0131 

ACKERR  Bit 10                0/
  LARB  Bit 9                 1
        Bit 8                  DISCS=1  1
BUSERR  Bit 7                 1 ACK 
  TXBE  Bit 6                  DATA 
 RXBNE                        2 DATA 
                              
                               0  PEN=0 
                                DATA  SCL 
                              
                              

                              
                              0
                R/C_W0 1
                               1 0 
                               PEN=0 
                              
                              0
                              1 
                               1
                R/C_W0  0  PEN=0 
                               LARB 
                              MASTER=0
                               SMBUS 
                              
                              
                              0
                              1
                R/C_W0 SCL 
                               SDA 
                               1  0  PEN=0 
                              
                              
                              0
                              1
                               DATA  1TXBE 
                               1 DATA 
                    R  PEN=0  
                               NACK  PEC
                              PECEN=1TXBE  1
                                BTC  1 
                               TXBE 
                              
                    R 

V1.6                                  383/578
©               http://www.essemi.com
                  ES32F0100/0101/0131 

Reserved   Bit 5            0
                            1
DETSTP     Bit 4             1RXBNE 
                             1 DATA 
SENDADD10  Bit3              PEN=0  LARB 
                             RXBNE  1
BTC        Bit 2             BTC  1  RXBNE 
                            
ADDR       Bit 1
                  -- 
                            
                            0
                            1
                             ACKEN=1
                             1 STAT1 

                  R
                            CON1 
                            PEN=0 
                             NACK  DETSTP  1
                            DETSTP  1 
                            STAT1 CON1
                             10 
                            0 SENDADD10 
                            1
                             10 

                  R
                             1 STAT1  DATA
                             PEN=0
                            
                             NACK  SENDADD10  1
                            
                            0
                            1
                            DISCS=0  1
                            1 ACK 
                             DATA RXBNE=1
                            2 DATA 

                  R TXBE=1
                             DATA 
                            
                            PEN=0 
                             NACK  BTC  1 
                             PECI2C_STAT2  TRF=1
                            I2C_CON1  PECEN=1 BTC 
                            1
                            /

                  R
                             STAT1  STAT2 

V1.6                                    384/578
©                 http://www.essemi.com
SENDSTR  Bit 0                                                ES32F0100/0101/0131 

                          PEN=0 
                         
                         0
                         1
                          ADDR 
                          SMBus 
                         SMBus  SMBus  1
                          ADDR  1 
                          STAT1 STAT2
                         
                         0
                         1
                          10  ACK
                          1 7 
                         ACK  1
                           NACK  ADDR  1
                         
                         0
                         1
                R
                          1 STAT1
                          DATA  PEN=0 
                         

V1.6                                  385/578
©               http://www.essemi.com
                                                                                                        ES32F0100/0101/0131 

19. 5. 2. 7 I2C 2I2C_STAT2

I2C  2 I2C_STAT2
18H
00000000_00000000_00000000_00000000B

31 30 29 28 27 26 25 24 23 22 21 20 19 18 17 16 15 14 13 12 11 10 9 8 7 6 5 4 3 2 1 0

          Reserved
                                                                               PECV
                                                                                                         DMF
                                                                                                               SMBHH
                                                                                                                     SMBDEF
                                                                                                                          RXGCF
                                                                                                                                Reserved
                                                                                                                                      TRF
                                                                                                                                            BSYF
                                                                                                                                                 MASTER

Reserved  Bit 31-16  -- 
  PECV    Bit 15-8            
   DMF
SMBHH       Bit 7    R
            Bit 6             PECEN=1  PEC
SMBDEF       Bit 5            
 RXGCF      Bit 4             0 ADDR1 
Reserved    Bit 3
            Bit 2    R
   TRF                        1 ADDR2 
            Bit 1              PEN=0 
  BSYF                        SMBus 
                              0 SMBus 

                     R 1SMBMOD=1  ARPEN=1  SMBus 
                              
                               PEN=0 
                              SMBus 
                              0 SMBus 

                     R
                              1ARPEN =1  SMBus 
                               PEN=0 
                              
                              0

                     R
                              1GCEN=1 
                               PEN=0 

                     - 
                              
                              0
                              1

                     R  R/W
                               1DETSTP=1
                              LARB=1 PEN=0 
                              
                              
                              0

                     R 1
                               SDA  SCL  1
                              

V1.6                                       386/578
©                    http://www.essemi.com
               ES32F0100/0101/0131 

MASTER  Bit 0          
                       PEN=0
                       
                       0
                       1
               R
                       SENDSTR=1 1
                       LARB=1 PEN=0
                       

 I2C_STAT1  I2C_STAT2  ADDR  ADDR  I2C_STAT1 
      1  I2C_STAT1  ADDR  1  DETSTP 
     I2C_STAT2

V1.6                                 387/578
©              http://www.essemi.com
                                                                                                        ES32F0100/0101/0131 

19. 5. 2. 8 I2CI2C_CKCFG

I2C  I2C_CKCFG
1CH
00000000_00000000_00000000_00000000B

31 30 29 28 27 26 25 24 23 22 21 20 19 18 17 16 15 14 13 12 11 10 9 8 7 6 5 4 3 2 1 0

          Reserved
                                                           CLKMOD
                                                                DUT Y
                                                                         Reserved
                                                                                                                 CLKSET

Reserved  Bit 31-16   --  
CLKMOD      Bit 15   R/W  I2C 
            Bit 14   R/W  0
  DUTY                --  1
Reserved  Bit 13-12       
                     R/W  0 tlow/thigh = 2
CLKSET    Bit 11-0        1 tlow/thigh = 16/9 CKCFG
                          
                          /
                           SCL 
                           SMBus 

                          Thigh = CKCFG * TPCLK1
                          Tlow = CKCFG * TPCLK1

                          
                           DUTY = 0

                          Thigh = CKCFG * TPCLK1
                          Tlow = 2 * CKCFG * TPCLK1

                           DUTY = 1 400 kHz

                          Thigh = 9 * CKCFG * TPCLK1
                          Tlow = 16 * CKCFG * TPCLK1

                           100 kHz  SCL 
                            CLKF = 0ATPCLK1 = 100 ns
                           CKCFG  0x32 50×100 ns = 5000
                          ns
                          
                          1.CKCFG  I2CPEN = 0
                          2. 0x04
                           0x01

V1.6                                            388/578
©                         http://www.essemi.com
                                                                                                        ES32F0100/0101/0131 

19. 5. 2. 9 I2CI2C_RT

I2C I2C_RT
20H
00000000_00000000_00000000_00000000B

31 30 29 28 27 26 25 24 23 22 21 20 19 18 17 16 15 14 13 12 11 10 9 8 7 6 5 4 3 2 1 0

                    Reserved
                                                                                                                RISET

Reserved  Bit 31-6   -- 
  RISET   Bit 5-0             
                               I2C 
                              SCL  1
                               SCL 
                              1000 ns I2C_CON2  CLKF<5:0>

                    R/W  0x0A  TPCLK1 = 100ns
                              RISET<5:0>  0Bh1000ns/ 100
                              ns = 10 + 1
                              RISET<5:0>
                              RISET<5:0> I2CPEN = 0
                              

V1.6                                      389/578
©                   http://www.essemi.com
                                                                                                        ES32F0100/0101/0131 

                             20 SPI

20. 1 

        SPI/
        SCK
        

        
         CRC 

20. 2 

       
       
       8  16 
       
       
       8  fPCLK/2
        fPCLK/2
       
        NSS /
       
        MSB  LSB
       
        SPI 
        CRC 

                CRC 
                CRC 
        CRC 
        DMA  1 

V1.6                        390/578
©     http://www.essemi.com
                                             ES32F0100/0101/0131 

20. 3                                   APB

                 MOSI   
                 MISO
                                        LSB
                   SCK                                   SPI_CON2 SPI_STAT
                        
                   NSS                

                                                    
                                        BAUD[2:0]

                                                              SPI_CON1

                         20-1 SPI 

V1.6                                                               391/578
©                                            http://www.essemi.com
                                                                                                        ES32F0100/0101/0131 

20. 4 

20. 4. 1 

             20-2 

      MISO

      MOSI

                     

           SCK

      NSS       NSS
      VDD

                                        20-2 /

 1NSS 
 2 NSS 

            SPI  4 

               MISO/
               MOSI/
               SCK SPI  SPI 
               NSS"" SPI

                      NSS 
                      IO NSS SPI_CON2.NSSOE 
                      SPI 
                      NSS  NSS  NSS
                      NSS 
                     SPI_CON1.MSTREN=1  SPI_CON2.NSSOE=0 NSS 
                     SPI SPI_CON1.MSTREN 
                     

MOSI MISO 


 MOSI 
MISO 
 SCK 

V1.6                                         392/578
©                      http://www.essemi.com
                                                                                                        ES32F0100/0101/0131 

            NSS
             SPI_CON1.SSEN 

                NSSSPI_CON1.SSEN = 1
                     SPI_CON1.SSOUT 

                NSSSPI_CON1.SSEN = 0 NSS SPI_CON2.NSSOE
                      NSS 

                  - NSS SPI_CON1.SSEN = 0SPI_CON2.NSSOE = 1
                      NSS 
                       SPI 

                  - NSS SPI_CON1.SSEN = 0SPI_CON2.NSSOE = 0
                      NSS 
                       NSS  NSS  NSS 
                      

            
             SPI_CON1.CPOL  SPI_CON1.CPHA 
            SPI_CON1.CPOL
             SPI_CON1.CPOL SCK 
             SPI_CON1.CPOL  1SCK 

             SPI_CON1.CPHA  1 SCK  SPI_CON1.CPOL
             0 SPI_CON1.CPOL  1 MSB 
             CPHA  SCK 
             SPI_CON1.CPOL  0 SPI_CON1.CPOL  1
             MSB 

             SPI_CON1.CPOL  SPI_CON1.CPHA 

             SPI_CON1.CPHA  SPI_CON1.CPOL  SPI 
             SCK MISO MOSI 
            

 SPI_CON1.CPOL/SPI_CON1.CPHA  SPI_CON1.SPIEN  SPI

            

            

            SCK         SPI_CON1               
            SPI_CON1.CPOL=1 SCK SPI_CON1.CPOL=0 SCK

             SPI_CON1.FLEN 8  16 /
            

V1.6                        393/578
©     http://www.essemi.com
                                                       ES32F0100/0101/0131 

CPHA=1
CPOL=1

 CPOL=0   MSB      816SPI_CON1FLEN                     LSB
    MISO  MSB                                               LSB

   MOSI
    NSS
(

CPHA=0
CPOL=1

 CPOL=0       MSB                                                                                               LSB
    MISO  MSB      816SPI_CON1FLEN

  MOSI                                                                                                          LSB
    NSS

(

                                                20-3 

 SPI_CON1.LSBFST 


 MSB  LSB  SPI_CON1.LSBFST 

 8  16  SPI_CON1.FLEN 
/

V1.6                                                                         394/578
©                                                      http://www.essemi.com
                                                                                                        ES32F0100/0101/0131 

20. 4. 2 SPI

            SPI 
             SPI 
            
            1.  SPI_CON1.CPOL  SPI_CON1.CPHA 

                  

            2.  SPI_CON1.FLEN  8  16 

            3. MSB  LSB  SPI_CON1.LSBFST 
                  

            4. NSSNSS 
                   NSS  SPI_CON1.SSEN  1
                  SPI_CON1.SSOUT 

            5.  SPI_CON1.MSTREN  SPI_CON1.SPIEN  1

            6. MOSI MISO 

            
            

             MOSI 
            8  7 16  15 
            SPI_STAT.TXBE                      1    
            SPI_CON2.TXBEIE  1 

            
            

                SPI_STAT.RXBNE  1
                SPI_CON2.RXBNEIE  1
            SPI_STAT.RXBNE  1
             SPI_DATA SPI 

             SPI_DATA  SPI_STAT.RXBNE 

V1.6                        395/578
©     http://www.essemi.com
                                                                                                        ES32F0100/0101/0131 

20. 4. 3 SPI

             SCK 

            
            1.  SPI_CON1.BAUD[2:0]

            2.  SPI_CON1.CPOL  SPI_CON1.CPHA 
                  

            3.  SPI_CON1.FLEN  8  16 

            4.  SPI_CON1.LSBFST  MSB  LSB 

            5.  NSS  NSS NSS 
                             NSS          SPI_CON1.SSEN 
                  SPI_CON1.SSOUT    1    NSS            
                  SPI_CON2.NSSOE  1 

            6. SPI_CON1.MSTREN  SPI  SPI_CON1.SPIEN 
                   SPI  NSS  1

            7. MOSI MISO 

            
            

            
             MOSI  MSB  LSB  SPI_CON1.LSBFST 
            TXBE  1 SPI_CON2.TXBEIE 
             1 

            
            

                SPI_STAT.RXBNE  1

              SPI_CON2.RXBNEIE  1

            SPI_STAT.RXBNE  1
             SPI_DATA SPI 

             SPI_DATA  SPI_STAT.RXBNE 

            
             SPI_STAT.TXBE  1 

 NSS  GPIO
      GPIO

V1.6                        396/578
©     http://www.essemi.com
      ES32F0100/0101/0131 

20. 4. 4 

            SPI 

            1  1 SPI_CON1.BIDEN=1
             SPI_CON1.BIDEN  1 SCK 
            MOSI MISO SPI_CON1.BIDOEN
            / 1 

            1  1 SPI_CON1.BIDEN=0
             SPI 

                MOSI  MISO
                     

                SPI_CON1.RXO  1  SPI 
             SPI 

                SPI  SCK 
                      SPI_CON1.SPIEN  0 SPI 
                      BUSY  1

                NSS  NSS  SPI_CON1.SSOUT
                      SCK SPI 
                     

20. 4. 5 

            

            
            

            
               SPI_CON1.BIDEN=0  SPI_CON1.RXO=0
                  -  SPI_DATA 
                  -  8 ,
                       MOSI 
                  -  MISO  8 
                       SPI_DATA 
               SPI_CON1.BIDEN=0  SPI_CON1.RXO=1
                  -  SPI_CON1.SPIEN = 1
                  -  MISO  8 
                       SPI_DATA 
               SPI_CON1.BIDEN=1  SPI_CON1.BIDOEN=1
                  -  SPI_DATA 
                  -  8 
                       MOSI 
                  - 
               SPI_CON1.BIDEN=1  SPI_CON1.BIDOEN=0

V1.6                        397/578
©     http://www.essemi.com
                                                                                                        ES32F0100/0101/0131 

                  -  SPI_CON1.SPIEN=1  SPI_CON1.BIDOEN=0
                  -  MOSI  8 

                      SPI_DATA 
                  -  MOSI 

            
               SPI_CON1.BIDEN=0  SPI_CON1.RXO=0
                  -  MOSI 
                       7 
                  -  8 
                       MISO  SPI 
                      
               SPI_CON1.BIDEN=0  SPI_CON1.RXO=1
                  -  MOSI 
                       7 
                  -  MISO 
               SPI_CON1.BIDEN=1  SPI_CON1.BIDOEN=1

                  -  MISO 
                      

                  -  8 
                       MISO  SPI 
                      

                  - 
               SPI_CON1.BIDEN=1  SPI_CON1.BIDOEN=0

                  -  MISO 
                  -  MISO  8 

                      SPI_DATA 
                  -  MISO 

            
            SPI_STAT.TXBE  1
             SPI_CON2.TXBEIE  1
             SPI_DATA  SPI_STAT.TXBE 

 TXBE  1
     

            SPI_STAT.RXBNE  1
             SPI_DATA  SPI_CON2.RXBNEIE  1
            SPI_STAT.RXBNE   1          SPI_DATA         
            SPI_STAT.RXBNE  0

             BUSY 

            SPI_CON1.BIDEN=0  SPI_CON1.RXO=0
             2 

V1.6                        398/578
©     http://www.essemi.com
                                                                                         ES32F0100/0101/0131 

1.  SPI_CON1.SPIEN  1  SPI

2.  SPI_STAT.TXBE=1 SPI_DATA 
       SPI_STAT.TXBE  SPI_STAT.RXBNE=1 SPI_DATA 
       SPI_STAT.RXBNE 
       N-1  N-1 

3.  SPI_STAT.TXBE 
      SPI_STAT.RXBNE=1 SPI_DATA 
      SPI_STAT.RXBNE /
      

4.  SPI_STAT.TXBE=1 SPI_STAT.BUSY=0 SPI

5.  RXBNE  TXBE 
      

V1.6                        399/578
©     http://www.essemi.com
    V1.6                20-4 /BIDEN=0  RXO=0 TXBE/RXBNE/BUSY              CPOL=1CPHA=1
©                                                              SCK

                                                                                       DATA1=0xF1                                DATA2=0xF2                                DATA3=0xF3

                                                               MISO/MOSI
                                                                 

                                                                                 b0 b1 b2 b3 b4 b5 b6 b7 b0 b1 b2 b3 b4 b5 b6 b7 b0 b1 b2 b3 b4 b5 b6 b7

                                                               TXBE

                                                                                        1                                              1                                         1

                                                                                 0xF1                    0xF2                                      0xF3
                                                               SPI_DATA
                                                                                       TXBE=1                                    TXBE=1
                                                                                         SPI_DATA                                  SPI_DATA
                                                                       SPI_DATA                    0xF2                                      0xF3

                                                                           0xF1              1                                                                                         
                                                                                       DATA1=0xA1
                                                                   BUSY                                                          DATA2=0xA2                                DATA3=0xA3

                                                                  MISO/MOSI      b0 b1 b2 b3 b4 b5 b6 b7 b0 b1 b2 b3 b4 b5 b6 b7 b0 b1 b2 b3 b4 b5 b6 b7
                                                                    

                                                                  RXBNE                 1                                                                                                                         ES32F0100/0101/0131 

    400/578                                                                                                                      0xA1                                      0xA2                             0xA3
http://www.essemi.com                                          SPI_DATA
                                                                                                                                                                                       RXBNE=1
                                                                                                               RXBNE=1                                   RXBNE=1                        SPI_DATA
                                                                                                                SPI_DATA                                  SPI_DATA
                                                                                                                                                                                                   0xA3
                                                                                                                           0xA1                                      0xA2
    V1.6                20-5 /BIDEN=0  RXO=0 TXBE/RXBNE/BUSY              CPOL=1CPHA=1
©                                                              SCK

                                                                                       DATA1=0xF1                                DATA2=0xF2                                DATA3=0xF3

                                                               MISO/MOSI
                                                                 

                                                                                 b0 b1 b2 b3 b4 b5 b6 b7 b0 b1 b2 b3 b4 b5 b6 b7 b0 b1 b2 b3 b4 b5 b6 b7

                                                               TXBE

                                                                                        1                                              1                                         1

                                                                                 0xF1                    0xF2                                      0xF3
                                                               SPI_DATA
                                                                                       TXBE=1                                    TXBE=1
                                                                                         SPI_DATA                                  SPI_DATA
                                                                       SPI_DATA                    0xF2                                      0xF3

                                                                           0xF1              1                                                                                         
                                                                                       DATA1=0xA1
                                                                   BUSY                                                          DATA2=0xA2                                DATA3=0xA3

                                                                  MISO/MOSI      b0 b1 b2 b3 b4 b5 b6 b7 b0 b1 b2 b3 b4 b5 b6 b7 b0 b1 b2 b3 b4 b5 b6 b7
                                                                    

                                                                  RXBNE                 1                                                                                                                         ES32F0100/0101/0131 

    401/578                                                                                                                      0xA1                                      0xA2                             0xA3
http://www.essemi.com                                          SPI_DATA
                                                                                                                                                                                       RXBNE=1
                                                                                                               RXBNE=1                                   RXBNE=1                        SPI_DATA
                                                                                                                SPI_DATA                                  SPI_DATA
                                                                                                                                                                                                   0xA3
                                                                                                                           0xA1                                      0xA2
                                                                                                        ES32F0100/0101/0131 

            SPI_CON1.BIDEN=0SPI_CON1.RXO=0
            :
            1.  SPI_CON1.SPIEN  1  SPI
            2.  SPI_STAT.TXBE=1

                  

            3.  SPI_DATA  SPI_STAT.TXBE=1
                   SPI_STAT.BUSY=0

             TXBE 

 1 SPI_DATA  SPI_STAT.BUSY  1  2  APB 
         SPI_STAT.TXBE  1
        SPI_STAT.BUSY 

 2SPI_STAT.OVERR  1

 CPOL=1CPHA=1
SCK

MISO/MOSI             DATA1=0xF1                DATA2=0xF2                      DATA3=0xF3
  
                b0 b1 b2 b3 b4 b5 b6 b7 b0 b1 b2 b3 b4 b5 b6 b7 b0 b1 b2 b3 b4 b5 b6 b7

TXBE                  1                         1

                                                                                1

                                                            TXBE=1

                0xF1  0xF2                      0xF3
SPI_DATA
                TXBE=1SPI_DATA                  TXBE=1SPI_DATA
    SPI_DATA                              0xF2                            0xF3
          0xF1

                                                                                            

BUSY                      1
                      DATA1=0xA1
                                                DATA2=0xA2                      DATA3=0xA3

                                                                                
                                                                                 BUSY=0

 20-6 BIDEN=0  RXO=0 TXBE/BUSY 

V1.6                                                                                                  402/578
©                                                                               http://www.essemi.com
                                                                      ES32F0100/0101/0131 

 CPOL=1CPHA=1
SCK

MISO/MO             DATA1=0xF1               DATA2=0xF2               DATA3=0xF3
SI
              b0 b1 b2 b3 b4 b5 b6 b7 b0 b1 b2 b3 b4 b5 b6 b7 b0 b1 b2 b3 b4 b5 b6 b7

TXBE                1                          1

                                                                0xF3             1
                                             TXBE=1                   TXBE=1

              0xF1                     0xF2       SPI_DATA0xF3
SPI_DATA
                    TXBE=1
                         SPI_DATA0xF2                                                  
 SPI_DATA
                          1
        0xF1

BUSY

                                                                      BUSY=0

         20-7 BIDEN=0  RXO=0 TXBE/BUSY 

            SPI_CON1.BIDEN=1  SPI_CON1.BIDOEN=1
             SPI 
            SPI_CON1.BIDEN  SPI_CON1.BIDOEN  1

            SPI_CON1.BIDEN=0  SPI_CON1.RXO=1
            

            1.  SPI_CON1.RXO  1

            2.  SPI_CON1.SPIEN  1  SPI

            3.  SPI_STAT.RXBNE=1 SPI_DATA 
                   SPI_STAT.RXBNE 

            a)  SPI SCK 
                   SPI 

            b)  SPI  NSS  SCK 
                  

             SPI_STAT.RXBNE 
            

 SPI SPI 

V1.6                                                                                        403/578
©                                                                     http://www.essemi.com
                                                                            ES32F0100/0101/0131 

 CPOL=1CPHA=1RXONLY=1
SCK

MISO/MOSI               DATA1=0xA1        DATA2=0xA2                        DATA3=0xA3
  
           b0 b1 b2 b3 b4 b5 b6 b7 b0 b1 b2 b3 b4 b5 b6 b7 b0 b1 b2 b3 b4 b5 b6 b7

RXBNE

                                       1             

           RXBNE=1                        RXBNE=1                           RXBNE=1
             SPI_DATA0xA1                   SPI_DATA0xA2                         SPI_DATA0xA3

                                                     0xA1                   0xA2                          0xA3
SPI_DATA

            20-8 BIDEN=0  RXO=1 RXBNE 

           SPI_CON1.BIDEN=1  SPI_CON1.BIDOEN=0
            SPI 
           SPI_CON1.BIDEN  1, SPI_CON1.BIDOEN  0

           
            SPI_STAT.TXBE=1
            TXBE  SPI_DATA 
            SPI_STAT.BUSY  1 
            SPI 

           
            SPI_STAT.BUSY 

           SPI_CON1.RXO=1 SPI_STAT.BUSY
            1

            SPI 
            BUSY  SPI 

          CPOL=1CPHA=1
SCK

MISO/MOSI                DATA1=0xF1                        DATA2=0xF2                       DATA3=0xF3
           b0 b1 b2 b3 b4 b5 b6 b7        b0 b1 b2 b3 b4 b5 b6 b7           b0 b1 b2 b3 b4 b5 b6 b7

TXBE

                                 0xF1                                 0xF2  
SPI_DATA)                                                                    TXBE=1
           SPI_DATA                       TXBE=1
                      0xF1                       SPI_DATA0xF2                          0xF3

                                                                            TXBE=1               
                                                                                   SPI_DATA0xF3   BUSY=0

BUSY

            20-9 BIDEN =0  RXO=0 TXBE/BUSY 

V1.6                                                                                              404/578
©                                                                           http://www.essemi.com
      ES32F0100/0101/0131 

20. 4. 6 CRC

            SPI  CRC 

             8  16  CRC 
             8  CRC8  16  CRC16

             SPI_CON1.CRCEN  1  CRC  CRC 
            SPI_RXCRC  SPI_TXCRCCPU 
             SPI_DATA  SPI_CON1.NXTCRC
             SPI_TXCRC 

            CPU 
             SPI_CON1.NXTCRC  CRC
            CRC 

             CRC SPI_STAT.CRCERR 
             1

             CRC  CRC 
            CRC 

             CRC  SPI 

            1.  SPI_CON1.BAUDSPI_CON1.CPOLSPI_CON1.CPHASPI_CON1.LSBFST
                  SPI_CON1.SSENSPI_CON1.SSOUT  SPI_CON1.MSTREN 

            2.  SPI_CRCPOLY  CRC 

            3.  SPI_CON1.CRCEN  1  CRC  SPI_RXCRC 
                  SPI_TXCRC 

            4.  SPI_CON1.SPIEN  1  SPI

            5. 

                  - 
                       SPI_CON1.NXTCRC  1
                       CRC

                  -  SPI_CON1.NXTCRC  1
                       SPI  CRC  CRC 
                      CRC 

            6. SPI  CRC 
                   CRC  SPI_RXCRC 
                  SPI_STAT.CRCERR  1 SPI_CON2.ERRIE  1 

             SPI  CRC 
             CRC  SPI_CON1.CRCEN  1 SPIEN 
            CRC 

             SPI  CRC  CRC  CPU
             CRC  CRC 

V1.6                        405/578
©     http://www.essemi.com
                                                                                                        ES32F0100/0101/0131 

            / SPI_CON1.NXTCRC 

            SPI  DMA  CPU  SPI 
            SPI 

             NSS  CRC 
             NSS 

             SPI  CRC  NSS  CRC
            

             CRC 
             CRC 

             CRC 

          1.  SPISPI_CON1.SPIEN = 0
          2.  SPI_CON1.CRCEN 
          3.  SPI_CON1.CRCEN  1

            4.  SPISPI_CON1.SPIEN = 1

20. 4. 7 

             SPI 
           TXBE
             1 
            SPI_DATA  TXBE 

            RXBNE
             1  SPI_DATA
            

            BUSY
            BUSY  SPI  1 

            SPI_STAT.BUSY  1  SPI 
            SPI_CON1.MSTREN=1  SPI_CON1.BIDEN=1  SPI_CON1.BIDOEN=0BUSY
            

             SPI_STAT.BUSY  0 SPI
            

            BUSY 

                  SPI_STAT.BUSY    1                
            SPI_CON1.MSTREN=1  SPI_CON1.BIDEN=1  SPI_CON1.BIDOEN=0

            

               

V1.6                        406/578
©     http://www.essemi.com
                                                                                                        ES32F0100/0101/0131 

                SPI 
               SPI_STAT.MODERR=1
            BUSY 
            
               BUSY 
               BUSY  SPI 

 BUSY  TXBE  RXBNE 

20. 4. 8 SPI

             SPI_CON1.SPIEN  SPI 

             SPI 

            SPI_CON1.BIDEN=0SPI_CON1.RXO=0
            1.  SPI_STAT.RXBNE=1 
            2.  SPI_STAT.TXBE=1 SPI_STAT.BUSY=0

            3.  SPI_CON1.SPIEN=0  SPI

            SPI_CON1.BIDEN=0SPI_CON1.RXO=0
             SPI_CON1.BIDEN=1SPI_CON1.BIDOEN=1
             SPI_DATA 

            1.  SPI_STAT.TXBE=1

            2.  SPI_STAT.BUSY=0

            3.  SPI_CON1.SPIEN=0  SPI

            SPI_CON1.MSTREN=1SPI_CON1.BIDEN=0
            SPI_CON1.RXO=1SPI_CON1.MSTREN=1
            SPI_CON1.BIDEN=1SPI_CON1.BIDOEN=0
             SPI 

            1.  n-1  RXBNE 
            2.  SPI  SPISPIEN=0

            3.  SPI_STAT.RXBNE=1

SPI_CON1.MSTREN=1SPI_CON1.BIDEN=1SPI_CON1.BIDOEN=0BUSY
     

            SPI_CON1.MSTREN=0SPI_CON1.BIDEN=0SPI_CON1.RXO=1
            SPI_CON1.MSTREN=0SPI_CON1.BIDEN=1
            SPI_CON1.BIDOEN=0

          1.  SPI SPI_CON1.SPIEN=0SPI 

                  

V1.6                        407/578
©     http://www.essemi.com
                                                                                                        ES32F0100/0101/0131 

            2.  SPI_STAT.BUSY = 0
                  

20. 4. 9 DMA

            SPI  DMA 

             SPI_CON2  DMA 
             DMA  2 

                SPI_STAT.TXBE  1  DMA DMA 
                     SPI_DATA  SPI_STAT.TXBE 

                SPI_STAT.RXBNE  1  DMA DMA 
                     SPI_DATA  SPI_STAT.RXBNE 

             SPI               SPI Tx DMA          
            SPI_STAT.OVERR  1

             SPI  SPI Rx DMA 

            DMA DMA_STATUS.STATUS 
             9 BUSY  SPI  SPI 
             SPI_STAT.TXBE=1
             SPI_STAT.BUSY=0

 SPI_DATA  SPI_STAT.BUSY  1  2  APB 
      SPI_STAT.TXBE=1 SPI_STAT.BUSY=0

V1.6                        408/578
©     http://www.essemi.com
    V1.6                                           CPOL=1CPHA=1
©                                    SCK

                                                                 DATA1=0xF1                    DATA2=0xF2               DATA3=0xF3

                                     MISO/MOSI        b0 b1 b2 b3 b4 b5 b6 b7 b0 b1 b2 b3 b4 b5 b6 b7 b0 b1 b2 b3 b4 b5 b6 b7
                                       
                                                                                                                        TXBE=1
                                          TXBE
                                                                 1                             1                        1
                                        BUSY
                                                                                                                                    BUSY=0

                        20-10  DMA                               1                                                                      

                                     DMA                                                                                DMADMA
                                                                                                                                      

                                                      0xF                    0xF2                0xF3

                                     SPI_DATA)        1

                                             DMA         DMA         DMA                DMA                                                 ES32F0100/0101/0131 
                                            SPI_DATA  SPI_DATA  SPI_DATA           SPI_DATA

                                     DMA_SPI            DATA1        DATA2              DATA3
                                     
    409/578                          3                                                 1
http://www.essemi.com
                                           SPI

                                     DMA STATUS                                                
                                     DMA

                                                                                               DMADMA_STATUS.STATUS=9)
              20-11  DMA                   CPOL=1CPHA=1

    V1.6                   SCK
©
                                                         DATA1=0xF1                    DATA2=0xF2                    DATA3=0xF3

                           MISO/MOSI       b0 b1 b2 b3 b4 b5 b6 b7 b0 b1 b2 b3 b4 b5 b6 b7 b0 b1 b2 b3 b4 b5 b6 b7
                             

                                     DMA_SPI                         1DMA
                                         3SPI

                           RXBNE

                           DMA

                                                                                       0xA1                          0xA2              0xA3
                           SPI_DATA)
    410/578                                                          DMASPI_DATADATA1              DMASPI_DATADATA2  DMASPI_DATADATA3               ES32F0100/0101/0131 
http://www.essemi.com                 DMA                                                                                          1
                                 SPI_DATA                                                                                                    

                            DMA STATUS
                            DMA

                                                                                                                           DMADMA_STATUS.STATUS=9)
                                                                                                        ES32F0100/0101/0131 

20. 4. 10 

            MODERR
             NSS NSS  SPI_CON1.SSOUT  0NSS 
             SPI_STAT.MODERR  1
             SPI 

               SPI_CON1.SPIEN  SPI 
               SPI_CON1.MSTREN 
             SPI_STAT.MODERR 

            1.  SPI_STAT.MODERR  1  SPI_STAT 

            2.  SPI_CON1 

             MCU  SPI_STAT.MODERR 
                 NSS                 SPI_CON1.SPIEN 
            SPI_CON1.MSTREN 

                  SPI_STAT.MODERR   1   SPI_CON1.SPIEN 
            SPI_CON1.MSTREN  1

             SPI_STAT.MODERR  1
            SPI_STAT.MODERR  1 SPI_STAT.MODERR 
            
            

            
             SPI_STAT.RXBNE
            

               SPI_STAT.OVERR  1  SPI_CON2.ERRIE  1 
             SPI_DATA 
            

             SPI_DATA  SPI_STAT  SPI_STAT.OVERR 

            CRC 
             SPI_CON1  CRCEN  1 
             SPI_RXCRC SPI_STAT  CRCERR 
             1

V1.6                        411/578
©     http://www.essemi.com
                                  ES32F0100/0101/0131 

20. 4. 11 SPI                     
                            TXBE    TXBEIE
                          RXBNE   RXBNEIE

                         MODERR     ERRIE
                          OVERR
                         CRCERR
CRC 
                    20-1 SPI 

V1.6                                                    412/578
©                                 http://www.essemi.com
                        ES32F0100/0101/0131 

20. 5 

20. 5. 1 

            16 32 

SPI                                           
                 0000H  SPI  1
                 0004H  SPI  2
SPI_CON1         0008H  SPI 
SPI_CON2         000CH  SPI 
SPI_STAT         0010H  SPI CRC 
SPI_DATA         0014H  SPI RX CRC 
SPI_CRCPOLY      0018H  SPI TX CRC 
SPI_RXCRC
SPI_TXCRC

V1.6                                          413/578
©                       http://www.essemi.com
                                                                                                        ES32F0100/0101/0131 

20. 5. 2 

20. 5. 2. 1 SPI 1SPI_CON1

SPI  1 SPI_CON1
00H
00000000_00000000_00000000_00000000B

31 30 29 28 27 26 25 24 23 22 21 20 19 18 17 16 15 14 13 12 11 10 9 8 7 6 5 4 3 2 1 0

          Reserved
                                                           BIDEN
                                                                BIDOEN
                                                                      CRCEN
                                                                            NXTCRC
                                                                                  FLEN
                                                                                        RXO
                                                                                             SSEN
                                                                                                   SSOUT
                                                                                                         LSBFST
                                                                                                               SPIEN
                                                                                                                          BAUD
                                                                                                                                      MSTREN
                                                                                                                                            CPOL
                                                                                                                                                 CPHA

Reserved  Bit 31-16   -- 
 BIDEN      Bit 15               
BIDOEN      Bit 14
 CRCEN      Bit 13   R/W 0
                                 1
NXTCRC      Bit 12               
                                  BIDEN 
  FLEN      Bit 11               
   RXO      Bit 10
                     R/W 0
                                 1
                                  MOSI 
                                  MISO 
                                 CRC 
                                 0 CRC 

                     R/W 1 CRC 
                                  SPISPIEN
                                 ="0"
                                  CRC
                                 0 CRC 
                                 1 CRCCRC 
                                  SPI 

                     R/W  SPI_DATA 
                                  NXTCRC  SPI 
                                 
                                 NXTCRC  1 DMA 
                                 
                                 
                                 0/ 8 

                     R/W 1/ 16 
                                   SPI SPIEN
                                 ="0"
                                 

                     R/W
                                  BIDEN 

V1.6                                       414/578
©                    http://www.essemi.com
                 ES32F0100/0101/0131 

SSEN    Bit 9                
                             
SSOUT   Bit 8                
LSBFST  Bit 7                0
                             1
SPIEN   Bit 6                
                              SSEN  1 NSS  SSOUT
BAUD    Bit 5-3  R/W 
                             0
MSTREN  Bit 2                1
                             
CPOL    Bit 1    R/W  SSEN  1 
                              NSS  NSS  IO 
CPHA    Bit 0                
                             0 MSB
V1.6             R/W
©                            1 LSB
                             
                             SPI 
                             0
                 R/W 1
                              SPI  SPI 
                             
                             
                             000fPCLK/2
                             001fPCLK/4
                             010fPCLK/8
                             011fPCLK/16
                 R/W
                             100fPCLK/32
                             101fPCLK/64
                             110fPCLK/128
                             111fPCLK/256
                             
                             
                             0
                 R/W
                             1
                             
                             
                             0SCK 
                 R/W
                             1SCK 
                             
                             
                             0
                 R/W
                             1
                             

                                                                                               415/578
                                                                         http://www.essemi.com
                                                                                                        ES32F0100/0101/0131 

20. 5. 2. 2 SPI 2SPI_CON2

SPI  2 SPI_CON2
04H
00000000_00000000_00000000_00000000B

31 30 29 28 27 26 25 24 23 22 21 20 19 18 17 16 15 14 13 12 11 10 9 8 7 6 5 4 3 2 1 0

                    Reserved
                                                                                            TXBEIE
                                                                                                  RXBNEIE
                                                                                                       ERRI E
                                                                                                                Reserved
                                                                                                                         NSSOE
                                                                                                                               TXDMA
                                                                                                                                    RXDMA

Reserved  Bit 31-8   -- 
 TXBEIE     Bit 7               
RXBNEIE     Bit 6               0 TXBE 

 ERRIE      Bit 5   R/W
Reserved  Bit 4-3               1 TXBE TXBE  1 
 NSSOE      Bit 2               
                                
 TXDMA      Bit 1               0 RXBNE 

 RXDMA      Bit 0   R/W
                                1 RXBNE RXBNE  1 
                                
                                
                                
                                SPI  CRCERROVERR

                    R/W
                                MODERR
                                0
                                1

                     -- 
                                NSS 
                                0 NSS 

                    R/W 
                                1 NSS 
                                
                                 DMA 
                                 1  TXBE  1 

                    R/W  DMA 
                                0 DMA
                                1 DMA
                                 DMA 
                                 1  RXBNE  1 

                    R/W  DMA 
                                0 DMA
                                1 DMA

V1.6                                      416/578
©                   http://www.essemi.com
                                                                                                        ES32F0100/0101/0131 

20. 5. 2. 3 SPISPI_STAT

SPI  SPI_STAT
08H
00000000_00000000_00000000_00000000B

31 30 29 28 27 26 25 24 23 22 21 20 19 18 17 16 15 14 13 12 11 10 9 8 7 6 5 4 3 2 1 0

                    Reserved
                                                                                            BUSY
                                                                                                  OVERR
                                                                                                       MODERR
                                                                                                             CRCERR
                                                                                                                      Reserved
                                                                                                                               TXBE
                                                                                                                                    RXBNE

Reserved  Bit 31-8      -- 
  BUSY      Bit 7                 
                                  0SPI 
 OVERR      Bit 6
MODERR      Bit 5       R 1SPI 
                                   1 
CRCERR      Bit 4                 BUSY 
Reserved  Bit 3-2                 
            Bit 1
  TXBE      Bit 0       R 0
 RXBNE                            1 1
                                  
                                  0

                        R
                                  1
                                   1
                                   CRC 
                                  0 CRC  SPI_RXCRC 

                    R/C_W0
                                  1 CRC  SPI_RXCRC 
                                   1 0 

                        -- 
                                  

                        R 0
                                  1
                                  

                        R 0
                                  1

 TXBE  RXBNE 

V1.6                                      417/578
©                   http://www.essemi.com
                                                                                                        ES32F0100/0101/0131 

20. 5. 2. 4 SPISPI_DATA

SPI  SPI_DATA
0CH
00000000_00000000_00000000_00000000B

31 30 29 28 27 26 25 24 23 22 21 20 19 18 17 16 15 14 13 12 11 10 9 8 7 6 5 4 3 2 1 0

          Reserved
                                                                                                      VALUE

Reserved  Bit 31-16   -- 
 VALUE    Bit 15-0               
                                 
                                  2 

                     R/W 
                                 
                                 
                                 

20. 5. 2. 5 SPI CRCSPI_CRCPOLY

SPI CRC  SPI_CRCPOLY
10H
00000000_00000000_00000000_00000111B

31 30 29 28 27 26 25 24 23 22 21 20 19 18 17 16 15 14 13 12 11 10 9 8 7 6 5 4 3 2 1 0

          Reserved
                                                                                                      VALUE

Reserved  Bit 31-16   -- 
 VALUE    Bit 15-0               CRC 
                                  CRC CRC 

                     R/W
                                 0007h
                                 

V1.6                                                                                                                               418/578
©                                                                                                            http://www.essemi.com
                                                                                                        ES32F0100/0101/0131 

20. 5. 2. 6 SPI RX CRCSPI_RXCRC

SPI RX CRC  SPI_RXCRC
14H
00000000_00000000_00000000_00000000B

31 30 29 28 27 26 25 24 23 22 21 20 19 18 17 16 15 14 13 12 11 10 9 8 7 6 5 4 3 2 1 0

          Reserved

                                                                                                                     CRCVAL

Reserved  Bit 31-16  -- 
CRCVAL    Bit 15-0             CRC 
                               CRC RXCRC[15:0]
                               CRC  SPI_CON1 
                               CRCEN  1 CRC 
                              SPI_CRCPOLY 
                               8 SPI_CON1  FLEN 

                     R
                                8  LSB  CRC 
                              CRC8   16 SPI_CON1
                               FLEN  1 16
                              CRC  CRC16 
                               BUSY  1 
                              

V1.6                                                                                                                                               419/578
©                                                                                                                            http://www.essemi.com
                                                                                                        ES32F0100/0101/0131 

20. 5. 2. 7 SPI TX CRC SPI_TXCRC

SPI TX CRC  SPI_TXCRC
18H
00000000_00000000_00000000_00000000B

31 30 29 28 27 26 25 24 23 22 21 20 19 18 17 16 15 14 13 12 11 10 9 8 7 6 5 4 3 2 1 0

          Reserved
                                                                                                      CRCVAL

Reserved  Bit 31-16  - 
CRCVAL    Bit 15-0            CRC 
                              CRC TXCRC[7:0] 
                              CRC  SPI_CON1 
                              CRCEN  1 CRC 
                             SPI_CRCPOLY  
                              8 SPI_CON1  FLEN 

                     R
                              8  LSB CRC 
                             CRC8   16 SPI_CON1
                              FLEN  1 16
                              CRC  CRC1  
                             BUSY  1 
                             

V1.6                                                                                                                                420/578
©                                                                                                             http://www.essemi.com
                                                                                                        ES32F0100/0101/0131 

                   21 USART0~1

21. 1 

        USART
         NRZ USART USART
        CTS/RTS
        USART  DMA 

21. 2 

       
       NRZ 
       USART 
       
       8  9 
        1  2 
       
       
       

                ISO 7816-3 
                0.5  1.5 
       
       
       MSB 9 
        DMA 

V1.6                        421/578
©     http://www.essemi.com
                                                                      ES32F0100/0101/0131 

21. 3 

   USART_TX             APB                           
  USART_RX
                                                            
USART_RTS                          USART_DATA             USART_DATA
USART_CTS
                                                            

                                                      GPR                                      USART_CK
                                                                               CON1
                             CON2              CON1                   CON0

                                                ADDR

             
                

                                                                                               

                               CON0                                   STAT
                  USART

                                                                      

             

                                      /16*DIV                       USART_BAUDCON       DIV_F
                                                                                 DIV_M
                                     fPCLK1
                                                      

                                            21-1 USART 

DIV = DIV_Mantissa + (DIV_Fraction/16))

V1.6                                                                                                          422/578
©                                                                                       http://www.essemi.com
                                  ES32F0100/0101/0131 

21. 4 

21. 4. 1 

             USART 

                                     
 USART_RX
 USART_TX                       

USART_SCK   

USART_RTS                       

USART_CTS                       
                                

                                 USART 
                                

                                
                                

                     21-1 USART 

21. 4. 2 

             USART_CON0.DLEN  8  9 
             USART_CON0.PEN  USART_CON0.PSEL 
            USART_CON1.STPLEN 

            

9DLEN=11

                                       

           0  1  2  3  4  5  6  7    

                                     



                                     

8DLEN=01

                                     

                                  

   0          1  2  3  4  5  6   



                                  

                     21-2 USART 

V1.6                                                    423/578
©                                 http://www.essemi.com
                            ES32F0100/0101/0131 

21. 4. 3 

            USART_CON0.TXEN=1 TX 
             SCK 

  USART LSB MSB 
  TXEN

  USART 0.511.5  2 

   1 
   2  USART 
   0.5 
   1.5 

8

                                    

                                  

 0        1  2  3  4  5  6  7       



1)1

                                        

       0  1  2  3  4  5  6  7  1.5  

                                      

2)1.5

                                           

 0        1  2  3  4  5  6  7  2        
                                           

3)2

                                 

 0        1  2  3  4  5  6  7   

                                

4)0.5                       0.5

                    21-3 

V1.6                                                    424/578
©                                 http://www.essemi.com
                                                                                                        ES32F0100/0101/0131 

            

            1.  USART_CON0. EN=1  USART
            2.  USART_CON0.DLEN 
            3.  USART_CON1. STPLEN 
            4.  DMA  USART_CON2.TXDMAEN DMA 

                   DMA 
            5.  USART_BAUDCON 
            6.  USART_CON0.TXEN 
            7.  USART_DATA.VAL          ,           

                  USART_STAT.TXEMPIF 
            8.  USART_DATA.VAL  USART_STAT.TXCIF=1

                  

            USART_STAT.TXEMPIF  USART_DATA.VAL 
            USART_STAT.TXEMPIF  1

                USART_DATA 
               USART_DATA 
            USART_CON0.TXEMPIE  1 
             USART  USART_DATA  TDATA 
            

             USART  USART_DATA 
            USART_STAT.TXEMPIF  1
             USART_STAT.TXEMPIF=1USART_STAT.TXCIF 
             USART_CON0.TXCIE  1
            USART_STAT.TXCIF 
            1.  USART_STAT 
            2.  USART_DATA 

 TXCIF "0"

V1.6                        425/578
©     http://www.essemi.com
                                                    ES32F0100/0101/0131 

           TX                  FRAME1   FRAME2                   FRAME3
     TXEMPIF    FRAME1  1              1            1

USART_DATA                   FRAME2      FRAME3

TXCIF                                                                    1

               TXEMPIF =               TXCIF1        TXCIF1      TXCIF1
USART          1DATA                   TXEMPIF = 0  TXEMPIF =      TXEMPIF = 1
               FRAME2
                                                              0                      
                                                                                       TXCIF=1
TXEMPIF =               TXEMPIF =
1DATA                   1DATA
FRAME1                  FRAME3

                         21-4  TXCIF/TXEMPIF 

V1.6                                                                                           426/578
©                                                                        http://www.essemi.com
                                                                                                        ES32F0100/0101/0131 

21. 4. 4 

            USART  8  9  USART_CON0.DLEN 
            USART  RX  LSBUSART_DATA 
            RDATA

            

            1.  USART_CON0.EN =1 USART
            2.  USART_CON0.DLEN 
            3.  USART_CON1. STPLEN 
            4.  DMA  USART_CON2.RXDMAEN=1 DMA 

                   DMA 
            5.  USART_BAUDCON 
            6.  USART_CON0.RXEN=1

            

            1.  USART_STAT.RXNEIF  1 RDATA
                  

            2.  USART_CON0.RXNEIE  1
            3.  1
            4.  DMA  USART_STAT.RXNEIF  1

                  DMA 
            5.  USART_DATA  RXNEIF 

                    USART_STAT.RXNEIF                 
                  USART_STAT.RXNEIF 

 USART_CON0.RXEN 

            USART 
             USART_CON0.IDLEIE =1
            

            
             USART_STAT.RXNEIF 
             RDATA 
            USART_STAT.RXNEIF  1 1 
             DMA 

            

               USART_STAT.OVRIF  1
               RDATA  USART_DATA 

V1.6                        427/578
©     http://www.essemi.com
                                                                                                        ES32F0100/0101/0131 

               
                USART_CON2.ERRIE  1
                USART_STAT  USART_DATA 

                     USART_STAT.OVRIF 

USART_STAT.OVRIF  1  1 
     1)  USART_STAT.RXNEIF=1 RDATA 
     2)  USART_STAT.RXNEIF=0 RDATA 
      RDR  USART_STAT
      USART_DATA 

            
            

USART_RX                          
 
                                                       9 10 11 12 13 14 15 16
          1  2  3  4  5  6  7  8

                   7/16                                6/16
                                                          7/16

                       21-5                                     
  000                                                                 0
  001                            NDETIF                               0
  010                                    0                            0
  011                                    0                            1
  100                                    0                            0
  101                                    0                            1
  110                                    0                            1
  111                                    0                            1
                                         0
                                         0

                    21-2 



    USART_STAT.RXNEIF  USART_STAT.NDETIF  1
    USART_DATA 
   USART_STAT.RXNEIF 

        DMA USART_CON2.ERRIE  1 

V1.6                                                                                  428/578
©                                                               http://www.essemi.com
                           ES32F0100/0101/0131 

        USART_STAT  USART_DATA 
            USART_STAT.NDETIF 

    
    
    

    

     USART_STAT.FERRIF  1

      USART_DATA 

     DMA 
          USART_CON2.ERRIE  1 

      USART_STAT  USART_DATA 
          USART_STAT.FERRIF 

    

STPLEN    
   

00       1     8 9  10  1 

01       0.5   0.5 

              0.5 

               2  8 9  10 

10       2    

               1 2 RXNEIF 

               1

              

              USART_CON0  RXEN =1

              

              

11       1.5  NACK FERRIF  1.5

               RXNEIF  1 16 17  18 

               1.5  1 

              1.5  2 0.5 

               1 

              

               21-3 

USART 
     
      USART  USART_CON0.IDLEIE
     USART_STAT.IDLEIF IDLE 

V1.6                                             429/578
©                          http://www.essemi.com
                                                          ES32F0100/0101/0131 

21. 4. 5 

             DIV Rx  Tx
            

                              Tx/Rx  baud =      fPCLK1
                                               (16  DIV)

 USART_BAUDCON 



 USART_BAUDCON  DIV

    1
 DIV_M = 18  DIV_F = 10 USART_BAUDCON = 0x12A, 

DIV  18DIV  10/16 = 0.625

 DIV = 18.625

 DIV  USART_BAUDCON 

    2
 DIV = 21.56

:

DIV_F = 16*0.56 = 8.96

 9 = 0x9 16

DIV_M = 21 = 0x15

 USART_BAUDCON = 0x159  USARTDIV = 15.5625

                        fPCLK1 = 24Mhz                    fPCLK1 = 48Mhz
 
                                                           
  1 2400    2400                               2400
  2 9600    9600        0x271           0%     9600       0x4E2           0%
  3 19200   19200                              19200
  4 57600   57553       0x9C4           0%     57623      0x1388          0%
  5 115200  115384                             115107
  6 230400  230769      0x4E2           0%     230769     0x9C4           0%
  7 460800  461538                             461538
  8 921600  923076      0x1A1           0.08%  923076     0x341           0.04%

                        0xD0            0.16%             0x1A1           0.08%

                        0x68            0.16%             0xD0            0.16%

                        0x34            0.16%             0x68            0.16%

                        0x1A            0.16%             0x34            0.16%

                         21-4 

CPU 

V1.6                                                                            430/578
©                                                         http://www.essemi.com
                                                                                                        ES32F0100/0101/0131 

21. 4. 6 

             USART USART 
            

               
               
               
               
               USART 

                     
                  -  USART_CON0.DLEN 
                  - 

V1.6                        431/578
©     http://www.essemi.com
                 ES32F0100/0101/0131 

21. 4. 7 

             USART  USART  USART TX 
            USART  RX  USART  USART TX 
             USART  RX 

             USART 

            

               
               
               USART_CON0.RXWK  1RXWK 

                     
             USART_CON0.WKMOD USART 

                USART_CON0.WKMOD  0
                USART_CON0.WKMOD  1
             WKMOD=0
             USART_CON0.RXWK  1 USART 

             USART  USART_CON0.RXWK 
            USART_STAT.IDLEIF  1 USART_CON0.RXWK  0

            

                 RXNEIF RXNEIF

RX    1 2 3 4    5 6

RXWK             

      RXWK  

       21-6 

 WKMOD=1
 MSB  1

 4  LSB USART  4 
USART USART_CON0.RXWK 
 1 USART  USART_STAT.RXNEIF 
 1 DMA 

USART  USART_CON0.RXWK 
USART_STAT.RXNEIF  1

                USART_STAT.RXNEIF=0      

V1.6                                                  432/578
©                               http://www.essemi.com
                                                                                         ES32F0100/0101/0131 

USART_CON0.RXWK 


                             RXNEIF RXNEIF RXNEIF

   RX    =0 1 2              =1 3 4 =2 5
RXWK
                                                   

  RXWK                       
RXNEIF

                  

                     21-7 

21. 4. 8 

             USART_CON0.PEN  1 USART_CON0.DLEN 
             USART 

DLEN                PEN                      USART 
     0                  0      8 +
     0                  1      7 ++
     1                  0      9 +
     1                  1      8 ++

                     21-5 USART 


 1 

=001001002  1=> 0


 1 

=001001002  1 => 1


            USART_STAT.PERRIF    1   
USART_CON0.PERRIE  1USART_STAT.PERRIF 
 USART_STAT  USART_DATA 

 MSB 



 USART_CON0.PEN  1 MSB 

V1.6                                                      433/578
©                                   http://www.essemi.com
                                                                                                        ES32F0100/0101/0131 

            

21. 4. 9 

             USART_CON1.SCKEN  1 

               USART_CON2.SMARTENUSART_CON2.HDPSEL  USART_CON2.IREN 
             USART SCK  USART
             SCK 
            USART_CON1.LBCP 
            USART_CON1.SCKPOL  USART_CON1.SCKPHA
            

             SCK 

            USART  SCK  TX 
             TX 

            USART  USART_CON0.RXEN=1
                SCK               USART_CON1.SCKPOL 
            USART_CON1.SCKPHA
            

            SCK  TX USART_CON0.TXEN=1
             USART_DATA 
            

             USART_CON1.LBCPUSART_CON1.SCKPOL
             USART_CON1.SCKPHA 
            

             TXEN  RXEN  1

            USART SCK 
            

                RX  
                TX  

USART                         
                        SPI

SCK                 

 21-8 USART 

V1.6                                        434/578
©                     http://www.essemi.com
                                                                           ES32F0100/0101/0131 

                                                DATLENTH=08                               
                                                                                                 

                                                                                         *
SCKPOL=0SCKPHA=0
                                                                                  *
                 
SCKPOL=0SCKPHA=1

                                                                                        *

SCKPOL=1SCKPHA=0

                                                                                  *
SCKPOL=1SCKPHA=1

        TX                                 0    1  2  3      4          5  6         7


             LSB                                                                     MSB 

        RX                                 0    1  2  3      4          5  6         7

                                           LSB                                    MSB
         

                                                                           LBC

                                            21-9 USART  DLEN=1

  SCK

RX                                                              

                                                                tSETUP     tHOLD

tSETUP = tHOLD 1/16

                                            21-10 RX /

SCK 

21. 4. 10 

             USART_CON2.HDPSEL=1 
            

               USART_CON1.SCKEN 
               USART_CON2.SMARTEN  USART_CON2.IREN 
            USART  TX  RX  USART_CON2.HDPSEL
            

             USART_CON2.HDPSEL=1 

               TX  RX 

V1.6                                                                                                       435/578
©                                                                                    http://www.essemi.com
                                                                                                        ES32F0100/0101/0131 

               RX  RX 
               TX 

                      I/O TX  PIN 
             USART 
             TXEN  1 
            

21. 4. 11 

             USART_CON2.SMARTEN=1 
               USART_CON2.HDPSEL  USART_CON2.IREN 

             USART_CON1.SCKEN  1
             ISO 7816-3 USART 

               8 USART_CON0.DLEN=1  USART_CON0.PEN=1
                1.5  USART_CON1.STPLEN=0b11
             0.5 
             1.5 

            

                                        

                    S01  23  45 6   7p
                   
                                        

  S01                    23  45  6  7p


                                    
                                           

                               21-11 ISO 7816-3 

USART  TX  TX




    1/2 
        
         1/2 

    0.5  1.5 
        

V1.6                                                          436/578
©                                       http://www.essemi.com
                                                                                                        ES32F0100/0101/0131 

                     USART  NACK  1 
                      1.5 
                      NACK  1"NACK" NACK
                     
                USART_STAT.TXCIF 
                     
                     USART_STAT.TXCIF 
                     
                     USART_STAT.TXCIF 
                     USART_STAT.TXCIF 
               USART_STAT.TXCIF 
                NACK 
                      NACK  ISO  NACK 
                      1  2 
                NACK  NACK
                     

 0x00 

 USART_CON0.TXEN 
 ISO 

 USART  NACK USART 
 1.5 USART  NACK 

7           1.5

         1       1.5

   8910          161718
                      

            0.5      1

   8910          8910
                        

                     21-12  1.5 

USART  SCK SCK 
 USART_GP.PSC SCK 
 fCK/2  fCK/62  fCK 

V1.6                                            437/578
©                         http://www.essemi.com
                                                                                                        ES32F0100/0101/0131 

21. 4. 12 DMA

            USART  DMA  DMA 
             DMA 
              USART_CON2.TXDMAEN   1      DMA        
            USART_STAT.TXEMPIF=1 DMA  SRAM  USART_DATA 
             DMA  USART 
            1.  DMA  USART_DATA 

                   TXEMPIF 
            2.  DMA  TXEMPIF

                   USART_DATA 
            3.  DMA 
            4.  DMA 
            5.  DMA 
            6.  USART_STAT.TXCIF  0
            7.  DMA 
             DMA DMA  DMA 
            

             DMA  TXCIF  TXCIF 
             USART 

                          1                      2                        3
                       1                       1
       TX          DMA                     DMA                 1
  TXEMPIF                                                     DMA
                             D2                       D3  DMA
DMA

USART_DATA     D1

TXCIF                                                                        1

       DMA                     1           
  USART_DATA

    

DMA CHnDONEIF
   

  DMA                   DMA         DMA         DMA            DMA           TXCIF=1
3                  USART_DATA  USART_DATA  USART_DATA  DMA_CHnDONEIF=1

      USART             D1          D2          D3

                                            21-13  DMA                                             438/578
                                                                             http://www.essemi.com
V1.6
©
                                                                                                        ES32F0100/0101/0131 

             DMA 
             USART_CON2.RXDMAEN  1  DMA 
             USART_DATA  SRAM  DMA  USART 
            1.  DMA  USART_DATA 

                   RXNEIF 
            2.  DMA  RXNEIF

                   USART_DATA 
            3.  DMA 
            4.  DMA 
            5.  DMA 
            6.  DMA 
             DMA DMA  DMA 
             DMA USART_CON2.RXDMAEN 

 DMA  USART_CON0.RXNEIE 

                 1                   2                   3
                                 1
TX                           DMA

RXNEIF                              D1

     DMA                                             D2       D3

USART_DATA                                               1        

        DMA
  USART_DATA

     

DMA CHnDONEIF
    

  DMA                 DMA         DMA         DMA        DMA
3                USART_DATA  USART_DATA  USART_DATA

      USART           D1          D2          D3

                                21-14  DMA 



 1 USART_STAT.RXNEIF 

USART_CON2.ERRIE  1


V1.6                                                                              439/578
©                                                           http://www.essemi.com
                                                                                                        ES32F0100/0101/0131 

21. 4. 13 

             CTS/RTS  2 

      USART1   TX                    RX  USART2
               nCTS               nRTS   
              RX                         
                                   TX
              nRTS
                                  nCTS

                                21-15 2  USART 

      RTS 
       RTS  USART_CON2.RTSEN=1 USART 
      RTS  RTS 
       RTS 

  RX          1                          2               
nRTS                                                      

                     RXNEIF                      RXNEIF

                                                  21-16 RTS 

            CTS 
             CTS USART_CON2.CTSEN=1 USART  CTS
             CTS  CTS
            

             USART_CON2.CTSEN=1  CTS USART_STAT.CTSIF 
             1 USART_CON2.CTSIE 
            1

 CTS  CTS 

V1.6                                                              440/578
©                                           http://www.essemi.com
                                  ES32F0100/0101/0131 

21. 4. 14 

                                                      
                     RXNEIF                 RXNEIE
                     TXEMPIF                TXEMPIE
                     TXCIF                  TXCIE
CTS                  CTSIF                  CTSIE
                     OVRIF                  RXNEIE
                     IDLEIF                 IDLEIE
                     PERRIF                 PERRIE
                     NDETIF, OVRIF, FERRIF  ERRIE


                    21-6 USART 

    TXCIF                                   USART
    TXCIE

TXEMPIF
TXEMPIE

 CTSIF
 CTSIE

  IDLEIF
  IDLEIE

 RXNEIE
   OVRIF

 RXNEIE
 RXNEIF

  PERRIF
  PERRIE

FERRIF
NDETIF
 OVRIF

            ERRIE

                    21-17 USART 

V1.6                                                              441/578
©                                           http://www.essemi.com
                             ES32F0100/0101/0131 

21. 5 

21. 5. 1 

            16 32 

USART                                                  
                      0000H  USART 
                      0004H  USART 
USART_STAT            0008H  USART 
USART_DATA            000CH  USART  0
USART_BAUDCON         0010H  USART  1
USART_CON0            0014H  USART  2
USART_CON1            0018H  USART 
USART_CON2
USART_GP

V1.6                                               442/578
©                            http://www.essemi.com
                                                                                                        ES32F0100/0101/0131 

21. 5. 2 

21. 5. 2. 1 USARTUSART_STAT

USART  USART_STAT
00H
00000000_11000000_00000000_00000000B

31 30 29 28 27 26 25 24 23 22 21 20 19 18 17 16 15 14 13 12 11 10 9 8 7 6 5 4 3 2 1 0

          Reserved
                                                                            CTSIF
                                                                                  Reserved
                                                                                        TXEMPIF
                                                                                             TXCIF
                                                                                                   RXNEIF
                                                                                                         IDLEIF
                                                                                                               OVRIF
                                                                                                                     NDETIF
                                                                                                                          FERRIF
                                                                                                                                PERRIF

Reserved  Bit 31-10      --  
  CTSIF     Bit 9    R/C_W0  CTS 
            Bit 8             CTSEN  1 CTS 
Reserved    Bit 7        --   1
TXEMPIF                  R    0 USART_CON2 
            Bit 6            CTSIE =1
  TXCIF              R/C_W0  0CTS 
            Bit 5            1CTS 
RXNEIF               R/C_W0  
                             
                              TDATA 
                              1 USART_CON0 
                             TXEMPIE = 1
                             USART_DATA 
                             0
                             1
                             
                             
                             
                             TXEMPIF  1 1
                             USART_CON0  TXCIE =1
                              USART_STAT 
                              USART_DATA 
                             `0'
                              
                             0
                             1
                             
                              RDATA 
                             USART_DATA  1
                             USART_CON0  RXNEIE = 1
                              USART_DATA 

V1.6                                               443/578
©                            http://www.essemi.com
                            ES32F0100/0101/0131 

                  RXNEIF 

                  

                  

                  0

                  1

                  

                   1

                  USART_CON0  IDLEIE = 1

                   USART_STAT

IDLEIF  Bit 4  R   USART_DATA 

                  0

                  1

                    RXNEIF  1 

                  IDLEIF  1

                  

                   RXNEIF =1 

                   RDATA 

                   1 USART_CON0 

                  RXNEIE = 1

                   USART_STAT 

OVRIF   Bit 3  R  USART_DATA 

                  0

                  1

                   1 RDATA 

                   ERRIE 

                  1  OVRIF 

                  

                  

                   1

                   USART_STAT 

                   USART_DATA 

NDETIF  Bit 2            0
               R

                         1

                   RXNEIF 

                   RXNEIF 

                   ERRIE 

                   NDETIF 

                  

                  

                   1

FERRIF  Bit 1  R  USART_STAT  USART_DATA

                  

                  0

                  1

V1.6                                                 444/578
©                              http://www.essemi.com
PERRIF  Bit 0                                         ES32F0100/0101/0131 

                         
                          RXNEIF 
                         
                          OVRIF  1 
                          ERRIE  1
                         FERRIF 
                         
                         
                          1
                          USART_DATA 
                          PERRIF  RXNEIF
               R
                          1
                          USART_CON0  PERRIE = 1
                         
                         0
                         1

V1.6                                 445/578
©              http://www.essemi.com
                                                                                                        ES32F0100/0101/0131 

21. 5. 2. 2 USARTUSART_DATA

 USART_DATA
04H
xxxxxxxx_xxxxxxxx_xxxxxxxx_xxxxxxxxB

31 30 29 28 27 26 25 24 23 22 21 20 19 18 17 16 15 14 13 12 11 10 9 8 7 6 5 4 3 2 1 0

                    Reserved
                                                                                                                VA L

Reserved  Bit 31-9   -- 
   VAL    Bit 8-0               
                                
                                """"
                                
                                
                                TDATA RDATA
                                
                                TDATA 

                    R/W 
                                RDATA 
                                
                                USART_CON0 
                                 PEN  1 MSB
                                 7  8
                                
                                 MSB
                                

V1.6                                      446/578
©                   http://www.essemi.com
                                                                                                        ES32F0100/0101/0131 

21. 5. 2. 3 USART USART_BAUDCON

USART  USART_BAUDCON
08H
00000000_00000000_00000000_00000000B

31 30 29 28 27 26 25 24 23 22 21 20 19 18 17 16 15 14 13 12 11 10 9 8 7 6 5 4 3 2 1 0

          Reserved
                                                                                           DIV_M
                                                                                                                                         DIV_F

Reserved  Bit 31-16   -- 
 DIV_M    Bit 15-4             DIV 
  DIV_F    Bit 3-0
                     R/W  12  USART DIV
                               DIV_M  2 
                               DIV 

                     R/W
                                4  USART DIV

 TXEN  RXEN 

V1.6                                       447/578
©                    http://www.essemi.com
                                                                                                        ES32F0100/0101/0131 

21. 5. 2. 4 USART 0USART_CON0

USART  0 USART_CON0
0CH
00000000_00000000_00000000_00000000B

31 30 29 28 27 26 25 24 23 22 21 20 19 18 17 16 15 14 13 12 11 10 9 8 7 6 5 4 3 2 1 0

          Reserved
                                                           TXINV
                                                                 RXINV
                                                                      EN
                                                                            DLEN
                                                                                  WKMOD
                                                                                        PEN
                                                                                              PSEL
                                                                                                   PERRI E
                                                                                                         TXEMPIE
                                                                                                               TXCIE
                                                                                                                     RXNEIE
                                                                                                                           IDLEIE
                                                                                                                                TXEN
                                                                                                                                      RXEN
                                                                                                                                            RXWK
                                                                                                                                                 Reserved

Reserved  Bit 31-16   -- 
  TXINV     Bit 15               TX
                                 TX1
 RXINV      Bit 14               
                                 RXENTXEN0
    EN      Bit 13
  DLEN      Bit 12    W
WKMOD       Bit 11               0TX
   PEN      Bit 10               VDD=1/idleGnd=0/mark
                                 1TX VDD=0/markGnd=1/idle
                                  TX 
                                 RX
                                 RX1
                                 
                                 RXENTXEN0

                      W
                                 0RX
                                 VDD=1/idleGnd=0/mark
                                 1RX (VDD=0/markGnd=1/idle)
                                  RX 
                                 USART 
                                 USART 
                                  1

                     R/W
                                 
                                 0 USART 
                                 1 USART
                                 
                                  1 

                     R/W
                                 08 
                                 19 
                                 
                                  USART  1

                     R/W 
                                 0
                                 1

                     R/W 

V1.6                                       448/578
©                    http://www.essemi.com
                ES32F0100/0101/0131 

  PSEL   Bit 9              
PERRIE   Bit 8              
TXEMPIE  Bit 7              MSB  DLEN=1 9 
  TXCIE  Bit 6              DLEN=0 8  
RXNEIE   Bit 5               1 
 IDLEIE  Bit 4               1PEN  
         Bit 3              
  TXEN                      0
                            1
                            
                            /PEN  1
                             1 
                R/W
                            
                            0
                            1
                            PERRIF 
                             1 
                R/W 0
                            1 USART_STAT  PERRIF=1 
                             USART 
                            TXEMPIF 
                             1 
                R/W 0
                            1 USART_STAT  TXEMPIF=1 
                             USART 
                            
                             1 
                R/W 0
                            1 USART_STAT  TXCIF =1 
                             USART 
                            RXNEIF 
                             1 
                R/W 0
                            1 USART_STAT  OVRIF=1 
                            RXNEIF=1  USART 
                            IDLE 
                             1 
                            0
                R/W
                            1 USART_STAT  IDLEIF=1 
                             USART 
                            
                            
                R/W  1 
                            0

V1.6                                  449/578
©               http://www.essemi.com
  RXEN    Bit 2                                            ES32F0100/0101/0131 
 RXWK     Bit 1
Reserved  Bit 0              1
                             
                             1 TXEN 
                             "0""0""1" 
                             
                             2 TXEN  1  1 
                             
                             
                              1 
                 R/W
                             0
                             1
                             
                              USART 
                              1 
                             
                             0
                             1
                             
                 R/W
                             1 RXWK  1
                             USART 
                             
                             
                             2WKMOD  = 1
                              RXNEIF  1 RXWK 
                             
                  -- 

V1.6                                   450/578
©                http://www.essemi.com
                                                                                                        ES32F0100/0101/0131 

21. 5. 2. 5 USART 1USART_CON1

USART  1 USART_CON1
10H
00000000_00000000_00000000_00000000B

31 30 29 28 27 26 25 24 23 22 21 20 19 18 17 16 15 14 13 12 11 10 9 8 7 6 5 4 3 2 1 0

          Reserved
                                                                   STPLEN
                                                                            SCKEN
                                                                                  SCKPOL
                                                                                        SCKPHA
                                                                                             LBCP
                                                                                                            Reserved
                                                                                                                                   ADDR[3:0]

Reserved  Bit 31-14   -- 
STPLEN    Bit 13-12              
 SCKEN                           
SCKPOL      Bit 11               001 
SCKPHA      Bit 10
            Bit 9    R/W
  LBCP                           010.5 
            Bit 8                102 
                                 111.5 
                                 
                                  SCK 

                     R/W
                                 0 SCK 
                                 1 SCK 
                                 
                                  SCK 
                                  SCKPHA 

                     R/W
                                  /
                                 0 SCK 
                                 1 SCK 
                                 
                                  SCK 
                                  SCKPOL 

                     R/W
                                 /
                                 0
                                 1
                                 
                                 
                                 MSB
                                 SCK 
                                 0 SCK 

                     R/W
                                 
                                 1 SCK 
                                 
                                   8  9 
                                  USART_CON0  DLEN 

V1.6                                       451/578
©                    http://www.essemi.com
Reserved  Bit 7-4                                            ES32F0100/0101/0131 
  ADDR    Bit 3-0
                                8  9 
                    -- 

                               USART 
                                USART 
                               
                   R/W
                               
                                3 SCKPOL
                               SCKPHALBCP

V1.6                                     452/578
©                  http://www.essemi.com
                                                                                                        ES32F0100/0101/0131 

21. 5. 2. 6 USART 2USART_CON2

USART  2 USART_CON2
14H
00000000_00000000_00000000_00000000B

31 30 29 28 27 26 25 24 23 22 21 20 19 18 17 16 15 14 13 12 11 10 9 8 7 6 5 4 3 2 1 0

           Reserved
                                                                          CTSIE
                                                                                CTSEN
                                                                                      RTSEN
                                                                                            TXDMAEN
                                                                                                 RXDMAEN
                                                                                                       SMARTEN
                                                                                                             NACK
                                                                                                                   HDPSEL
                                                                                                                         Reserved
                                                                                                                              Reserved
                                                                                                                                    ERRI E

 Reserved  Bit 31-11   -- 
   CTSIE     Bit 10             CTS 
                                0
  CTSEN      Bit 9
                      R/W
  RTSEN      Bit 8              1 USART_STAT  CTSIF = 1 
TXDMAEN      Bit 7              
RXDMAEN      Bit 6              CTS 
SMARTEN      Bit 5              0 CTS 
             Bit 4              1 CTS  CTS  0
   NACK      Bit 3
 HDPSEL               R/W
                                 CTS 
                                 CTS 
                                  CTS 
                                RTS 
                                0 RTS 

                      R/W 1 RTS 
                                  
                                 RTS  0
                                 DMA 

                      R/W 0 DMA 
                                1 DMA 
                                 DMA 

                      R/W 0 DMA 
                                1 DMA 
                                
                                

                      R/W
                                0
                                1
                                 NACK 

                      R/W 0 NACK 
                                1 NACK 
                                
                                

                      R/W
                                0
                                1

V1.6                                        453/578
©                     http://www.essemi.com
Reserved  Bit 2-1                                                 ES32F0100/0101/0131 
 ERRIE     Bit 0
                    -- 
                             
                             USART_CON2 
                             RXDMAEN = 1
                             USART_STAT  FERRIF = 1 
                             OVRIF = 1  NDETIF = 1

                   R/W
                             
                             0
                             1 USART_CON2  RXDMAEN = 1 
                              USART_STAT  FERRIF = 1  OVRIF
                             = 1  NDETIF = 1 

V1.6                                     454/578
©                  http://www.essemi.com
                                                                                                        ES32F0100/0101/0131 

21. 5. 2. 7 USARTUSART_GP

USART  USART_GP
18H
00000000_00000000_00000000_00000000B

31 30 29 28 27 26 25 24 23 22 21 20 19 18 17 16 15 14 13 12 11 10 9 8 7 6 5 4 3 2 1 0

          Reserved
                                                                               GTVAL
                                                                                                                             PSC

Reserved  Bit 31-16   -- 
 GTVAL    Bit 15-8             
                               
   PSC     Bit 7-0
                     R/W
                               
                                1
                               
                               -- PSC  00000001
                               -- PSC[4:0]
                                
                               5  2 

                     R/W 
                               00000 - 
                               00001 2 
                               00010 4 
                               00011 6  ...
                               [7:5]

V1.6                                       455/578
©                    http://www.essemi.com
                                                                                                        ES32F0100/0101/0131 

                              22 ADC

22. 1 

         ADC  12  16 
         0~15 4  19 (VREF 1.0V) 18 
        1/4 VDD  17  16 
         16 
        

        ADC 
        

22. 2 

       6/8/10/12 
       
       
        0 "n"
       
       
       
       
       
       
        DMA 

V1.6                        456/578
©     http://www.essemi.com
                                                          ES32F0100/0101/0131 

22. 3 

                                                                                                                                                          APB

       PIS                                                                                                                                                                  ADC
                                                                                                                                                                                 NVIC
VREFP                                                        
VREFN                                                                                                                                                          
VDD                                                         
VSS                                                                                                                                                                           DMA
                                                                                                                                                               DMA
AIN0                                       4                  
                                                              
AIN1                              
                                   16                      ADC
             .                    
             .                                            
             .                                             4 x 16

AIN15                                                     
                                                              16
                           TEMPS
                           ¼ VDD
                         VREF_1V

                                  ADC
                                   ADC

                                               22-1 ADC 

V1.6                                                                                                                                                                                 457/578
©                                                                                                                                                              http://www.essemi.com
                                                                                                        ES32F0100/0101/0131 

22. 4 

22. 4. 1 ADC

             ADC_CON1  ADCEN  1  ADC

             ADC_CON1  NCHTRG  ICHTRG  1  AD 

             ADC_CON1  ADCEN  ADC

22. 4. 2 ADC

            ADC 

               ADCCLK
             APB  APB  1~128
             ADC 

               /
             APB 

22. 4. 3 

             16  4 
            
            AIN3AIN8AIN2AIN2AIN0AIN2AIN2AIN15

                16  ADC_NCHSx 
                      ADC_CHSL 
                      NSL 

                4  ADC_ICHS 
                      ADC_CHSL 
                     ISL 

             ADC_NCHSx  ADC_ICHS  ADC 
            

V1.6                        458/578
©     http://www.essemi.com
                                                                                                        ES32F0100/0101/0131 

22. 4. 4 

             ADC 

                ADC_CON1.CM  0
                ADC_CON1  NCHTRG  1
                ADC_CON1  ICHTRG  1
               
            

               
                  -  16  ADC_NCHDR 
                  -  ADC_STAT.NCHE  1
                  -  ADC_CON0.NCHEIE  1

               
                  -  16  ADC_ICHDRx 
                  -  ADC_STAT.ICHE  1
                  -  ADC_CON0.ICHEIE  1

            ADC 

22. 4. 5 

             ADC 
            

                ADC_CON1.CM  1
                ADC_CON1.NCHTRG  1
            

               
                  -  16  ADC_NCHDR 
                  -  ADC_STAT.NCHE  1
                  -  ADC_CON0.NCHEIE  1

 1
 2 ADC_CON0.IAUTO 

V1.6                        459/578
©     http://www.essemi.com
                                                                                                        ES32F0100/0101/0131 

22. 4. 6 

             ADC  tSTAB ADC 
             CHENCHE  ICHE 1

           ADC_CLK

 ADCEN                     
NCHTRG/                    C HE
 ICHTRG             ADC           A DC 

    ADC  tSTAB        
                      
    CHE

                     22-2 ADC 

22. 4. 7 

             ADC  ADC_WDTL
            ADC_WDTH   AWD         ADC_STAT.AWDF  1   
            ADC_CON0.AWDIE 

             12  ADC 
            

 ADC_CON0 

                    AWDSGL      NCHWDEN   ICHWDTEN
                         X             0         0
                         0             0         1
                         0             1         0
                         0             1         1
(AWDCH )                 1             0         1
(AWDCH )                 1             1         0
/(AWDCH )                1             1         1

                 22-1 



1.  ADC_CON0.AWDSGL  0 
 1  AWDCH 

2.  ADC_CON0.NCHWDEN  ADC_CON0.ICHWDTEN 


V1.6                                                   460/578
©                                http://www.essemi.com
                                                                                                        ES32F0100/0101/0131 

22. 4. 8 

            
            ADC_CON0.SCANEN  1 ADC  ADC_NCHSx 
             ADC_ICHS 
             CM  1ADC 
            

             ADC_CON1.DMA  1 DMA 
            ADC_NCHDR SRAM
            ADC_STAT  NCHE  1

                ADC_CON1.NCHESEL 
                ADC_CON1.NCHESEL  1
             ADC_ICHDRx 

22. 4. 9 

            
             ADC_CON0.IAUTO 
            

            
            

            

            1.  ADC_CON1.NCHTRG  1 
            2.  ADC_CON1.ICHTRG  1
            

            3. 

            

            
             IAUTO  1
             20  AD  ADC_NCHSx  ADC_ICHS 

            

             CM  IAUTO  1

22. 4. 10 

            
             ADC_CON0.NCHDCEN  1  n (n8)
             ADC_NCHSx 
             ADC_CON0.ETRGN  n 

V1.6                        461/578
©     http://www.essemi.com
                                                                                         ES32F0100/0101/0131 

 ADC_NCHSx  n 
 ADC_CHSL.NSL 

n = 4ADC_CHSL.NSL=9 = 02356781011
 1  0235
 2  67810
 3  11  NCHE 
 4  0235
 ADC_CON0.ETRGN
 NCHE 

 4  0235 

 ADC_CON0  ICHDCEN  1 
n=1 ADC_ICHS 
 ADC_ICHS 
 ADC_CHSL  ISL 

n = 1ADC_CHSL.ISL=3 = 134
 1  1
 2  3
 3  4  ICHE 
 4  1

 4  1 



V1.6                        462/578
©     http://www.essemi.com
                                                                                                        ES32F0100/0101/0131 

22. 4. 11 

            ADC_CON1.ALIGN ,
            
             ADC_ICHOFFx 
             EXS 
             12 

             
               0 0 0 0 D11 D10 D9 D8 D7 D6 D5 D4 D3 D2 D1 D0
             
            EXS EXS EXS EXS D11 D10 D9 D8 D7 D6 D5 D4 D3 D2 D1 D0

                                              22-3 

             
             D11 D10 D9 D8 D7 D6 D5 D4 D3 D2 D1 D0 0 0 0 0
             
            EXS D11 D10 D9 D8 D7 D6 D5 D4 D3 D2 D1 D0 0 0 0

                                              22-4 

22. 4. 12 

            ADC  ADCCLK  ADC_SMPTx 
            CHTy 
            
            Tconv =  + 14 
            
            ADCCLK = 12MHz  = 4 
            Tconv = 4 + 14 = 18  = 1.5s

22. 4. 13 

             PIS  ADC PIS  PIS 
             PIS  ADC 
            

V1.6                        463/578
©     http://www.essemi.com
                                                                                                        ES32F0100/0101/0131 

22. 4. 14 

             ADC ADC_CON0.RSEL 
            

               12 + 14 ADCCLK 
               10 + 12 ADCCLK 
               8 + 10 ADCCLK 
               6 + 8 ADCCLK 

22. 4. 15 

22. 4. 15. 1 DMA
              ADC_NCHDR AD 
               DMA 
               ADC  ADC_NCHDR 

               DMA 
               ADC_NCHDR 

22. 4. 15. 2 DMA
               ADC_CON1
               NCHESEL  1 NCHE  1
               1 NCHESEL = 1 
              NCHE  1 ADC_NCHDR 
              ADC_STAT  OVR  1  ADC_CON0.OVRIE 
              1

               NCHESEL  1  ADC  OVR 

              1.  ADC_STAT  OVR 

              2.  ADC 

22. 4. 15. 3 DMA
               ADC 
               DMA (ADC_CON1.DMA = 0) (NCHESEL = 0) 
              NCHE  1

V1.6                        464/578
©     http://www.essemi.com
                             ES32F0100/0101/0131 

22. 4. 16 ADC

             1 
            

                                                                  
                                                            NCHE   NCHEIE
                                                            ICHE    ICHEIE
                                                           AWDF     AWDIE
                                                             OVR    OVRIE

                              22-2 ADC 

V1.6                                                                                    465/578
©                                                                 http://www.essemi.com
                          ES32F0100/0101/0131 

22. 5 

22. 5. 1 

ADC                                                
               000H   R   ADC 
               004H   W   ADC 
ADC_STAT       008H       ADC  0
ADC_CLR        00CH  R/W  ADC  1
ADC_CON0       010H  R/W  ADC  1
ADC_CON1       014H  R/W  ADC  2
ADC_SMPT1      018H  R/W  ADC  3
ADC_SMPT2      01CH  R/W  ADC 
ADC_SMPT3      020H  R/W  ADC  1
ADC_NCHOFF     024H  R/W  ADC  2
ADC_ICHOFF1    028H  R/W  ADC  3
ADC_ICHOFF2    02CH  R/W  ADC  4
ADC_ICHOFF3    030H  R/W  ADC  1
ADC_ICHOFF4    034H  R/W  ADC  2
ADC_NCHS1      038H  R/W  ADC  3
ADC_NCHS2      03CH  R/W  ADC  4
ADC_NCHS3      040H  R/W  ADC 
ADC_NCHS4      044H  R/W  ADC 
ADC_ICHS       048H  R/W  ADC 
ADC_CHSL       04CH  R/W  ADC 
ADC_WDTH       050H  R/W  ADC  1
ADC_WDTL       054H       ADC  2
ADC_ICHDR1     058H   R   ADC  3
ADC_ICHDR2     05CH   R   ADC  4
ADC_ICHDR3     060H   R   ADC 
ADC_ICHDR4     064H   R   ADC 
ADC_NCHDR             R
ADC_CCR              R/W

V1.6                                            466/578
©                         http://www.essemi.com
                                                                                                        ES32F0100/0101/0131 

22. 5. 2 

22. 5. 2. 1 ADCADC_STAT

ADC ADC_STAT
00H
00000000_00000000_00000000_00000000B

31 30 29 28 27 26 25 24 23 22 21 20 19 18 17 16 15 14 13 12 11 10 9 8 7 6 5 4 3 2 1 0

          Reserved
                                                                            ICHS
                                                                                  NCH S
                                                                                                Reserved
                                                                                                               OVR
                                                                                                                     ICHE
                                                                                                                          NCH E
                                                                                                                                AWDF

Reserved  Bit 31-10  -- 
  ICHS       Bit 9            
                              0
  NCHS     Bit 8
Reserved  Bit 7-4    R
           Bit 3              1
   OVR                        1ADC_CLR
                              
ICHE      Bit 2               0

NCHE      Bit 1      R
                              1
AWDF      Bit 0               1ADC_CLR

V1.6                 -- 
©                             
                              0
                              1

                     R
                               1 DMA=1  NCHESEL=1 
                              
                               2 1 ADC_CLR 
                              
                              0

                     R
                              1
                               1 ADC_CLR 
                              
                              NCHESEL = 0
                              0
                              1

                     R
                              NCHESEL = 1 
                              0
                              1
                              1ADC_CLR
                              
                              0

                     R
                              1
                              1ADC_CLR

                                                                                                 467/578
                                                                          http://www.essemi.com
                                                                                                        ES32F0100/0101/0131 

22. 5. 2. 2 ADCADC_CLR

ADC ADC_CLR
04H
00000000_00000000_00000000_00000000B

31 30 29 28 27 26 25 24 23 22 21 20 19 18 17 16 15 14 13 12 11 10 9 8 7 6 5 4 3 2 1 0

          Reserved
                                                                            ICHS
                                                                                  NCH S
                                                                                                Reserved
                                                                                                               OVR
                                                                                                                     ICHE
                                                                                                                          NCH E
                                                                                                                                AWDF

Reserved  Bit 31-10  -- 
  ICHS       Bit 9             
  NCHS       Bit 8
           Bit 7-4   W1 0
Reserved     Bit 3             1
   OVR       Bit 2             
  ICHE       Bit 1
  NCHE       Bit 0   W1 0
  AWDF                         1

                     -- 
                               

                     W1 0
                               1
                               

                     W1 0
                               1
                               

                     W1 0
                               1
                               

                     W1 0
                               1

V1.6                                       468/578
©                    http://www.essemi.com
                                                                                                        ES32F0100/0101/0131 

22. 5. 2. 3 ADC 0ADC_CON0

ADC  0ADC_CON0
08H
00000000_00000000_00000000_00000000B

31 30 29 28 27 26 25 24 23 22 21 20 19 18 17 16 15 14 13 12 11 10 9 8 7 6 5 4 3 2 1 0

Reserved
                 OVRIE
                          RSEL
                                  NCHWDEN
                                        ICHWDTEN
                                                    Reserved
                                                                     CNT W
                                                                                      ETRGN
                                                                                                  ICHDCEN
                                                                                                        NCHDCEN
                                                                                                              IAUTO
                                                                                                                   AWDSGL
                                                                                                                         SCANEN
                                                                                                                               ICHEIE
                                                                                                                                     AWDI E
                                                                                                                                           NCHEIE
                                                                                                                                                            AWDCH

 Reserved  Bit 31-27   -- 
   OVRIE     Bit 26              

    RSEL   Bit 25-24  R/W 0
                                 1
NCHWDEN      Bit 23              ADC 
ICHWDTEN     Bit 22              006 
           Bit 21-19
 Reserved  Bit 18-16  R/W 018 
   CNTW                          1010 
           Bit 15-13             1112 
  ETRGN                          
             Bit 12
 ICHDCEN     Bit 11   R/W 0
NCHDCEN      Bit 10              1
                                 
   IAUTO
                      R/W 0
                                 1

                       -- 
                                 
                                 0000ADC

                      R/W 0011ADC
                                 ......
                                 1117ADC

                                 
                                 0001 
                      R/W 0012 
                                 ......
                                 1118 
                                 
                      R/W 0
                                 1
                                 
                      R/W 0
                                 1
                      R/W 

V1.6                                        469/578
©                     http://www.essemi.com
AWDSGL    Bit 9                                            ES32F0100/0101/0131 
SCANEN    Bit 8
 ICHEIE   Bit 7              0
 AWDIE    Bit 6              1
NCHEIE    Bit 5              
                  R/W 0
AWDCH    Bit 4-0             1
                             
                  R/W 0
                             1
                             
                  R/W 0
                             1
                             
                  R/W 0
                             1
                             
                  R/W 0
                             1
                             
                             00000ADC  0
                             00001ADC  1
                  R/W
                             ......
                             10011ADC  19
                             

V1.6                                    470/578
©                 http://www.essemi.com
                                                                                                        ES32F0100/0101/0131 

22. 5. 2. 4 ADC 1ADC_CON1

ADC  1ADC_CON1
0CH
00000000_00000000_00000000_00000000B

31 30 29 28 27 26 25 24 23 22 21 20 19 18 17 16 15 14 13 12 11 10 9 8 7 6 5 4 3 2 1 0

Reserved
     NCHTRG
              NETS
                                  Reserved
                                                    ICHTRG
                                                            IETS
                                                                                         Reserved
                                                                                                                   ALIGN
                                                                                                                         NCHESEL
                                                                                                                               Reserved
                                                                                                                                     DM A
                                                                                                                                                         Reserved
                                                                                                                                                                             CM
                                                                                                                                                                                   ADCEN

Reserved     Bit 31    -- 
NCHTRG       Bit 30              

   NETS   Bits 29-28  W1 0
Reserved   Bit 27-23             1
 ICHTRG      Bit 22              
                                 00
   IETS   Bits 21-20
Reserved  Bits 19-12  R/W 01
                                 10
  ALIGN       Bit 11             11
NCHESEL      Bit 10
Reserved      Bit 9    -- 
              Bit 8              
   DMA       Bit 7-2
Reserved      Bit 1   W1 0
                                 1
    CM                           
                                 00

                      R/W 01
                                 10
                                 11

                       -- 
                                 

                      R/W 0
                                 1
                                 

                      R/W 0 STAT.NCHE  1
                                 1 STAT.NCHE  1

                       -- 
                                 DMA 

                      R/W 0
                                 1

                       -- 
                                 

                      R/W 0
                                 1

V1.6                                        471/578
©                     http://www.essemi.com
ADCEN   Bit 0                                              ES32F0100/0101/0131 

                             ADC 
                  R/W 0

                             1

22. 5. 2. 5 ADC 1ADC_SMPT1

ADC  1ADC_SMPT1
10H
00000000_00000000_00000000_00000000B

31 30 29 28 27 26 25 24 23 22 21 20 19 18 17 16 15 14 13 12 11 10 9 8 7 6 5 4 3 2 1 0

CHT 7
                       CHT 6
                                               CHT 5
                                                                      CHT 4
                                                                                             CHT 3
                                                                                                                    CHT 2
                                                                                                                                           CHT 1
                                                                                                                                                                  CHT 0

CHT<y>  Bit 31-0              y y=0..7
                             00001 
                             00012 
                  R/W
                             00104 
                             001115 
                             

22. 5. 2. 6 ADC 2ADC_SMPT2

ADC  2ADC_SMPT2
14H
00000000_00000000_00000000_00000000B

31 30 29 28 27 26 25 24 23 22 21 20 19 18 17 16 15 14 13 12 11 10 9 8 7 6 5 4 3 2 1 0

CHT15
                       CHT14
                                               CHT13
                                                                      CHT12
                                                                                             CHT11
                                                                                                                    CHT10
                                                                                                                                           CHT 9
                                                                                                                                                                  CHT 8

CHT<y>  Bit 31-0              y y=8..15
                             00001 
                             00012 
                  R/W
                             00104 
                             001115 
                             

V1.6                                    472/578
©                 http://www.essemi.com
                                                                                                        ES32F0100/0101/0131 

22. 5. 2. 7 ADC 3ADC_SMPT3

ADC  3ADC_SMPT3
18H
00000000_00000000_00000000_00000000B

31 30 29 28 27 26 25 24 23 22 21 20 19 18 17 16 15 14 13 12 11 10 9 8 7 6 5 4 3 2 1 0

          Reserved
                                                                    CHT19
                                                                                           CHT18
                                                                                                                  CHT17
                                                                                                                                         CHT16

Reserved  Bits 31-16   -- 
CHT<y>    Bits 15-0               y y=16..19
                                 00001 
                                 00012 

                      R/W
                                 00104 
                                 001115 
                                 

V1.6                                        473/578
©                     http://www.essemi.com
                                                                                                        ES32F0100/0101/0131 

22. 5. 2. 8 ADCADC_NCHOFF

ADC ADC_NCHOFF
1CH
00000000_00000000_00000000_00000000B

31 30 29 28 27 26 25 24 23 22 21 20 19 18 17 16 15 14 13 12 11 10 9 8 7 6 5 4 3 2 1 0

          Reserved
                                                                                                      NOFF

Reserved  Bit 31-12   -- 
  NOFF    Bit 11-0              

                     R/W ADC_NCHDR 
                                

V1.6                                       474/578
©                    http://www.essemi.com
                                                                                                        ES32F0100/0101/0131 

22. 5. 2. 9 ADC 1ADC_ICHOFF1

ADC  1ADC_ICHOFF1
20H
00000000_00000000_00000000_00000000B

31 30 29 28 27 26 25 24 23 22 21 20 19 18 17 16 15 14 13 12 11 10 9 8 7 6 5 4 3 2 1 0

          Reserved   IOFF1

Reserved  Bit 31-12   -- 
  IOFF1   Bit 11-0               1 

                     R/W ADC_ICHDR1 
                                

22. 5. 2. 10 ADC 2ADC_ICHOFF2

ADC  2ADC_ICHOFF2
24H
00000000_00000000_00000000_00000000B

31 30 29 28 27 26 25 24 23 22 21 20 19 18 17 16 15 14 13 12 11 10 9 8 7 6 5 4 3 2 1 0

          Reserved   IOFF2

Reserved  Bit 31-12   -- 
  IOFF2   Bit 11-0               2 

                     R/W ADC_ICHDR2 
                                

V1.6                                       475/578
©                    http://www.essemi.com
                                                                                                        ES32F0100/0101/0131 

22. 5. 2. 11 ADC 3ADC_ICHOFF3

ADC  3ADC_ICHOFF3
28H
00000000_00000000_00000000_00000000B

31 30 29 28 27 26 25 24 23 22 21 20 19 18 17 16 15 14 13 12 11 10 9 8 7 6 5 4 3 2 1 0

          Reserved   IOFF3

Reserved  Bit 31-12   -- 
  IOFF3   Bit 11-0               3 

                     R/W ADC_ICHDR3 
                                

22. 5. 2. 12 ADC 4ADC_ICHOFF4

ADC  4ADC_ICHOFF4
2CH
00000000_00000000_00000000_00000000B

31 30 29 28 27 26 25 24 23 22 21 20 19 18 17 16 15 14 13 12 11 10 9 8 7 6 5 4 3 2 1 0

          Reserved   IOFF4

Reserved  Bit 31-12   -- 
  IOFF4   Bit 11-0               4 

                     R/W ADC_ICHDR4 
                                

V1.6                                       476/578
©                    http://www.essemi.com
                                                                                                        ES32F0100/0101/0131 

22. 5. 2. 13 ADC 1ADC_NCHS1

ADC  1ADC_NCHS1
30H
00000000_00000000_00000000_00000000B

31 30 29 28 27 26 25 24 23 22 21 20 19 18 17 16 15 14 13 12 11 10 9 8 7 6 5 4 3 2 1 0

Reserved
                       NS4
                                              Reserved
                                                                     NS3
                                                                                            Reserved
                                                                                                                   NS2
                                                                                                                                           Reserved
                                                                                                                                                                  NS1

Reserved  Bit 31-29   -- 
   NS4    Bit 28-24              4 
          Bit 23-21
Reserved  Bit 20-16  R/W 00000~10011 0~19
   NS3    Bit 15-13             
          Bit 12-8
Reserved              -- 
   NS2     Bit 7-5               3 
           Bit 4-0
Reserved             R/W 00000~10011 0~19
   NS1                          

                      -- 
                                 2 

                     R/W 00000~10011 0~19
                                

                      -- 
                                 1 

                     R/W 00000~10011 0~19
                                

V1.6                                       477/578
©                    http://www.essemi.com
                                                                                                        ES32F0100/0101/0131 

22. 5. 2. 14 ADC 2ADC_NCHS2

ADC  2ADC_NCHS2
34H
00000000_00000000_00000000_00000000B

31 30 29 28 27 26 25 24 23 22 21 20 19 18 17 16 15 14 13 12 11 10 9 8 7 6 5 4 3 2 1 0

Reserved
                       NS8
                                              Reserved
                                                                     NS7
                                                                                            Reserved
                                                                                                                   NS6
                                                                                                                                           Reserved
                                                                                                                                                                  NS5

Reserved  Bit 31-29   -- 
   NS8    Bit 28-24              8 
          Bit 23-21
Reserved  Bit 20-16  R/W 00000~10011 0~19
   NS7    Bit 15-13             
          Bit 12-8
Reserved              -- 
   NS6     Bit 7-5               7 
           Bit 4-0
Reserved             R/W 00000~10011 0~19
   NS5                          

                      -- 
                                 6 

                     R/W 00000~10011 0~19
                                

                      -- 
                                 5 

                     R/W 00000~10011 0~19
                                

V1.6                                       478/578
©                    http://www.essemi.com
                                                                                                        ES32F0100/0101/0131 

22. 5. 2. 15 ADC 3ADC_NCHS3

ADC  3ADC_NCHS3
38H
00000000_00000000_00000000_00000000B

31 30 29 28 27 26 25 24 23 22 21 20 19 18 17 16 15 14 13 12 11 10 9 8 7 6 5 4 3 2 1 0

Reserved
                       NS12
                                              Reserved
                                                                     NS11
                                                                                            Reserved
                                                                                                                   NS10
                                                                                                                                           Reserved
                                                                                                                                                                  NS9

Reserved  Bit 31-29   -- 
  NS12    Bit 28-24              12 
          Bit 23-21
Reserved  Bit 20-16  R/W 00000~10011 0~19
  NS11    Bit 15-13             
          Bit 12-8
Reserved              -- 
  NS10     Bit 7-5               11 
           Bit 4-0
Reserved             R/W 00000~10011 0~19
   NS9                          

                      -- 
                                 10 

                     R/W 00000~10011 0~19
                                

                      -- 
                                 9 

                     R/W 00000~10011 0~19
                                

V1.6                                       479/578
©                    http://www.essemi.com
                                                                                                        ES32F0100/0101/0131 

22. 5. 2. 16 ADC 4ADC_NCHS4

ADC  4ADC_NCHS4
3CH
00000000_00000000_00000000_00000000B

31 30 29 28 27 26 25 24 23 22 21 20 19 18 17 16 15 14 13 12 11 10 9 8 7 6 5 4 3 2 1 0

Reserved
                       NS16
                                              Reserved
                                                                     NS15
                                                                                            Reserved
                                                                                                                   NS14
                                                                                                                                           Reserved
                                                                                                                                                                  NS3

Reserved  Bit 31-29   -- 
  NS16    Bit 28-24              16 
          Bit 23-21
Reserved  Bit 20-16  R/W 00000~10011 0~19
  NS15    Bit 15-13             
          Bit 12-8
Reserved              -- 
  NS14     Bit 7-5               15 
           Bit 4-0
Reserved             R/W 00000~10011 0~19
  NS13                          

                      -- 
                                 14 

                     R/W 00000~10011 0~19
                                

                      -- 
                                 13 

                     R/W 00000~10011 0~19
                                

V1.6                                       480/578
©                    http://www.essemi.com
                                                                                                        ES32F0100/0101/0131 

22. 5. 2. 17 ADCADC_ICHS

ADC ADC_ICHS
40H
00000000_00000000_00000000_00000000B

31 30 29 28 27 26 25 24 23 22 21 20 19 18 17 16 15 14 13 12 11 10 9 8 7 6 5 4 3 2 1 0

Reserved
                       IS4
                                              Reserved
                                                                     IS3
                                                                                            Reserved
                                                                                                                   IS2
                                                                                                                                           Reserved
                                                                                                                                                                  IS1

Reserved  Bit 31-29   -- 
    IS4   Bit 28-24              4 
          Bit 23-21
Reserved  Bit 20-16  R/W 00000~10011 0~19
    IS3   Bit 15-13             
          Bit 12-8
Reserved              -- 
    IS2    Bit 7-5               3 
           Bit 4-0
Reserved             R/W 00000~10011 0~19
    IS1                         

                      -- 
                                 2 

                     R/W 00000~10011 0~19
                                

                      -- 
                                 1 

                     R/W 00000~10011 0~19
                                

V1.6                                       481/578
©                    http://www.essemi.com
                                                                                                        ES32F0100/0101/0131 

22. 5. 2. 18 ADCADC_CHSL

ADC ADC_CHSL
44H
00000000_00000000_00000000_00000000B

31 30 29 28 27 26 25 24 23 22 21 20 19 18 17 16 15 14 13 12 11 10 9 8 7 6 5 4 3 2 1 0

          Reserved
                                                                               ISL
                                                                                                Reserved
                                                                                                                       NSL

Reserved  Bit 31-10   -- 
    ISL    Bit 9-8              
           Bit 7-4              001 
Reserved   Bit 3-0
   NSL               R/W 012 
                                103 
                                114 

                      -- 
                                
                                00001 

                     R/W 00012 
                                ......
                                111116 

V1.6                                                           482/578
©                                        http://www.essemi.com
                                                                                                        ES32F0100/0101/0131 

22. 5. 2. 19 ADCADC_WDTH

ADC ADC_WDTH
48H
00000000_00000000_00001111_11111111B

31 30 29 28 27 26 25 24 23 22 21 20 19 18 17 16 15 14 13 12 11 10 9 8 7 6 5 4 3 2 1 0

          Reserved
                                                                                                      HT

Reserved  Bit 31-12   -- 
    HT    Bit 11-0              

                     R/W
                                

22. 5. 2. 20 ADCADC_WDTL

ADC ADC_WDTL
4CH
00000000_00000000_00000000_00000000B

31 30 29 28 27 26 25 24 23 22 21 20 19 18 17 16 15 14 13 12 11 10 9 8 7 6 5 4 3 2 1 0

          Reserved
                                                                                                      LT

Reserved  Bit 31-12   -- 
    LT    Bit 11-0              

                     R/W
                                

22. 5. 2. 21 ADC 1ADC_ICHDR1

ADC  1ADC_ICHDR1
50H
00000000_00000000_00000000_00000000B

31 30 29 28 27 26 25 24 23 22 21 20 19 18 17 16 15 14 13 12 11 10 9 8 7 6 5 4 3 2 1 0

          Reserved
                                                                                                      VA L

Reserved  Bit 31-16  -- 
   VAL    Bit 15-0             1 

                     R
                              

V1.6                                                                                                                              483/578
©                                                                                                           http://www.essemi.com
                                                                                                        ES32F0100/0101/0131 

22. 5. 2. 22 ADC 2ADC_ICHDR2

ADC  2ADC_ICHDR2
54H
00000000_00000000_00000000_00000000B

31 30 29 28 27 26 25 24 23 22 21 20 19 18 17 16 15 14 13 12 11 10 9 8 7 6 5 4 3 2 1 0

          Reserved             VA L

Reserved            Bit 31-16  -- 
   VAL              Bit 15-0             2 

                               R
                                        

22. 5. 2. 23 ADC 3ADC_ICHDR3

ADC  3ADC_ICHDR3
58H
00000000_00000000_00000000_00000000B

31 30 29 28 27 26 25 24 23 22 21 20 19 18 17 16 15 14 13 12 11 10 9 8 7 6 5 4 3 2 1 0

          Reserved             VA L

Reserved            Bit 31-16  -- 
   VAL              Bit 15-0             3 

                               R
                                        

22. 5. 2. 24 ADC 4ADC_ICHDR4

ADC  4ADC_ICHDR4
5CH
00000000_00000000_00000000_00000000B

31 30 29 28 27 26 25 24 23 22 21 20 19 18 17 16 15 14 13 12 11 10 9 8 7 6 5 4 3 2 1 0

          Reserved             VA L

Reserved            Bit 31-16  -- 
   VAL              Bit 15-0             4 

                               R
                                        

V1.6                                                               484/578
©                                            http://www.essemi.com
                                                                                                        ES32F0100/0101/0131 

22. 5. 2. 25 ADCADC_NCHDR

ADC ADC_NCHDR
60H
00000000_00000000_00000000_00000000B

31 30 29 28 27 26 25 24 23 22 21 20 19 18 17 16 15 14 13 12 11 10 9 8 7 6 5 4 3 2 1 0

             Reserved
                                                                                                         VA L

Reserved     Bit 31-16  -- 
   VAL       Bit 15-0            

                        R
                                 

22. 5. 2. 26 ADCADC_CCR

ADC ADC_CCR
64H
00000000_00000000_11000000_00000000B

31 30 29 28 27 26 25 24 23 22 21 20 19 18 17 16 15 14 13 12 11 10 9 8 7 6 5 4 3 2 1 0

Reserved
                                  TSEN
                                        Reserved
                                             VRNSEL
                                                   VRPSEL
                                                         Reserved
                                                               PWRMODSEL
                                                                           Reserved
                                                                                      IREFEN
                                                                                               Reserved
                                                                                                        VREFEN
                                                                                                                         Reserved
                                                                                                                                                CKDIV

   Reserved  Bit31-21    -- 
     TSEN     Bit 20              
              Bit 19
   Reserved   Bit 18    R/W 0
   VRNSEL                         1
              Bit 17
   VRPSEL     Bit 16     -- 
   Reserved   Bit 15              
PWRMODSEL
                        R/W 0
                                  1 VSS  ADC  1
                                  

                        R/W 0VDD
                                  1VREFP PA15

                         -- 
                                  ADC 
                                  0

                        R/W
                                  1ADC  1MHz
                                  ADC1MHz

V1.6                                                                                                                                 485/578
©                                                                                                              http://www.essemi.com
                     ES32F0100/0101/0131 

Reserved  Bit 14-12            ADC
IREFEN      Bit 11    -- 
Reserved   Bit10-9
VREFEN       Bit 8             
Reserved    Bit7-3   R/W 0

 CKDIV     Bit 2-0             1ADC  1
                      -- 

                                1V 
                     R/W 0

                               1
                      -- 

                               ADC  PCLK
                               0001 
                     R/W 0012 
                               ......
                               111128 

ADC  IREFEN=1 ADC  STOP  ADC 
      IREFEN=0

V1.6                                       486/578
©                    http://www.essemi.com
                                                                                                        ES32F0100/0101/0131 

                          23 ACMP0~1

23. 1 

        ACMP 
        
        

23. 2 

       4 
       2 
       1 
       
       0~60mv  8 
       
       

               
               
               
       
       
               
               
               
                PIS

V1.6                        487/578
©     http://www.essemi.com
                                                                 ES32F0100/0101/0131 

23. 3 

                                 PSEL

CMPxP0                    00           EN          Warm-up            Warmup interrupt
CMPxP1                     -                                          Edge interrupt
CMPxP2                    11                       counter             OUT
CMPxP3
        VREF_1V                                             ACT         Output to PIS
CMPxN0                    00
CMPxN1                     -                                1
                          11                                0

                                                   INACTV

                                           MODSEL

                                                                 PEN

                   NSEL

                                        23-1 ACMP 





 OUT


V1.6                                                                                        488/578
©                                                                     http://www.essemi.com
        ES32F0100/0101/0131 

23. 4 

23. 4. 1 ACMP

23. 4. 1. 1 
               ACMP_CON.EN = 1 
              
              ACMP_CON.WARMUPT  1us ~ 50s 
               ACMP_STAT.ACT  1
              
              ACMP_CON.INACTV 

                       STOP                   
              ACMP_STAT.ACT  1
               SLEEP 

23. 4. 1. 2 

              
               MODE
               BIAS  BIAS 
              

                     uA           us
                               1           7
                               4          1.5
                              10          0.7
                              40          0.3

         23-1 



23. 4. 1. 3 

              ACMP_CON.HYSTSEL  8 
              0  0 0 
             ACMP_CON.HYSTSEL 
              
              
              

V1.6                                                    489/578
©                                 http://www.essemi.com
                INPOS  ES32F0100/0101/0131 

INNEG + 20mV                              
           INNEG

INNEG ­ 20mV

             ACMPOUT

               ACMPOUT

                                                   23-2 

23. 4. 2 

             4  2
             VREF_1V 

23. 4. 3 

                              ACMP_STAT.OUT       
           ACMP_PORT.PEN = 1  PIS  IO ACMP_CON.OUTINV
           

23. 4. 4 PIS

            
            ACMP_RIF.EDGE  ACMP_IES.EDGE 
             ACMP_IFM.EDGE  1
                              ACMP_IFC.EDGE   1   
            ACMP_IFM.EDGE 
            

            
            ACMP_RIF.WARMUP  ACMP_IES.WARMUP 
            

            PIS

V1.6                                         490/578
©                      http://www.essemi.com
                            ES32F0100/0101/0131 

23. 5 

23. 5. 1 

ACMP                                              
                 000H  R/W  ACMP 
                 004H  R/W  ACMP 
ACMP_CON         008H       ACMP 
ACMP_INPUTSEL    00CH   R   ACMP 
ACMP_STAT        010H   W   ACMP 
ACMP_IES         014H   W   ACMP 
ACMP_IEC         018H   R   ACMP 
ACMP_IEV         01CH   R   ACMP 
ACMP_RIF         020H  R/W  ACMP 
ACMP_IFM         024H   W   ACMP 
ACMP_IFC               R/W
ACMP_PORT

V1.6                                              491/578
©                           http://www.essemi.com
                                                                                                        ES32F0100/0101/0131 

23. 5. 2 

23. 5. 2. 1 ACMPACMP _CON

ACMP ACMP_CON
00H
00000000_00000000_00000000_00000000B

31 30 29 28 27 26 25 24 23 22 21 20 19 18 17 16 15 14 13 12 11 10 9 8 7 6 5 4 3 2 1 0

Reserved
                                  FLTSEL
                                                 Reserved
                                                          FALLEN
                                                               RISEEN
                                                                        MODSEL
                                                                                       Reserved
                                                                                                        WARMUPT
                                                                                                                    Reserved
                                                                                                                               HYSTSEL
                                                                                                                                           OUTIN V
                                                                                                                                                INACTV
                                                                                                                                                      Reserved
                                                                                                                                                            EN

  Reserved   Bit 31-23   -- 
                                   
FLTSEL<2:0>  Bit 22-20             000
                                   0011  PCLK 
  Reserved   Bit 19-18
   FALLEN      Bit 17   R/W 0102  PCLK 
   RISEEN      Bit 16              0114  PCLK 
  MODSEL                           1008  PCLK 
  Reserved   Bit 15-14             
             Bit 13-11
 WARMUPT                 -- 
             Bit 10-8               1
  Reserved
  HYSTSEL       Bit 7   R/W
              Bit 6-4              
                                    1

                        R/W
                                   
                                   
                                   00

                        R/W 01
                                   10
                                   11

                         -- 
                                    Warm-up 
                                   0004 PCLK
                                   0018 PCLK
                                   01016 PCLK:

                        R/W 01132 PCLK
                                   10064 PCLK
                                   101128 PCLK
                                   110256 PCLK
                                   111512 PCLK 

                         -- 
                                   

                        R/W
                                   

V1.6                                          492/578
©                       http://www.essemi.com
OUTINV    Bit 3                                           ES32F0100/0101/0131 

INACTV    Bit 2             
Reserved  Bit 1             000
          Bit 0             001~15 mV
    EN                      010~22 mV
                            011~29 mV
                            100~36 mV
                            101~43 mV
                            110~50 mV
                            111~57 mV 
                            
                 R/W 0
                            1
                            
                 R/W 00
                            1 1
                  -- 
                            
                 R/W 0
                            1

V1.6                                   493/578
©                http://www.essemi.com
                                                                                                        ES32F0100/0101/0131 

23. 5. 2. 2 ACMPACMP_INPUTSEL

ACMP ACMP_INPUTSEL
04H
00000000_00000000_00000000_00000000B

31 30 29 28 27 26 25 24 23 22 21 20 19 18 17 16 15 14 13 12 11 10 9 8 7 6 5 4 3 2 1 0

                    Reserved
                                                                                                     NSEL
                                                                                                                   Reserved
                                                                                                                              PSEL

Reserved  Bit 31-8   -- 
  NSEL    Bit 7-4              
            Bit 3              0000VREF_1V
Reserved  Bit 2-0              0001
  PSEL
                    R/W
                               0010 0
                               0011 1
                               

                     -- 
                               
                               000 0
                               001 1

                    R/W
                               010 2
                               011 3
                               

V1.6                                                              494/578
©                                           http://www.essemi.com
                                                                                                        ES32F0100/0101/0131 

23. 5. 2. 3 ACMPACMP_STAT

ACMP ACMP_STAT
08H
00000000_00000000_00000000_00000000B

31 30 29 28 27 26 25 24 23 22 21 20 19 18 17 16 15 14 13 12 11 10 9 8 7 6 5 4 3 2 1 0

                    Reserved           OUT
                                            ACT

Reserved  Bit 31-2  -- 
   OUT      Bit 1   R 
   ACT      Bit 0   R 

23. 5. 2. 4 ACMPACMP_IES

ACMP ACMP_IES
0CH
00000000_00000000_00000000_00000000B

31 30 29 28 27 26 25 24 23 22 21 20 19 18 17 16 15 14 13 12 11 10 9 8 7 6 5 4 3 2 1 0

                    Reserved           WARMUP
                                            EDGE

Reserved  Bit 31-2  -- 
WARMUP      Bit 1             Warm-up

  EDGE      Bit 0   W1 0
                              1
                              

                    W1 0
                              1

V1.6                                                         495/578
©                                      http://www.essemi.com
                                                                                                        ES32F0100/0101/0131 

23. 5. 2. 5 ACMPACMP_IEC

ACMP ACMP_IEC
10H
00000000_00000000_00000000_00000000B

31 30 29 28 27 26 25 24 23 22 21 20 19 18 17 16 15 14 13 12 11 10 9 8 7 6 5 4 3 2 1 0

                    Reserved
                                                                                                             WARMUP
                                                                                                                   EDGE

Reserved  Bit 31-2  -- 
WARMUP      Bit 1             Warm-up

  EDGE      Bit 0   W1 0
                              11
                              

                    W1 0
                              11

23. 5. 2. 6 ACMPACMP_IEV

ACMP ACMP_IEV
14H
00000000_00000000_00000000_00000000B

31 30 29 28 27 26 25 24 23 22 21 20 19 18 17 16 15 14 13 12 11 10 9 8 7 6 5 4 3 2 1 0

                    Reserved
                                                                                                             WARMUP
                                                                                                                   EDGE

Reserved  Bit 31-2  -- 
WARMUP      Bit 1            Warm-up

  EDGE      Bit 0   R 0
                             1
                             

                    R 0
                             1

V1.6                                                         496/578
©                                      http://www.essemi.com
                                                                                                        ES32F0100/0101/0131 

23. 5. 2. 7 ACMPACMP_RIF

ACMP ACMP_RIF
18H
00000000_00000000_00000000_00000000B

31 30 29 28 27 26 25 24 23 22 21 20 19 18 17 16 15 14 13 12 11 10 9 8 7 6 5 4 3 2 1 0

                    Reserved
                                                                                                             WARMUP
                                                                                                                   EDGE

Reserved  Bit 31-2  -- 
WARMUP      Bit 1            Warm-up

  EDGE      Bit 0   R 0
                             1
                             

                    R 0
                             1

23. 5. 2. 8 ACMPACMP_IFM

ACMP ACMP_IFM
1CH
00000000_00000000_00000000_00000000B

31 30 29 28 27 26 25 24 23 22 21 20 19 18 17 16 15 14 13 12 11 10 9 8 7 6 5 4 3 2 1 0

                    Reserved
                                                                                                             WARMUP
                                                                                                                   EDGE

Reserved  Bit 31-2  -- 
WARMUP      Bit 1            Warm-up

  EDGE      Bit 0   R 0
                             1
                             

                    R 0
                             1

V1.6                                                        497/578
©                                     http://www.essemi.com
                                                                                                        ES32F0100/0101/0131 

23. 5. 2. 9 ACMPACMP_IFC

ACMP ACMP_IFC
20H
00000000_00000000_00001111_11111111B

31 30 29 28 27 26 25 24 23 22 21 20 19 18 17 16 15 14 13 12 11 10 9 8 7 6 5 4 3 2 1 0

                     Reserved
                                                                                                              WARMUP
                                                                                                                    EDGE

Reserved  Bits 31-2  -- 
WARMUP      Bit 1              Warm-up

  EDGE      Bit 0    W1 0
                               11
                               

                     W1 0
                               11

23. 5. 2. 10 ACMPACMP_PORT

ACMP ACMP_PORT
24H
00000000_00000000_00000000_00000000B

31 30 29 28 27 26 25 24 23 22 21 20 19 18 17 16 15 14 13 12 11 10 9 8 7 6 5 4 3 2 1 0

                     Reserved
                                                                                                                 PEN

Reserved  Bit 31-1    -- 
   PEN      Bit 0               

                     R/W 0
                                1

V1.6                                                          498/578
©                                       http://www.essemi.com
                                                                                                        ES32F0100/0101/0131 

                              24 DBGC

24. 1 

        ES32F010x/0131  MCU  CortexTM-M0
        
        
        
         MCU 
        ES32F010x/0131  MCU  SWDSerial Wire Debug
        
        ARM_debug_interface_v5.pdfADIv5 Architecture specification
        ARM_debug_interface_v5_supplement.pdfADIv5.1 Spec Supplement
        DDI0419C_arm_architecture_v6m_reference_manual.pdfARMv6 Architecture
        Cortex-M0_TechnicalReferenceManualRevB_DDI0432_r0p0-01rel0.pdf

24. 2 

        SW-DP DAP 
        MEM-AP DAP 
       Breakpoint4 
       DWT2 

24. 3 

  SWD      AP                                                         
  (SW-DP)         (MEM-AP)                                            


                                    DAP                               
                                                               ARMv5

            24-1 SWD 

V1.6                                              499/578
©                           http://www.essemi.com
                    ES32F0100/0101/0131 

24. 4 

24. 4. 1 

             SWD 

        /                            
SWCLK        
SWDIO        
        /    / SW-DP 
             

         24-1 SWD 

24. 4. 2 

            
            DBGC
            

            

            1.  GP16C2T0

            2.  GP16C2T0  DBG_APB1FZ.
                  GP16C2T0_STOP = 1

            3.  DBG_APB1FZ. GP16C2T0_STOP = 1
                  GP16C2T0 

24. 4. 3 

            
            RMU_AHB2RSTR.CHIPRST

V1.6                                      500/578
©                   http://www.essemi.com
                                                                                                        ES32F0100/0101/0131 

24. 4. 4 MEM-AP

            MEM-AP 

                                           D P                      DPACC

                 APSEL                                        [31:0]

     AH B                                  IDIDCODE 0x00
        (AHBAP)
                                           / CTRL/STAT) 0x04

                                           APSELECT)  0x08    A[3:2]

                                           RDBUFF)    0x0C

                 [31:0] A[7:4] A[3:2] RnW                     RnW

     MEM-AP                                                        APACC
                                                              [31:0] A[3:2] RnW
          0x00
          0x01
          0x3F
     IDR

                                             D P

                                                       

                  24-2 MEM-AP 

V1.6                                                                        501/578
©                                                     http://www.essemi.com
                           ES32F0100/0101/0131 

24. 5                                                    
                     000H  DBG 
24. 5. 1             004H  
                     008H  APB1 
DBGC                 00CH  APB2 
                 

DBG_IDCODE
Reserved
DBG_APB1FZ
DBG_APB2FZ

24. 5. 2 

24. 5. 2. 1 DBGDBG_IDCODE

DBG DBG_IDCODE
000H
xxxxxxxx_xxxxxxxx_xxxxxxxx_xxxxxxxx B

31 30 29 28 27 26 25 24 23 22 21 20 19 18 17 16 15 14 13 12 11 10 9 8 7 6 5 4 3 2 1 0

         REV_ID
                                                                  CORE_ID
                                                                                                                DEV_ID

 REV_ID  Bit 31-16           
CORE_ID  Bit 15-12  R 0x1000 A
 DEV_ID  Bit 11-0
                             0x1001 B
                             
                    R
                             0x0Cortex-M0
                             
                    R
                             0x032MCU 

V1.6                                                                             502/578
©                                                          http://www.essemi.com
                                                                                                        ES32F0100/0101/0131 

24. 5. 2. 2 APB1 DBG_APB1FZ

APB1 DBG_APB1FZ
008H
00000000_00000000_00000000_00000000B

31 30 29 28 27 26 25 24 23 22 21 20 19 18 17 16 15 14 13 12 11 10 9 8 7 6 5 4 3 2 1 0

                          Reserved
                                                                                                           GP16C2T2_STOP
                                                                                                                GP16C2T1_STOP
                                                                                                                      GP16C2T0_STOP
                                                                                                                            BS16T0_STOP
                                                                                                                                 AD16C4T0_STOP

     Reserved  Bit 31-5    -- 
GP16C2T2_STOP    Bit 4               GP16C2T2 
GP16C2T1_STOP    Bit 3
GP16C2T0_STOP    Bit 2    R/W 0
                 Bit 1               1
  BS16T0_STOP    Bit 0               GP16C2T1 
AD16C4T0_STOP
                          R/W 0
                                     1
                                     GP16C2T0 

                          R/W 0
                                     1
                                     BS16T0 

                          R/W 0
                                     1
                                     AD16C4T0 

                          R/W 0
                                     1



24. 5. 2. 3 APB2 DBG_APB2FZ

APB2 DBG_APB2FZ
00CH
00000000_00000000_00000000_00000000B

31 30 29 28 27 26 25 24 23 22 21 20 19 18 17 16 15 14 13 12 11 10 9 8 7 6 5 4 3 2 1 0

               Reserved
                                                                                 WWDT_STOP
                                                                                       IDWT_STOP
                                                                                                           Reserved
                                                                                                                               I2C1_STOP
                                                                                                                                     I2C0_STOP

Reserved       Bit 31-10  -- 

V1.6                                                 503/578
©                              http://www.essemi.com
WWDT_STOP   Bit 9                                             ES32F0100/0101/0131 

IWDT_STOP    Bit 8              WWDT 
  Reserved  Bit 7-2  R/W 0
             Bit 1
I2C1_STOP                       1
                                IWDT 
I2C0_STOP   Bit 0    R/W 0
                                1
                      -- 
                                I2C1 
                     R/W 0SMBus 
                                1SMBus 
                                I2C0 
                     R/W 0SMBus 
                                1SMBus 



V1.6                                       504/578
©                    http://www.essemi.com
                                                                                                        ES32F0100/0101/0131 

                                  25 FLASH

25. 1 

        FLASH 
        
        

25. 2 

       FLASH 
               
               

       FLASH 
               
               
               
               
               

V1.6                        505/578
©     http://www.essemi.com
                                ES32F0100/0101/0131 

25. 3 

25. 3. 1 FLASH

            FLASH  0x0001_0000

25. 3. 1. 1 UID
               UID  96 

 

 

          09E0H                         0UID0
          Bit 31-0   0
    UID0

          09E8H                         1UID1
          Bit 31-0   1
    UID1

          09F0H                         2UID2
          Bit 31-0   2
    UID2

25. 3. 1. 2 CHIPID
              CHIPID  32 

          0BF8H                    CHIPID
          Bit 31-0  CHIPID
  CHIPID

V1.6                                                                 506/578
©                                              http://www.essemi.com
                                        ES32F0100/0101/0131 

25. 3. 2 FLASH

            FLASH 

            FLASH 

            
             FLASH 

25. 3. 2. 1 CFG_WORD
              

                      0CFG_WORD0
    
             0000H
 16Bits      1001_1001_1000_0000B9980H
         --  Bits 63-32 
         --
         --  Bits 31-16 Bits 15-0  Bit15-0 

     IWDTEN  Bit 15   1

    WWDTEN           IWDT 
         --
                     0
     BORVS
             Bit 14  1
         --          
       XTAL
                     
         --
      BOOT            LRC

         --          WWDT 

             Bit 13  0

                     1

             Bit 12   0

                     BOR 

                     003.1V

             Bits 11-10 012.5V

                     102.1V

                     11

             Bit 9    0

                     

             Bit 8   01~8MHz

                     18~12MHz

             Bit 7    1

                     FLASH  ES32F0101 

             Bit 6   0 0x0 ()

                     1 0xF000

             Bits 5-0  0

 1
 2 CFG_WORD 0xFFFF

V1.6                                                          507/578
©                                       http://www.essemi.com
                                                ES32F0100/0101/0131 

25. 3. 2. 2 CFG_WRP

               2  CFG_WRP0  CFG_WRP1 
               IAP 

                        x CFG_WRPxx=01
   
             0020H0028H
 16 
        --   0000_0000_0000_0001B0001H
        --   Bits 63-32 

      END    Bits 31-16 Bits 15-0  Bit15-0 

        --             

     START             0x0Flash Page 3

         --            0x1Flash Page 7
      ENB
                              0x2Flash Page 11
             Bits 15-11

                              ......

                       0x1FFlash Page 127

                       

                       

             Bits 10-8  0

                       

                       0x0Flash Page 0

             Bits 7-3  0x1Flash Page 4
                       0x2Flash Page 8

                       ......

                       0x1FFlash Page 124

             Bit 2-1    0

                       

             Bit 0     0

                       1

V1.6                                                                  508/578
©                                               http://www.essemi.com
                                                ES32F0100/0101/0131 

25. 3. 2. 3 CFG_DAFLS

               1  CFG_DAFLS  FLASH 
               IAP 

                                  Flash CFG_DAFLS
   
             0030H
 16 
        --   0000_0000_0000_0001B0001H
        --   Bits 63-32 

      END    Bits 31-16 Bits 15-0  Bit15-0 

        --                Flash 

     START               0x0Flash Page 3

         --              0x1Flash Page 7
      ENB
                              0x2Flash Page 11
             Bits 15-11

                              ......

                         0x1FFlash Page 127

                          Flash 

                          Flash 

             Bits 10-8  0

                          Flash 

                         0x0Flash Page 0

             Bits 7-3    0x1Flash Page 4
                         0x2Flash Page 8

                         ......

                         0x1FFlash Page 124

             Bit 2-1      0

                          Flash 

             Bit 0       0

                         1

25. 3. 2. 4 CHKSUM
              

             01C0H                   CHKSUM
             Bits 63-32
             Bits 31-0   
      --                 
 CHKSUM

             01C8H               CHKSUMN
             Bits 63-32
             Bits 31-0   
      --                 
CHKSUMN

V1.6                                                                  509/578
©                                               http://www.essemi.com
                                           ES32F0100/0101/0131 

25. 3. 2. 5 CFG_GBRDP

               Level0~2 Level0 Level1  Level2 
              "MSC""FLASH "

                                      CFG_GBRDP
             0040H
             0101_0101_1010_1010_0101_0101_1010_1010B55AA_55AAH
      --     Bits 63-32 

  GBRDP                       
                              0xFFFF_FFFF Level 0
             Bits 31-0 0xFFFF_XXXX Level 1XXXX  FFFF
                              0xYYYY_XXXX Level 2YYYY  FFFF
                              

25. 3. 2. 6 CFG_PCROP

                       x CFG_PCROPxx=01
   
             0200H0208H
 16 
        --   0111_1000_0000_0000B7800HFlash  32KB
        --   1111_1000_0000_0000BF800HFlash  64KB

      END    Bits 63-32 

        --   Bits 31-16 Bits 15-0  Bit15-0 

     START             

         --            0x0Flash Page 3
      ENB
                       0x1Flash Page 7

                       0x2Flash Page 11

                              ......
             Bits 15-11

                              0x0FFlash Page 63Flash  32KB

                       ......

                       0x1FFlash Page 127Flash  64KB

                       

                       Flash 

             Bits 10-8  0

                       

                       0x0Flash Page 0

             Bits 7-3  0x1Flash Page 4
                       0x2Flash Page 8

                       ......

                       0x1FFlash Page 124

             Bit 2-1    0

                       

             Bit 0     0

                       1

V1.6                                                                     510/578
©                                                  http://www.essemi.com
                                                                               ES32F0100/0101/0131 

            1 ARM Cortex-M0 

1. 1 

         ARM Cortex-M0 ARM Cortex-M0 User Guide

1. 2 Cortex-M0 

Cortex-M0  32  ARM Cortex 


 
 
 
 
  Cortex-M 

            Cortex-M0 components
                               Cortex-M0 processor

Interrupts   Nested                                   Cortex-M0      Debug
            Vectored                                processor core
            Intreeupt                                               Breakpoint
            Controller                                                  and
             (NVIC)
                                                                    watvhpoint
                                                                        unit

                                                    Bus matrix      Debugger      Debug
                                                                    interface   Acess port

                                                                                   (DAP)

                        AHB-Like interface to system                            Serial Wire debug-port

                                 1-1 Cortex-M0 

Cortex-M0  32  3 ·

Cortex-M0 

Cortex-M0  ARMv6-M  16  Thumb  Thumb-2 
 32  8  16 


Cortex-M0 NVIC
NVIC 

       NMI
       
       
 NVIC ISR

V1.6                                                                                                  511/578
©                                                                               http://www.essemi.com
                                                                                                        ES32F0100/0101/0131 

        
         ISR  ISR 
         ISR 
        NVIC 
        

1. 2. 1 

            Cortex-M0  AMBA 
            

1. 2. 2 

            Cortex-M0 
             2 SWD
            SWD 

1. 2. 3 Cortex-M0 

                32 
                Cortex-M 
               
               
                32 
               
               

1. 2. 4 Cortex-M0 

            Cortex-M0 
            NVIC -- NVIC 
             -- SCB
            

             -- SysTick 24 
            RTOS

1. 3 

1. 3. 1 

             Cortex-M0 
            

1. 3. 1. 1 
              

V1.6                        512/578
©     http://www.essemi.com
                                  ES32F0100/0101/0131 

Thread  --  Thread 


Handler  -- 
Thread 

1. 3. 1. 2 

              
              
              
              

CONTROL ­


                                                   
Thread             ­
Handler            

                    1-1 

1. 3. 1. 3 
              

Low registers           R0   General purpose registers
                        R1
High registers          R2   PSP                        MSP
    Stack Pointer       R3
    Link Register       R4
                        R5
 Program Counter        R6
                        R7
                        R8   Program Status Register    Special registers
                        R9    Interrupt mask register
                       R10
                       R11        Control Register
                       R12
                    SP(R13)
                    LR(R14)
                    PC(R15)

                       PSR
                   PRIMASK
                   CONTROL

                    1-2 

            [1]                                        
R0-R12    RW                 
MSP       RW                 
PSP       RW                 
LR        RW                 
PC        RW                 
PSR       RW       [2]       PSR 

V1.6                                                                          513/578
©                                                       http://www.essemi.com
                             ES32F0100/0101/0131 

            [1]                                        
APSR      RW                 APSR 
IPSR      R      0x00000000  IPSR 
EPSR      R      [2]         EPSR 
PRIMASK   RW     0x00000000  PRIMASK 
CONTROL   RW     0x00000000  CONTROL 

                  1-2 

[1]
[2]Bit[24] T  bit[0]


R0-R12  32 


SP R13 Thread CONTROL  bit[1] 




 0 = MSP
 1 = PSP
 0x00000000  MSP 


LR R14
LR 


PC R15
0x00000004 PC bit[0]  EPSR  T 
 1


PSR

 APSR
 IPSR
 EPSR
 32  PSR  3 PSR 

V1.6                                               514/578
©                            http://www.essemi.com
                                                         ES32F0100/0101/0131 

          31 30 29 28 27 25 24 23                        65                     0
          NZ C V
                                               Reserved

                                   Reserved              Exception number
                                            T
          Reserved                             Reserved

           1-3 APSRIPSREPSR 

         3  2  3 
         MSR  MRS 

          PSR MRS 
          APSR MSR  APSR
        PSR 

                                                                              
PSR       RW[1][2]                             APSREPSR  IPSR
IEPSR     RO                                   EPSR  IPSR
IAPSR     RW[1]                                APSR  IPSR
EAPSR     RW[2]                                APSR  IPSR

           1-3 PSR 

[1] IPSR 
[2] EPSR  EPSR 

         MRS  MSR 

        APSR 
        

                                                         
          N
[31]      Z                                    
[30]      C                                    
[29]      V                                    
[28]      -                                    
[27:0]                                         

                        1-4 APSR 

         APSR 

        IPSR  ISR
        

V1.6                                                                                                  515/578
©                                                                               http://www.essemi.com
                                   ES32F0100/0101/0131 

                                                                  
[31:6]   -                       
                                 
[5:0]                            0=Thread 
                                 1=
                                 2=NMI
                                 3=HardFault
                                 4-10=
                                 11-SVCall
                                 1213=
                                 14=PendSV
                                 15=SysTick
                                 16=IRQ0
                                 ......
                                 47=IRQ31
                                 48-63=
                                 

                        1-5 IPSR 

         EPSR  Thumb 

          EPSR EPSR 

                          
[31:25]  -                
[24]     T                Thumb 
[23:0]   -                

                        1-6 EPSR 

          MRS  EPSR  MSR 
         EPSR  PSR  EPSR 
         ""  T  0

          BLXBX  POP{PC}

           xPSR 
           bit[0]
          T  0  HardFault 

         -- -  LDM  STM
         

         

V1.6                                                                                      516/578
©                                                                   http://www.essemi.com
                    ES32F0100/0101/0131 

        
        
        

         MSR  MRS  CPS  PRIMASK 
         MRSMSR  CPS

        PRIMASK 
        

                       
[3:1]      -           
                       0=
[0]        PRIMASK     1=

                     1-7 PRIMASK 

        
        CONTROL  Thread 
         

                      
[31:2]  -             
                      
[1]                   0=MSP 
                      1=PSP 
[0]     -              Handler  0
                      

                     1-8 CONTROL 

         MSP CONTROL 
         CONTROL 

         OS 
        

         MSP PSP
         MSR  1  MRS

         MSR  ISB 
         ISB  ISB

1. 3. 1. 4 
              Cortex-M0 NVIC
              
              

               NVIC 

V1.6                                                     517/578
©                                  http://www.essemi.com
                                                                                                        ES32F0100/0101/0131 

1. 3. 1. 5 
              

               
                        - 32 
                        - 16 
                        - 8 

               PPB
                     

1. 3. 1. 6 Cortex 
              ARM  Cortex-M0  Cortex CMSIS
              CMSIS 

              CMSIS  Cortex-M0 

               
                        - 
                        - 

               
                        - 
                        - 

                RTOS 
              CMSIS  Cortex-M0 
              TCP/IP  Flash 

               CMSIS 
              CMSIS  CMSIS
              

               CMSIS  CMSIS 
              

               CMSIS 
              

               CMSIS 

                "Power management programming hints"
                "Intrinsic functions"
                CMSIS  Cortex-M0 NVIC  "Accessing the Cortex-M0 NVIC

                     registers using CMSIS"
               NVIC  "NVIC programming hints"

V1.6                        518/578
©     http://www.essemi.com
                                       ES32F0100/0101/0131 

1. 3. 2 

              
               4GB 

           Device 511MB   0xFFFFFFFF
Private periphaeral 1MB
                          0xE0100000
                          0xE00FFFFF
                          0xE0000000
                          0xDFFFFFFF

Extermal device 1.0GB

      Extermal RAM 1.0GB  0xA0000000
                          0x9FFFFFFF

                          0x60000000
                          0x5FFFFFFF

      Periphreal 0.5GB     0x40000000
           SRAM 0.5GB     0x3FFFFFFF
             Code 0.5GB
                          0x20000000
                          0x1FFFFFFF

                          0x00000000

                    1-4  ARM Cortex-M0 

PPB Cortex-M0


1. 3. 2. 1 
              
              

              

               -- 

              Device  --  Device Strong-ordered
              memory
               -- 

              Device 
              Device 
              

              XN --  XN 
               HardFault 

V1.6                                                         519/578
©                                      http://www.essemi.com
                                                    ES32F0100/0101/0131 

1. 3. 2. 2 

              
              
              
              
              

               Device 
               A1  A2 A1 
              

                              A2  Normal            Device access  Stronglt-ordered
A1                                access                                     access
Normal access                             Non-shareable Shareable             -
Device accessNon-shareable            -                                       <
Device accessShareable                -          -  -                         <
Stronglt-orderedaccess                -                                       <
                                      -          <  -

                                                 -  <

                                                 <  <

                                   1-9 


- -- 
< -- A1  A2 

1. 3. 2. 3 
              

                      [1]                 XN[1]                              
0x00000000-  Code                         -      
0x1FFFFFFF                                -      
0x20000000-  SRAM    Device                      
0x3FFFFFFF                                       
0x40000000-          Device 
0x5FFFFFFF                                XN 
0x60000000-  RAM     Device 
0x9FFFFFFF                                -      
0xA0000000-  
0xDFFFFFFF                                XN 
0xE0000000-  Device                                  NVIC
0xE00FFFFF
0xE0100000-                               XN
0xFFFFFFFF                                          

                                          XN 

                                   1-10 

V1.6                                                                                     520/578
©                                                                  http://www.essemi.com
                                                                                                        ES32F0100/0101/0131 

[1]

              CodeSRAM  RAM 

1. 3. 2. 4 
              

               
                     

               
               
               
              
              

              DMB -- DMB
               DMB
              DSB -- DSB
               DSB
              ISB -- ISB
                ISB

              

               -- 
               DMB 
              

               -- 
              ISB 

               -- 
               DSB 
               DMB 

              

1. 3. 2. 5 
               0-3 
               4-7 
              

              
              lsbyte
              msbyte

V1.6                        521/578
©     http://www.essemi.com
                                               ES32F0100/0101/0131 

Memory                           Register
 70

Address A B0         Isbyte  31 2423 1615 8 7      0
             A+1 B1  msbyte
            A+2 B2           B3  B2        B1  B0

            A+3 B3

                                                  1-5 

1. 3. 3 

            

1. 3. 3. 1 
              
               -- 
               -- 
              
               -- 
              
              
               -- 
              

1. 3. 3. 2 
              
               -- 
              
              
              NMI -- NMI
              NMI  2NMI 
               
               
              HardFault -- HardFault 
              HardFault -1
              SVCall -- SVC SVC  OS 
               SVC  OS 

V1.6                                                                        522/578
©                                                     http://www.essemi.com
                                        ES32F0100/0101/0131 

PendSV -- PendSV  OS 
 PendSV 

SysTick -- SysTick 
SysTick  OS 

IRQ --  IRQ


[1]      IRQ [1]                                    [2]
1      -                                0x00000004
2      -14          NMI        -3       0x00000008
3      -13          HardFault  -2       0x0000000C
4-10   -                       -1       -
11     -5           SVCall     -        0x0000002C
12-13  -                       [3]      -
14     -2           PendSV     -        0x00000038
15     -1           SysTick    [3]      0x0000003C
16     0 and above  IRQ        [3]      0x00000040 and above[4]
                               [3]

                     1-11 

[1]CMSIS  IRQ IPSR 
         IPSR 

[2]
[3]
[4] 4 




 


 HardFault 

1. 3. 3. 3 
              
              ISR --  IRQ0~IRQ31  ISR 
               -- HardFault 
               -- NMIPendSVSVCall SysTick  HardFault 
              

1. 3. 3. 4 
              
               1

V1.6                                                          523/578
©                                       http://www.essemi.com
                                                      ES32F0100/0101/0131 

 Thumb 

Exception number  IRQ number  Vector                  Offset

         47       31          IRQ31                   0xBC
           .
           .                                     . 
           .                                             .
           .      2           IRQ2                       .
         18
         17       1           IRQ1                    0x48
         16                                           0x44
         15       0           IRQ0                    0x40
         14                                           0x3C
         13       -1                                  0x38
         12
         11       -2          Sys Tick                0x2C
         10
          9                   PendSV
          8
          7                   Reserved
          6
          5                             SVCall
          4       -5
          3
          2                   Reserved
          1
                              HardFault         0x10

                  -13         NMI               0x0C

                  -14         Reset             0x08
                                                0x04
                              Initial SP value
                                                0x00

                                                    1-6 

               0x00000000

1. 3. 3. 5 
              

               
               HardFault  NMI 
               0
              

               
               

 0--3 HardFault  NMI 
     

 IRQ[0]  IRQ[1]  IRQ[1] 
 IRQ[0] IRQ[1]  IRQ[0]  IRQ[1]


 IRQ[0]  IRQ[1]  IRQ[0]





V1.6                                                                        524/578
©                                                     http://www.essemi.com
                                                                                                        ES32F0100/0101/0131 

1. 3. 3. 6 
              

               -- 
              

              

               -- 

               
               
               
              

               -- 
              

               -- 
              
              
              

              
              

                Thread 
               

                     
              
              
              

              
              stacking8 
              stack frame

                                           1-7                         525/578
                                                 http://www.essemi.com
V1.6
©
                          ES32F0100/0101/0131 



 PC



 LR  EXC_RETURN 









 PC  EXC_RETURN 


 POP  PC

 BX 

 EXC_RETURN  LR 
EXC_RETURN  bit[31:4] 0xFFFFFFF
 PC 
EXC_RETURN  bit[3:0]


              EXC_RETURN                                           
0xFFFFFFF1                
                          
0xFFFFFFF9                 MSP
                          
0xFFFFFFFD                 MSP 
All other values           MSP
                          
                           PSP 
                           PSP
                          

                           1-12 

V1.6                                                                                       526/578
©                                                                    http://www.essemi.com
                                                                                                        ES32F0100/0101/0131 

1. 3. 4 
               HardFault 

               NMI  HardFault 
              

                SVCall  SVC 
                BKPT 
               
                XN 
               
               
               
                T  Thumb 
               

 NMI  HardFault HardFault NMI 
     

1. 3. 4. 1 
               NMI  HardFault  MSP 
               PSR 
              
              

               
               
                NMI HardFault 

 NMI  NMI 

V1.6                        527/578
©     http://www.essemi.com
                                                                                                        ES32F0100/0101/0131 

1. 3. 5 

            Cortex-M0  2 

               
               
           SCR  SLEEPDEEP 
            

1. 3. 5. 1 
              

              
              
              

              
              WFI WFI 
               WFI

              
              WFE
               WFE 
              0 -- 
              1 --  0
              WFE

               1 WFE 
              SEV  SEV
              

              Sleep-on-exit
               SCR  SLEEPONEXIT  1
              
              

V1.6                        528/578
©     http://www.essemi.com
                                                                                                        ES32F0100/0101/0131 

1. 3. 5. 2 
              

               WFI  sleep-on-exit 
              

              
               PRIMASK 
               PRIMASK
               0
               WFE 
              

               
                SEV 
               SCR  SEVONPEND  1
              
               SCR 

1. 3. 5. 3 
              ISO/IEC C  WFIWFE  SEV CMSIS 
              

              void __WFE(void) // 
              void __WFI(void) // 
              void __SEV(void) // 

V1.6                        529/578
©     http://www.essemi.com
                                         ES32F0100/0101/0131 

1. 4 

1. 4. 1 

             Thumb Cortex-M0 
             Cortex-M0 

               < >
               {}
               
            

                                                 
ADCS    {Rd,}Rn,Rm     
                                      NZC ADCADDRSBSBC
ADD{S}
                                      V     SUB
ADR
        {Rd,}Rn,<Rm\#imm>             NZC ADCADDRSBSBC
ANDS
ASRS                                  V     SUB
B{cc}
BICS    Rd,label        PC                           ADCADDRSBSBC
BKPT                                  -
BL
BLX                                                   SUB
BX
CMN     Rd,}Rn,Rm                     NZ   ADCADDRSBSBC
                                            SUB
CMP
        {Rd,}Rm,<Rs\#imm>             NZC ASRLSLLSR  ROR
CPSID
        label          {}             -    BBLBX  BLX
CPSIE
DMB     {Rd,}Rn,Rm                    NZ   ANDORREOR 
DSB                                        BIC
EORS
ISB     #imm                          -    BKPT
LDM     label          
        Rm                            -    BBLBX  BLX
        Rm             
                                      -    BBLBX  BLX

                                      -    BBLBX  BLX

        Rn,Rm                         NZC
                                                     CMP  CMN

                                      V

        Rn,<Rm\#imm >                 NZC
                                                     CMP  CMN
        i              
                                      V
        i              
        -                             -    CPS
        -              
        {Rd,}Rn,Rm                    -    CPS
        -
        Rn{!},reglist                 -    DMB
                                      -    DSB
                                           ANDORREOR 
                                      NZ   BIC
                                           ISB
                                      -    LDM  STM
                                      -

V1.6                                                             530/578
©                                          http://www.essemi.com
                                           ES32F0100/0101/0131 

                                                            
                         
LDR   Rt,label            PC            -    
                         
LDR   Rt,[Rn,<Rm\#imm>]                 -    
LDRB  Rt,[Rn,<Rm\#imm>]  
LDRH  Rt,[Rn,<Rm\#imm>]                 -    
                         
                                        -    
                         
LDRSB Rt,[Rn,<Rm\#imm>]                 -    
                         
LDRSH Rt,[Rn,<Rm\#imm>]                 -    
                         
LSLS {Rd,}Rn,<Rs\#imm>                  NZC  ASRLSLLSR  ROR
                                        NZC  ASRLSLLSR  ROR
U     {Rd,}Rn,<Rs\#imm>                 NZ   MOV  MVN
                         
MOV{S} Rd,Rm             32 
                         
MRS Rd,spec_reg                         -    MRS

MSR Spec_reg,Rm                         NZC
                                                       MSR
                         
                                        V
                         
MULS  Rd,Rn,Rm                          NZ   MULS
MVNS  Rd,Rm              
NOP   -                                 NZ   MOV  MVN
                         
                                        -    NOP
                         
ORRS {Rd},Rn,Rm                         NZ   ANDORREOR 
                                             BIC

POP reglist                             -    PUSH  POP

PUSH reglist                            -    PUSH  POP
                                             
REV Rd,Rm                               -    REVREV16  REVSH
REV16 Rd,Rm                             -    REVREV16  REVSH
                         
REVSH Rd,Rm                             -    REVREV16  REVSH
RORS {Rd,}Rn,Rs          
RSBS {Rd,}Rn,#0                         NZC ASRLSLLSR  ROR

                                        NZC ADCADDRSBSBC

                                        V     SUB

SBCS  {Rd,}Rn,Rm                        NZC ADCADDRSBSBC
SEV   -
STM   Rn!,reglist                       V     SUB
STR   Rt,[Rn,<Rm\#imm>]
STRB  Rt,[Rn,<Rm\#imm>]                 -    SEV

                                        -    LDM  STM

                                        -    

                                        -    

V1.6                                                               531/578
©                                            http://www.essemi.com
                                             ES32F0100/0101/0131 

                                                             
STRH    Rt,[Rn,<Rm\#imm>]  
                                          -    
SUB{S}  {Rd,}Rn<Rm\#imm>   
                                          NZC ADCADDRSBSBC
SVC     #imm               
SXTB    RdRm                              V     SUB
SXTH    RdRm               
TST     RnRm                              -    SVC
UXTB    RdRm               0 
UXTH    RdRm               0              -    SXT  UXT
WFE     -                  
WFI     -                                 -    SXT  UXT

                                          NZ   TST

                                          -    SXT  UXT

                                          -    SXT  UXT

                                          -    WFE

                                          -    WFI

                            1-13 Cortex-M0 

1. 4. 2 

            ISO/IEC C  Cortex-M0 
             CMSIS  C  C 
            

        CMSIS  ISO/IEC C 

                                                     CMSIS 
CPSIE i       void__enable_irq(void)
CPSID i       void__disable_irq(void)
ISB           void__ISB(void)
DSB           void__DSB(void)
DMB           void__DMB(void)
NOP           void__NOP(void)
REV           uint32_t__REV(uimt32_t int value)
REV16         uint32_t__REV16(uimt32_t int value)
REVSH         uint32_t__REVSH(uimt32_t int value)
SEV           void__SEV(void)
WFE           void__WFE(void)
WFI           void__WFI(void)

            1-14  Cortex-M0  CMSIS 

V1.6                                                                 532/578
©                                              http://www.essemi.com
             ES32F0100/0101/0131 

CMSIS  MRS  MSR 

                                              CMSIS 
PRIMASK      uint32_t__get_PRIMASKvoid
CONTROL      void__set_PRIMASKuimt32_t value
MSP          uint32_t__get_CONTROLvoid
PSP          void__set_CONTROLuimt32_t value
             uint32_t__get_MSPvoid
             void__set_MSPuimt32_t TopOfMainStack
             uint32_t__get_PSPvoid
             void__set_PSPuimt32_t TopOfMainStack

          1-15 

1. 4. 3 

            

               "Operands"
                PC  SP "Restrictions when using PC or SP"
               "Shift Operations"
               "Address alignment"
               PC "PC- relative expressions"
               "Conditional execution"

1. 4. 3. 1 
               ARM 
              
              

1. 4. 3. 2  PC  SP 
              PCSP
              

               BXBLX  POP  PC  0
               1 Cortex-M0  Thumb 
               BL  BLX  0  LR  1 

1. 4. 3. 3 

              
               ASRLSRLSL  ROR 
               0
               0 
              
              Rm n 

V1.6                                    533/578
©                 http://www.essemi.com
                                                                                       ES32F0100/0101/0131 

ASR
 n  Rm  32-n  n 
 32-n [31] n 
 ASR #3
 ASR  Rm  2n 


 ASRS  Rm [n-1]



  n  32  32 Rm [31]
  n  32  32 Rm [31]

                                 Carry
                                 Flag

31                      54 3210

                                                          ...

                                     1-8 ASR #3

LSR
 n  Rm  Rm  32-n  n 
 32-n  n  0 LSR #3
 Rm  LSR  2n 

 LSRS  Rm [n-1]

  n  32  32 0
  n  33  33 0

000                              Carry
31                               Flag

                        54 3210

                   ...

       1-9 LSR #3

V1.6                                          534/578
©                       http://www.essemi.com
                                                                                       ES32F0100/0101/0131 

LSL
 n  Rm  32-n  n 
32-n  n  0 LSL #3

 Rm  2  LSL 
 2n 

 LSLS  Rm [32-n]
 LSL #0 



  n  32  32 0
  n  33  33 0

                   000

          31                                       54 3210
                   ...
Carry
Flag

                                    1-10 LSL #3

ROR
 n  Rm  32-n  n 
 32-n  n  n 
 ROR #3

 RORS  Rm [n-1]



  n  32 Rm 
       Rm [31]

  n  32  ROR  n-32  ROR 

                               Carry
                               Flag

31                 5 4 32 1 0

              ...

                                                  1-11 ROR #3

1. 4. 3. 4 
              
              

V1.6                                     535/578
©                  http://www.essemi.com
                                                                                                        ES32F0100/0101/0131 

              Cortex-M0 
               HardFault 

1. 4. 3. 5 PC 
               PC 
              PC 
              

              

               PC  4 
                PC 

                     [PC,#imm]
1. 4. 3. 6 

              APSR
              
              

              

               
               
               Cortex-M0 
              

               "The condition flags"
               "Condition code suffixes"
              
              APSR 
             N --  1 0
              Z --  0  1 0
             C --  1 0
              V --  1 0
               APSR 
              
                232
                0
               
              [31]

V1.6                        536/578
©     http://www.essemi.com
                              ES32F0100/0101/0131 

          

           
           
           
           
           CMP CMN
          

          
           B{cond} APSR 
          

           NZC  V
          

                                                               
EQ        Z=1                  0
NE        Z=0                  0
CS or HS  C=1                 
CC or LO  C=0                 
MI        N=1                 
PL        N=0                  0
VS        V=1                 
VC        V=0                 
HI        C=1 and Z=0         
LS        C=0 or Z=1          
GE        N=V                 
LT        N!=V                
GT        Z=0 and N=V         
LE        Z=1 and N!=V        
AL        Can have any value  

             1-16 

V1.6                                                537/578
©                             http://www.essemi.com
                        ES32F0100/0101/0131 

1. 4. 4 

            

                        
LDR{type}               LDR and STR
LDR         PC          LDRPC 
POP                     PUSH  POP
PUSH                    PUSH  POP
STM                     LDM  STM
STR{type}               LDR and STR
STR{type}               LDR and STR

            1-17 

1. 4. 4. 1 ADR
               PC 

              
              ADR Rd, label

              

              Rd 

              Label  PC 

              
              ADR  PC 
              

              ADR  PC 

               ADR  BX  BLX 
              [0] 1

              
              Rd  R0-R7 PC 
              1020 

              
              

              
                ADR R1, TextMessage;  TextMessage  R1 
                ADR R3, [PC,#996];  R3  PC + 996

1. 4. 4. 2 LDR and STR
              
              

V1.6                                          538/578
©                       http://www.essemi.com
                                                                                                        ES32F0100/0101/0131 

                LDR Rt, [<Rn | SP> {, #imm}]
                LDR<B|H> Rt, [Rn {, #imm}]
                STR Rt, [<Rn | SP>, {,#imm}]
                STR<B|H> Rt, [Rn {,#imm}]
              

              Rt 

              Rn 

              Imm  Rn  imm  0

              
              LDRLDRB  LDRH  Rt 
               Rt  0  32 

              STRSTRB  STRH  Rt 
               Rn  SP 
               imm 

              
              

               Rt  Rn  R0-R7 
               Imm 

                        - 0  1020  LDR  STR  SP 
                             4 

                        - 0  124  LDR  STR  R0-R7 
                             4 

                        - 0  62  LDRH  STRH  2 
                        - 0  31  LDRB  STRB 
              
              
              

               Examples
                LDR R4, [R7];  R7  R4 
                STR R2, [R0,#const-struc]; const-struc  0-1020 
1. 4. 4. 3 LDR and STR
              

              
                LDR Rt, [Rn, Rm]
                LDR<B|H> Rt, [Rn, Rm]
                LDR<SB|SH> Rt, [Rn, Rm]
                STR Rt, [Rn, Rm]
                STR<B|H> Rt, [Rn, Rm]

V1.6                        539/578
©     http://www.essemi.com
      ES32F0100/0101/0131 

              

              Rt 

              Rn 

              Rm 

              
              LDRLDRBULDRSB  LDRSH 0 0 
               Rt 

              STRSTRB  STRH  Rt 
              

               Rn  Rm 

              
              

               RtRn  Rm  R0-R7
              
              
              

              
                STR R0, [R5, R1];  R0  R5  R1 
                LDRSH R1, [R2, R3]; R2 + R3

         32  R1 
1. 4. 4. 4 LDRPC 

              

              
                LDR Rt, label

              

                Rt 

              Label  PC  PC 

              
               label  Rt 

              
              label  PC  1020 

              
              

              
                LDR R0, LookUpTable;  LookUpTable  R0 

V1.6                        540/578
©     http://www.essemi.com
      ES32F0100/0101/0131 

                LDR R3, [PC, #100]; PC + 100 R3 
1. 4. 4. 5 LDM  STM

              

              
                LDM Rn{!}, reglist
                STM Rn!, reglist

              

              Rn 

              !

              reglist 
              

               LDMLDMIA LDMFD LDMIA 
              LDMFD 

               STMSTMIA STMEA STMIA 
              STMEA 

              
              LDM  Rn  reglist 

              STM  reglist  Rn 

               4  Rn  Rn + 4 * n-1

               n  reglist 
              
               Rn + 4 *n 
              Rn 

              
              

               reglist  Rn  R0-R7
                LDM  LDM reglist  Rn

                     
              Rn 
                STM reglist  Rn Rn 
              
              

              
                LDM R0,{R0,R3,R4}; LDMIA  LDM
                STMIA R1!,{R2-R4,R6}

              

V1.6                        541/578
©     http://www.essemi.com
                                                                                                        ES32F0100/0101/0131 

                STM R5!,{R4,R5,R6};  R5 
                LDM R2,{}; 
1. 4. 4. 6 PUSH  POP
              

              
                PUSH reglist
                POP reglist

              

              Reglist 
              

              
              PUSH 
              

              POP 
              

              PUSH  SP  4 POP  SP 
              PUSH  SP 
               POP  SP 
              

               POP  reglist  PC POP 
               PC  Bit[0] EPSR T  1
               

              
              

               reglist  R0-R7
                PUSH  POP LR  PC
              
              

              
                PUSH {R0,R4-R7};  R0R4R5R6R7 

                PUSH {R2,LR};  R2 
                POP {R0,R6,PC};  R0R6  PC  PC 

V1.6                        542/578
©     http://www.essemi.com
                ES32F0100/0101/0131 

1. 4. 5 

            

              
ADCS          ADCADDRSBSBC  SUB
ADD{S}        ADCADDRSBSBC  SUB
ANDS          ANDORREOR  BIC
ASRS          ASRLSLLSR  ROR
BICS          ANDORREOR  BIC
CMN           CMP  CMN
CMP           CMP  CMN
EORS          ANDORREOR  BIC
LSLS          ASRLSLLSR  ROR
LSRS          ASRLSLLSR  ROR
MOV{S}        MOV  MVN
MULS          MULS
MVNS          MOV  MVN
ORRS          ANDORREOR  BIC
REV           REVREV16  REVSH
REV16         REVREV16  REVSH
REVSH         REVREV16  REVSH
RORS          ASRLSLLSR  ROR
RSBS          ADCADDRSBSBC  SUB
SBCS          ADCADDRSBSBC  SUB
SUBS          ADCADDRSBSBC  SUB
SXTB          SXT  UXT
SXTH          SXT  UXT
UXTB          SXT  UXT
UXTH          SXT  UXT
TST           TST

         1-18 

V1.6                                  543/578
©               http://www.essemi.com
      ES32F0100/0101/0131 

1. 4. 5. 1 ADCADDRSBSBC  SUB
              

              
                ADCS {Rd,} Rn, Rm
                ADD{S} {Rd,} Rn, <Rm|#imm>
                RSBS {Rd,} Rn, Rm, #0
                SBCS {Rd,} Rn, Rm
                SUB{S} {Rd,} Rn,
                <Rm|#imm>

              

              S  ADD  SUB 

              Rd 

              Rn 

              Rm 

              Imm 

               Rd  Rn ADDS R1,R2 

              ADDS R1,R1,R2 

              
              ADCS  Rn  Rm  1
               Rd  NZC  V 

              ADD  Rn  Rm  imm  Rd 
              

              ADDS  ADD  NZC  V 

              RSBS  0  Rn  Rd 
               NZC  V 

              SBCS  Rn  Rm  1
               Rd  NZC  V 

              SUB  Rm  imm  Rd 
              

              SUBS  SUB  NZC  V 

               ADC  SBC 

              ADR

              

              ADCADDRSBSBC  SUB 

V1.6                        544/578
©     http://www.essemi.com
                                       ES32F0100/0101/0131 

      

          Rd       Rn      Rm    imm                         
ADCS  R0-R7   R0-R7     R0-R7  -       Rd  Rn 
                                       Rd  Rn 
ADD   R0-R15  R0-R15    R0-PC  -       Rd  Rn  PC
                                        4 
ADDS  R0-R7   SP or PC  -      0-1020   4 
RSBS  SP      SP        -      0-508   -
SBCS  R0-R7   R0-R7     -      0-7     Rd  Rn 
SUB   R0-R7   R0-R7     -      0-255   -
SUBS  R0-R7   R0-R7     R0-R7  -       -
      R0-R7   R0-R7     -      -       Rd  Rn 
      R0-R7   R0-R7     R0-R7  -        4 
      SP      SP        -      0-508   -
      R0-R7   R0-R7     -      0-7     Rd  Rn 
      R0-R7   R0-R7     -      0-255   -
      R0-R7   R0-R7     R0-R7  -

               1-19 ADCADDRSBSBC  SUB 

      
       R0  R1  64  R2  R3 
      64  R0  R1 

      64 

       ADDS R0, R0, R2; 
       ADCS R1, R1, R3; 
       R4R5  R6  96 
       R1R2  R3  96  R4R5  R6 

      96 

       SUBS R4, R4, R1; 
       SBCS R5, R5, R2; 
       SBCS R6, R6, R3; 
       RSBS  1 

      RSBS R7, R7, #0;  0  R7

V1.6                                                         545/578
©                                      http://www.essemi.com
                                                                                                        ES32F0100/0101/0131 

1. 4. 5. 2 ANDORREOR  BIC
               ANDOR

              
                ANDS {Rd,} Rn, Rm
                ORRS {Rd,} Rn, Rm
                EORS {Rd,} Rn, Rm
                BICS {Rd,} Rn, Rm

              

              Rd 

              Rn 

               Rm 
              
              ANDEOR  ORR  Rn  Rm  AND

              BIC  Rn  Rm  AND 

              

              
              RdRn  Rm  R0-R7

              
              

                N  Z 
                C  V 
              

                ANDS R2, R2, R1
                ORRS R2, R2, R5
                ANDS R5, R5, R8
                EORS R7, R7, R6
                BICS R0, R0, R1

V1.6                        546/578
©     http://www.essemi.com
                                                                                                        ES32F0100/0101/0131 

1. 4. 5. 3 ASRLSLLSR  ROR
              

              
                ASRS {Rd,} Rm, Rs
                ASRS {Rd,} Rm, #imm
                LSLS {Rd,} Rm, Rs
                LSLS {Rd,} Rm, #imm
                LSRS {Rd,} Rm, Rs
                LSRS {Rd,} Rm, #imm
                RORS {Rd,} Rm, Rs

              

               Rd  Rd  Rm 
              Rm 

               Rs  Rm 
              Imm 

              

              ASR --  1  32

              LSL --  0  31

              LSR --  1  32

              MOVS Rd, Rm  LSLS Rd, Rm, #0 

              
              ASRLSLLSR  ROR  imm  Rm  Rs
              

             

              
              RdRm  Rs  R0-R7Rd  Rm
              

              
               N  Z 

             C  0 V 

              
                ASRS R7, R5, #9;  9 
                LSLS R1, R2, #3;  3 
                LSRS R4, R5, #6;  6 
                RORS R4, R4, R6;  R6 

V1.6                        547/578
©     http://www.essemi.com
                                                                                                        ES32F0100/0101/0131 

1. 4. 5. 4 CMP  CMN
              

              
                CMN Rn, Rm
                CMP Rn, #imm
                CMP Rn, Rm

              

              Rn 

              Rm 

              Imm 

              
              
              

              CMP  Rn  Rm  imm
              SUBS 

              CMN  Rm  Rn  ADDS 
              

              
              

               CMN 
               RnRm  R0-R7

               CMP 
                        - Rn  Rm  R0-R14
                        -  0-255

              
               NZC  V 

              
                CMP R2, R9
                CMN R0, R2

V1.6                        548/578
©     http://www.essemi.com
                                                                                                        ES32F0100/0101/0131 

1. 4. 5. 5 MOV  MVN
              

              
                MOV{S} Rd, Rm
                MOVS Rd, #imm
                MVNS Rd, Rm

              

             S  S
             
              Rd 
              Rm 
              Imm  0-255 
              
              MOV  Rm  Rd 
              MOVS  MOV  N  Z 
              MVNS  Rm  Rd 
              
              Rd  Rm  R0-R7
               MOV  Rd  PC 
               [0]
               [0] 0 T 

 MOV AMR  BX  BLX


                                                                     549/578
               S                               http://www.essemi.com

                N  Z 
                C  V 

              
                MOVS R0, #0x000B;  0x000B  R0
                MOVS R1, #0x0;  0  R1
                MOV R10, R12;  R12  R10
                MOVS R3, #23;  23  R3
                MOV R8, SP;  R8
                MVNS R2, R0;  R0  R2 

V1.6
©
                                                                                                        ES32F0100/0101/0131 

1. 4. 5. 6 MULS
               32  32 

              
               MULS Rd, Rn, Rm
              

              Rd 

              RnRm 

              
              MUL  Rn  Rm  32 
              Rd 

              

              
              

               RdRn  Rm  R0-R7
               Rd  Rm 
              
              

                        -  N  Z 
                        -  C  V 
              
                MULS R0, R2, R0; R0 = R0 x R2
1. 4. 5. 7 REVREV16  REVSH
              

              
                REV Rd, Rn
                REV16 Rd, Rn
                REVSH Rd, Rn

              

              Rd 

              Rn 

              
              

              REV --  32  32 

              REV16 --  16 
              

V1.6                        550/578
©     http://www.essemi.com
                                                                                                        ES32F0100/0101/0131 

              REVSH --  16  32  16 
               32 

              
              Rd  Rn  R0-R7

              
              

              
                REV R3, R7;  R7  R3
                REV16 R0, R0;  R0  16 
                REVSH R0, R5; 

1. 4. 5. 8 SXT  UXT
               0 

              
                SXTB Rd, Rm
                SXTH Rd, Rm
                UXTB Rd, Rm
                UXTH Rd, Rm

              

              Rd 

              Rm 

              
              

               SXTB [7:0]  32 
               UXTB [7:0]  0  32 
               SXTH [15:0]  32 
               UXTH [15:0]  0  32 
              
              Rd  Rm  R0-R7

              
              

              
                SXTH R4, R6;  R6  32 

        R4
                UXTB R3, R1;  R10  0  R3

V1.6                        551/578
©     http://www.essemi.com
                                                                                                        ES32F0100/0101/0131 

1. 4. 5. 9 TST
              

              
               TST Rn, Rm
              

              Rn 

              Rm 

              
              
              

              TST  Rn  Rm  ANDS 
              

               Rn  0  1 TST  1
               0

              
              Rn  Rm  R0-R7

              
              

                N  Z 
                C  V 
              

                TST R0, R1;  R0  R1 
        

V1.6                        552/578
©     http://www.essemi.com
                                       ES32F0100/0101/0131 

1. 4. 6 

             

                                                                 
B{cc}        {}                        BBLBX  BLX
BL                                     BBLBX  BLX
BLX                                    BBLBX  BLX
BX                                     BBLBX  BLX

                 1-20 

1. 4. 6. 1 BBLBX  BLX
              


 B{cond} label
 BL label
 BX Rm
 BLX Rm



cond  

label  PC   PC 

Rm 

 label  Rm 


 BL  BLX  LR R14
  Rm [0]  0 BX  BLX  HardFault 
BL  BLX  LR [0]  1 POP{PC} 
BX 

 

                       
B label                -2KB +2KB
Bcond label            -256 +254 
BL label               -16MB +16MB
BX Rm                  
BLX Rm                 

                           1-21 

V1.6                                                         553/578
©                                      http://www.essemi.com
                                                                                       ES32F0100/0101/0131 




  BX  BLX  SP  PC
  BX  BLXRm [0]  1[0] 
EPSR T 
Bcond  Cortex-M0 





 B loopA;  loopA
 BL funC;  funC  LR 
 BX LR; 
 BLX R0;  R0 
 BEQ labelD;  labelD Z 

V1.6                        554/578
©     http://www.essemi.com
                            ES32F0100/0101/0131 

1. 4. 7 

                Cortex-M0 

                                     
BKPT                        BKPT
CPSID                       CPS
CPSIE                       CPS
DMB                         DMB
DSB                         DSB
ISB                         ISB
MRS                         MRS
MSR                         MSR
NOP                         NOP
SEV                         SEV
SVC                         SVC
WFE                         WFE
WFI                         WFI
           

            1-22 

1. 4. 7. 1 BKPT
              

              
                BKPT #imm

              

              imm  0-255 

              
              BKPT 
               imm
              

               BKPT  HardFault 
               

              
              

              
              

              
                BKPT #0;  0x0 

V1.6                                              555/578
©                           http://www.essemi.com
                                                                                                        ES32F0100/0101/0131 

1. 4. 7. 2 CPS
               

              
                CPSID i
                CPSIE i

              
              CPS  PRIMASK  PRIMASKCPSID 
               PRIMASKCPSIE 

             

              
              

              
              

              
                CPSID i; NMI  PRIMASK
                CPSIE i;  PRIMASK

1. 4. 7. 3 DMB
              

              
               DMB
              
              DMB  DMB 
               DMB 
              

              
              

              
              

              
               DMB; 
1. 4. 7. 4 DSB
              

              
               DSB
              
              DSB 
              DSB 

V1.6                        556/578
©     http://www.essemi.com
                                                                                                        ES32F0100/0101/0131 

              
              

              
              

              
               DSB 
1. 4. 7. 5 ISB
              

              
               ISB
              
              ISB  ISB 
               ISB 

              
              

              
              

              
                ISB 

1. 4. 7. 6 MRS
              

              
               MRS Rd, spec_reg
              

              Rd 

              spec_reg APSRIPSREPSRIEPSRIAPSREAPSR
              PSRMSPPSPPRIMASK  CONTROL

              
              MRS MRS  MSR 
              -- PSR 

              MSR

              
              Rd  SP  PC

              
              

              

V1.6                        557/578
©     http://www.essemi.com
                                                                                                        ES32F0100/0101/0131 

               MRS R0, PRIMASK;  PRIMASK  R0
1. 4. 7. 7 MSR

              

              
               MSR spec_reg, Rn
              

               Rn 
              spec_reg APSRIPSREPSRIEPSRIAPSREAPSRPSR
              MSPPSPPRIMASK  CONTROL

              
              MSR  Rn 

              MRS

              
              Rn  SP  PC

              
               Rn 

              
                MSR CONTROL, R1;  R1  CONTROL 

1. 4. 7. 8 NOP
              

              
                NOP

              
              NOP 
              

               NOP  64 

              
              

              
              

              
                NOP 

V1.6                        558/578
©     http://www.essemi.com
      ES32F0100/0101/0131 

1. 4. 7. 9 SEV
              

              
                SEV

              
              SEV 
              

               WFE

              
              

              
              

              
                SEV 

1. 4. 7. 10 SVC
              

              
                SVC #imm

              

                Imm  0-255 
              
              SVC  SVC 

               imm imm 
              

              
              

              
              

              
                SVC #0x32; SVC  PC 

        
1. 4. 7. 11 WFE

              

              
                WFE

              

V1.6                        559/578
©     http://www.essemi.com
                                                                                                        ES32F0100/0101/0131 

               0 WFE 

               
                SEVONPEND 
               
                SEV 
               1 WFE  0 

               

              WFE  WFE  NOP 

              
              

              
              

              
                WFE 

1. 4. 7. 12 WFI
              

              
                WFI

              
              WFI 

               
                PRIMASK 
               
              WFI  WFI  NOP 

              
              

              
              

              
                WFI 

V1.6                        560/578
©     http://www.essemi.com
                                    ES32F0100/0101/0131 

1. 5 

1. 5. 1  ARM Cortex-M0

            PPB

                                                      
0xE000E008-0xE000E00F                SCB 
0xE000E010-0xE000E01F               
0xE000E100-0xE000E4EF                NVIC 
0xE000ED00-0xE000ED3F                SCB 
0xE000EF00-0xE000EF03                NVIC 

                        1-23 


RW -- 
R -- 
W -- 

1. 5. 2 

            NVICNVIC 

               32 
                0~3 

                      0 
               
               
               NMI
            
            NVIC 

                                                            
0xE000E100             ISER    RW  0x00000000  
0xE000E180             ICER    RW  0x00000000  
0xE000E200             ISPR    RW  0x00000000  
0xE000E280             ICPR    RW  0x00000000  
0xE000E400-0xE000E41C  IPR0-7  RW  0x00000000  

                        1-24 NVIC 

V1.6                                                                 561/578
©                                              http://www.essemi.com
                                                ES32F0100/0101/0131 

1. 5. 2. 1  CMSIS  Cortex-M0 NVIC 
              CMSIS  Cortex-M 

 CMSIS  NVIC 

                         CMSIS                                            
void NVIC_EnableIRQ(IRQn_Type IRQn)[1]          
void NVIC_DisableIRQ(IRQn_Type IRQn)[1]         
void NVIC_SetPendingRQ(IRQn_Type IRQn)[1]        1
void NVIC_ClearPendingIRQ(IRQn_Type IRQn)[1]     0
Uint32_t NVIC_GetPendingIRQ(IRQn_Type           
IRQn)[1]                                         1 0 
void NVIC_SetPriority(IRQn_Type IRQn, uint32_t  
priority)[1]                                     1
                                                
Uint32_t NVIC_ GetPriority (IRQn_Type IRQn)[1]  

            1-25 CMSIS  NVIC 

[1] IRQn  IRQ 

1. 5. 2. 2 
              ISER    NVIC 

            

              

                                                    
[31:0]     SETENA
                                                -
                                                
                                                0=
                                                1=
                                                
                                                0=
                                                1=

                             1-26 ISER 

NVIC 

NVIC 

V1.6                                                                      562/578
©                                                   http://www.essemi.com
                                      ES32F0100/0101/0131 

1. 5. 2. 3 
              ICER  NVIC  

        

                                           
        [31:0]           CLRENA
                                 -
                                 
                                 0=
                                 1=
                                 
                                 0=
                                 1=

                          1-27 ICER 

1. 5. 2. 4 
              ISPR 

            NVIC 

              

                                       
[31:0]          SETPEND                -
                                       
                                       0=
                                       1=
                                       
                                       0=
                                       1=

                          1-28 ISPR 

         ISPR  1 
         
         

V1.6                                                             563/578
©                                          http://www.essemi.com
                                           ES32F0100/0101/0131 

1. 5. 2. 5 
              ICPR 

            NVIC  

              

                                          
[31:0]  CLRPEND                           -
                                          
                                          0=
                                          1=
                                          
                                          0=
                                          1=

                                1-29 ICPR 

 ICPR  1 

1. 5. 2. 6 
              IPR0-IPR7  8 
                NVIC  

               4 

                                1-12 IPR 

                               
[31:24] Priority,byte offset3
[23:16] Priority,byte offset2  0~3
[15:8] Priority,byte offset1    bit[7:6]bit[5:0] 0
[7:0] Priority,byte offset0    

                                       1-30 IPR 

V1.6                                                                564/578
©                                             http://www.essemi.com
                                                                                                        ES32F0100/0101/0131 

             
             CMSIS  Cortex-M0 NVIC 

               M  IPR 

                IPR  N N = N/4 
                M MOD 4M  4 

                        -  0 [7:0]
                        -  1 [15:8]
                        -  2 [23:16]
                        -  3 [31:24]
1. 5. 2. 7 
              

              
               ISR 
               NVIC 
               NVIC 

               ISP 
               ISR 
               ISR
              

              
              Cortex-M0 

               NVIC 
               NVIC 
               - 
              

                ISR
                        -  ISR NVIC 
                             ISR
                            
                        - NVIC 
                             ISR 
                             ISR
                             ISR  ISR 
                            

               - 
                     

              

                        - 

V1.6                        565/578
©     http://www.essemi.com
                                                       ES32F0100/0101/0131 

                        - 
1. 5. 2. 8 NVIC 

               NVIC 



NVIC 
 CPSIE i  CPSID i CMSIS 


 void __disable_irq(void) // 
 void __enable_irq(void) // 
CMSIS  NVIC 

                      CMSIS                                                   
void NVIC_EnabelIRQ(IRQn_t IRQn)                        IRQn
void NVIC_DisabelIRQ(IRQn_t IRQn)                       IRQn
uint32_t NVIC_GetPendingIRQ(IRQn_t IRQn)                IRQn  True1
void NVIC_SetpendingIRQ(IRQn_t IRQn)                    IRQn 
void NVIC_ClearpendingIRQ(IRQn_t IRQn)                  IRQn 
void NVIC_SetPriority(IRQn_t IRQn, uint32_t priority)   IRQn 
uint32_t NVIC_GetPriority(IRQn_t IRQn)                  IRQn 
void NVIC_SystemReset(void)                            

 1-31 CMSIS  NVIC 

 IRQn  IRQ 

V1.6                                                                         566/578
©                                                      http://www.essemi.com
                                         ES32F0100/0101/0131 

1. 5. 3 

            SCBSCB
            

                                                              
0xE00ED00  CPUID      R      0x410CC200  CPUID 
0xE00ED04  ICSR       RW[1]  0x00000000  
0xE00ED0C  AIRCR      RW[1]  0xFA050000  
0xE00ED10  SCR        RW     0x00000000  
0xE00ED14  CCR        R      0x00000204  
0xE00ED1C  SHPR2      RW     0x00000000   2
0xE00ED20  SHPR3      RW     0x00000000   3

                       1-32 SCB 

[1]

1. 5. 3. 1 Cortex-M0 SCB  CMSIS 

              CMSIS  SCB  CMSIS  SHP[1]
               SHPR2-SHPR3

1. 5. 3. 2 CPUID 

              CPUID  SCB 
              CPUID 

                                                                 
[31:24]  Implementer  0x41=ARM
[23:20]  Variant       rnpn  r 0x0= 0
[19:16   Consant      0xC=ARMv6-M 
[15:4]   Partno       0xC20=Cortex-M0
[3:0]    Revision      rnpn  p 0x0=Patch0

                             1-33 CPUID 

1. 5. 3. 3 

              ICSR
               

                        - NMI- 
                        -  PendSV  SysTick - - 
               

                        - 
                        - 
                        - 
                        - 

V1.6                                                           567/578
©                                        http://www.essemi.com
                     ES32F0100/0101/0131 

   ICSR  SCB ICSR 

                                                          
                     NMI -
[31] NMIPENDSET  RW  
                     0=
[30:29] -        -   1= NMI 
[28] PENDSVSET   RW  
[27] PENDSVCLR   W   0=NMI 
[26] PENDSTSET   RW  1=NMI 
                      NMI 
[25] PENDSTCLR   W    1  NMI 
                 -    NMI 
[24:23] -        R    NMI 
[22] ISPRENDING       1
                     
                     PendSV -
                     
                     0=
                     1= PendSV 
                     
                     0=PendSV 
                     1=PendSV 
                      1  PendSV 
                     PendSV -
                     
                     0=
                     1= PendSV 
                     SysTick -
                     
                     0=
                     1= SysTick 
                     
                     0=SysTick 
                     1=SysTick 
                     SysTick -
                     
                     0=
                     1= SysTick 
                     
                     
                     
                      NMI 
                     0=

V1.6                                       568/578
©                    http://www.essemi.com
                                         ES32F0100/0101/0131 

                                                                 
                        -   1=
[21:18] -               R   
                        -   
[17:12] VECTPEDING          0=
                        R   =
[11:6] -                    
                            
[5:0] VECTSCTIVE[1]         0=Thread 
                            =
                             16  CMSIS IRQ 
                            ----
                             IPSR 

                             1-34 ICSR 

[1] IPSR [5:0] 

            ICSR 

                1  PENDSVSET  1  PENDSVCLR 
                1  PENDSTSET  1  PENDSTCLR 

1. 5. 3. 4 
              AIRCR 
              "SCB ""AIRCR "

            VECTKEY  0x05FA

           

           AIRCR 

                                                                
[31:16]  Read:Reserved  RW  
         Write:VECTKEY      
[15]                    R    0x05FA  VECTKEY
[14:3]   ENDIANESS      -   
[2]      -              W   
[1]      SYSRESETREQ    W   0=
         VECTCLRACTIVE      1=
                            
                            
                            0=
                            1=
                             0
                             0

V1.6                                                           569/578
©                                        http://www.essemi.com
                                       ES32F0100/0101/0131 

                                                             
                      -   0
[0]      -               

                          1-35 AIRCR 

1. 5. 3. 5 

              SCR  SCB  
              SCR 

                                                                  
[31:5]   -            
                      
[4]      SEVONPEMD    0=
                      1=
[3]      -             WFE 
[2]      SLEEPDEEP     WFE
                       SEV 
[1]      SLEEPONEXIT  
[0]      -            
                      0=
                      1=
                       sleep-on-exit 
                      0=
                      1= ISR 
                       1 
                      
                      

                       1-36 SCR 

1. 5. 3. 6 

              CCR  Cortex-M0  CCR 
               SCB 
              CCR 

                                                                 
[31:10]  -            
                       1 8 
[9]      STKALIGN      PSR  bit[9]
                      
[8:4]    -            
[3]      UNALIGN_TRP   1 HardFault
[2:0]    -            

                       1-37 CCR 

V1.6                                                         570/578
©                                      http://www.essemi.com
                    ES32F0100/0101/0131 

1. 5. 3. 7 
              SHPR2-SHPR3 0-3
              SHPR2-SHPR3  SCB 
               CMSIS  CMSIS 
                uint32_t NVIC_GetPriority(IRQn_Type IRQn)
                void NVIC_SetPriority(IRQn_Type IRQn, uint32_t priority)
               IRQn  IRQ 

              

                                                  
SVCall   PRI_11      2
PendSV   PRI_14
SysTick  PRI_15      3

                  1-38 

          PRI_N  8  bit[7:6]  bit[5:0]  0
         

          2
         

                                                        
[31:24]  PRI_11      11SVCall
[23:0]   -          

                     1-39 SHPR2 

          3
         

                                                           
[31:24]  PRI_15   15SysTick 
[23:16]  PRI_14   14PendSV
[15:0]   -       

                    1-40 SHPR3 

1. 5. 3. 8 SCB 
               32  SCB 

V1.6                                                                               571/578
©                                                            http://www.essemi.com
                                        ES32F0100/0101/0131 

1. 5. 4 SysTick

            SYST_CVR
            SYST_RVR
            COUNTFLAG  1
            SYST_CSR  COUNTFLAG 

         SYST_CVR 
          SYST_RVR 

          SYST_RVR  0 0
          SYST_CVR 
          COUNTFLAG  SYST_RVR 
          SYST_CVR SysTick 
         

         

         

                                                           
0xE000E010  SYST_CSR    RW  0x00000000  SysTick 
0xE000E014  SYST_RVR    RW              SysTick 
0xE000E018  SYST_CVR    RW              SysTick 
0xE000E01C  SYST_CALIB  R   0x00000004  SysTick 

                     1-41 

1. 5. 4. 1 SysTick 
              SYST_CSR  SysTick 
              

                                                              
[31:17]  -          
[16]     COUNTFLAG   0 1
[15:3]   -          
                     SysTick 
[2]      CLKSOURCE  0=
                    1=
[1]      TICKINT     SysTick 
                    0= SysTick 
[0]      ENABLE     1= SysTick 
                    
                    0=
                    1=

                           1-42 SYST_CSR 

V1.6                                                          572/578
©                                       http://www.essemi.com
                                    ES32F0100/0101/0131 

1. 5. 4. 2 SysTick 
              SYST_RVR  SYST_CVR 
              

                                                                
[31:24]  -       
                  0  SYST_CVR 
[23:0]   RELOAD  RELOAD 

                    1-43 SYST_RVR 

            RELOAD 
           RELOAD  0x00000001-0x00FFFFFF  RELOAD
            0 1  0  SysTick 
           COUNTFLAG 

            N  RELOAD 
            N-1 100  SysTick RELOAD 
            99

1. 5. 4. 3 SysTick 
              SYST_CVR  SysTick  
               

                   

[31:24] -        

                               SysTick 
[23:0] CURRENT

                               SYST_CSR  COUNTFLAG 

                    1-44 SYST_CVR 

1. 5. 4. 4 SysTick 
              SYST_CALIB  SysTick  
               

              

                   

[31] NOREF  1

                          1 TENMS 10ms 
[30] SKEW

                          SysTick 

[29:24] -        

[23:0] TENMS  0

                    1-45 SYST_CALIB 

           

V1.6                                                        573/578
©                                     http://www.essemi.com
                                                                                                        ES32F0100/0101/0131 

1. 5. 4. 5 SysTick 
               SysTick 
              SysTick 
               SysTick 
               SysTick  SysTick 
              
               1 
               2 
               3 

V1.6                        574/578
©     http://www.essemi.com
                      ES32F0100/0101/0131 

1. 6 Cortex-M0 

                                            
Move      8           MOVS Rd,#<imm>        1
          R0-R7R0-R7  MOVS Rd,Rm            1
Add                   MOV Rd,Rm             1
           PC         MOVS PC,Rm            3
Subtract  3           ADDS Rd,Rn,#<imm>     1
Multiply  R0-R7       ADDS Rd,Rn,Rm         1
Compare               ADD Rd,Rn,Rm          1
Logical    PC         ADD PC,PC,Rm          3
          8           ADDS Rd,Rn,#<imm>     1
Shift                 ADCS Rd,.Rd,Rm        1
Rotate     SP         ADD SP,SP, #<imm>     1
Load       SP         ADD Rd,SP, #<imm>     1
           PC         ADR Rd<label>         1
          R0-R7R0-R7  SUBS Rd,Rn,Rm         1
          3           SUBS Rd,Rn, #<imm>    1
          8           SUBS Rd,Rd, #<imm>    1
                      SBCS Rd,Rn,Rm         1
           SP         SUB SP,SP, #<imm>     1
                      RSBS Rd,Rn,#0         1
                      MULS Rd,Rm,Rd         1
                      CMP Rn,Rm             1
                      CMN Rn,Rm             1
                      CMP Rn, #<imm>        1
                      ANDS Rd,Rd,Rm         1
                      EORS Rd,Rd,Rm         1
                      ORRS Rd,Rd,Rm         1
                      BICS Rd,Rd,Rm         1
                      MVNS Rd,Rm            1
                      TST Rn,Rm             1
                      LSLS Rd,Rm,#<shift>   1
                      LSLS Rd,Rd,Rs         1
                      LSRS Rd,Rm, #<shift>  1
                      LSRS Rd,Rd,Rs         1
                      ASRS Rd,Rm, #<shift>  1
                      ASRS Rd,Rd,Rs         1
                      RORS Rd,Rd,Rs         1
                      LDR Rd,[Rn, #<imm>]   2
                      LDRH Rd,[Rn, #<imm>]  2

V1.6                                                              575/578
©                                           http://www.essemi.com
                                                                 ES32F0100/0101/0131 

                                                                 
                                                                 2
Store         LDRB Rd,[Rn, #<imm>]                               2
Push                                                             2
Pop           LDR Rd,[Rn,Rm]
Branch                                                           2
Extend        LDRH Rd,[Rn,Rm]
Reverse                                                          2
State    
change                                         LDRSH Rd,[Rn,Rm]  2

                                                                 2
                                                                 2
              LDRB Rd,[Rn,Rm]                                    1+N[1]
                                                                 1+N[1]
                                                                 2
                                               LDRSB Rd,[Rn,Rm]  2
                                                                 2
                                                                 2
                                                                 2
         PC   LDR Rd,<label>                                     2
                                                                 2
         SP   LDR Rd,[SP,#<imm>                                  1+N[1]
                                                                 1+N[1]
              LDM Rn!,{<loreglist>}                              1+N[1]
                                                                 1+N[1]
              LDM Rn,{<loreglist>}                               4+N[2]
                                                                 1 or 3 [3]
              STR Rd,[Rn, #<imm>]                                3
                                                                 4
              STRH Rd,[Rn, #<imm>]                               3
                                                                 3
              STRB Rd,[Rn, #<imm>]                               1
                                                                 1
              STR Rd,[Rn,Rm]                                     1
                                                                 1
              STRH Rd,[Rn,Rm]                                    1
                                                                 1
              STRB Rd,[Rn,Rm]                                    1
                                                                 -[4]
         SP   STR Rd,[SP,#<imm>                                  1
                                                                 1
              STM Rn!, {<loreglist>}                             4
                                                                 4
              PUSH{<loreglist>}

              PUSH{<loreglist>,LR}

              POP{<loreglist>}

              POP{<loreglist>,PC}

              B<cc><label>

              B<label>

              BL<label>

              BX Rm

              BLX Rm

              SXTH Rd,Rm

              SXTB Rd,Rm

              UXTH Rd,Rm

              UXTB Rd,Rm

              REV Rd,Rm

              REV 16 Rd,Rm

              REVSH Rd,Rm

              SVC<imm>

              CPSID i

              CPSIE i

              MRS Rd,<specreg>

              MSR <specreg>,Rn

V1.6                                                                                   576/578
©                                                                http://www.essemi.com
              ES32F0100/0101/0131 

                                       
                             SEV       1
                             WFE       2[5]
                             WFI       2[5]
                             YIELD[6]  1
                             NOP       1
Hint                         ISB       4
                             DMB       4
                             DSB       4

               1-46 Cortex M0 

      

MOVBarriers 

      

[1]N 
[2]N  PC  HardFault 
[3] 3 1
[4]
[5]
[6] NOP 

V1.6                                                         577/578
©                                      http://www.essemi.com
                    ES32F0100/0101/0131 

                               
 V1.0   2021-03-17
V1.0.1                                            
         2021-4-9                                    
V1.0.2
 V1.1   2021-5-20   1. IAP INFO 
 V1.2   2021-9-29   2. VDDSCALAR 
 V1.3   2021-12-9   3. PA5  ADC  VREFN 
        2022-8-25   4. ADC_CCR  PWRMODSEL 
 V1.4               1. "ADC " ADC 
        2023-3-15   VREF1V 
 V1.5               2.  PMU_CR  LPVS
         2023-8-7    PMU_CR 
 V1.6               1. USART  IDLEFE 
        2024-5-16   
                    2.
                    1. ES32F0101 
                    1.  ES32F0131 
                    2. 
                    1.  CFG_WORD 
                    2.  HOSC 
                    
                    3.  RMU_CRRMU_RSTSRRMU_CRSTSR 
                    
                    4.  ADC 
                    1.  SYSCLK 
                     1 
                    2.  PMU_CR 
                    STOP  BGSTOP=1  BOR/LVD 
                    
                    3.  IAP  R3 
                    4.  USART 
                     1~12MHz

V1.6                                      578/578
©                   http://www.essemi.com
